study_hours,attendance,sleep_hours,internet_usage,assignments_completed,previous_score,exam_score
4,41,7.7,3.2,2,43,46.01
18,45,7,1.3,1,57,67.14
20,41,6.8,7.4,8,83,88.46
19,57,8,1.1,2,84,87.33
5,53,8.8,4,1,78,55.87
12,78,5.3,1.4,7,98,92.56
13,45,6.8,8.5,9,76,81.54
3,42,7.3,8,1,59,45.96
13,57,6.3,8.5,2,77,66.27
9,84,8.7,6.8,9,51,78.75
8,50,6.3,3.4,10,58,76.08
2,54,8.1,8.2,6,64,51.61
19,96,7.6,2.9,7,80,100
15,49,5.3,3.2,8,98,91.86
19,67,8.5,4.6,3,47,76.36
3,88,4.2,2,10,50,75.04
14,78,4.3,4.4,7,97,92.48
18,95,8.7,7.1,1,98,98.5
11,47,5.5,2.4,0,63,63.31
6,72,8.6,8.8,4,94,76.23
5,63,7.8,5.9,8,30,57.5
16,41,4.6,4.3,4,60,62.97
19,100,4.4,7.6,1,98,95.77
5,82,6.4,5.9,4,97,81.85
14,53,8.6,7.8,3,69,69.76
12,68,8.5,5.1,3,58,64.67
1,77,6.8,6.3,0,39,40.7
2,54,4.3,1.3,5,39,47.13
9,82,6.4,5.9,9,90,88.5
16,91,6,1.8,10,85,100
14,69,8.3,1.5,10,42,80.24
11,91,8.3,3.2,3,98,91.19
14,51,5.4,3.2,1,86,77.33
18,46,4.3,10,0,41,55.18
8,50,6,5.3,6,37,50.38
1,64,5.3,8.1,7,66,56.64
18,82,7.6,2.4,4,57,91.44
19,87,6.7,7.7,0,36,66
17,98,8.3,2.4,8,40,95.38
3,78,4.3,8.8,6,45,56.86
19,55,6.9,1.4,1,83,86.42
19,73,5.6,3.3,10,70,97.03
13,48,7.4,3.7,5,39,57.39
20,76,9,1.7,3,94,99.48
12,96,4.3,3.2,4,50,72.02
18,85,5.5,9.9,10,97,99.84
18,59,8.7,1.9,2,63,75.28
4,87,6.8,3.5,9,56,77.22
7,83,7.2,3.4,7,62,81.55
2,45,7.2,8.5,0,30,24.39
5,80,8.9,2.5,7,100,93.55
18,40,4.6,9.5,2,99,71.45
12,77,6.8,4.9,0,69,66.49
2,97,5.8,7.1,10,43,64.55
18,96,8.4,9.8,2,60,84.06
6,96,6.1,2.6,5,82,85.15
8,57,4.8,7.3,6,34,55.81
8,52,8.1,5.1,4,59,58.7
7,65,5.6,8.8,4,74,64.77
13,83,8.9,5.8,0,44,67.25
9,51,6.9,9.9,0,43,42.99
12,86,7.9,4.9,8,44,77.9
19,52,5.3,7.4,0,96,83.97
18,83,7.6,7.7,10,55,91.54
3,100,7.3,4,5,45,65.9
10,72,5.5,4.7,6,67,75.55
7,66,7.3,4.4,2,68,61.83
1,59,5.4,4.9,9,71,65.61
15,83,5.1,5.3,2,40,61.88
20,61,4.5,9.6,3,69,71.95
7,49,4.1,3.2,7,39,54.93
19,52,7.6,4.5,6,61,79.49
1,97,7.8,7.9,1,84,59.64
17,69,4.3,3.2,1,88,77.71
15,82,6.7,6,5,86,91.79
17,67,8.2,5.9,2,90,85.99
8,93,7.2,7.9,8,92,91.91
9,68,4.4,3.6,4,72,67.62
18,45,4.7,3.1,2,57,62.76
14,61,6.7,4.7,3,83,78.06
19,100,7.5,8.7,9,78,100
12,59,7.8,8.7,6,98,88.78
18,91,7,3,3,64,86.58
1,64,5.7,7.1,6,51,54.93
5,79,6.7,9.2,9,33,54.1
14,48,8.3,2.6,4,78,78.29
15,60,5.7,8.9,4,83,74.47
3,70,4.1,5.9,5,58,57.02
2,88,4.2,3.2,0,49,43.3
16,82,4.6,9.5,7,62,83.92
6,78,7,7.7,1,50,56.98
4,77,4.1,3.8,10,78,78.33
7,44,7,8.5,3,43,47.57
10,94,7.4,8.2,9,35,71.15
14,82,5.9,5.6,5,31,70.57
16,46,6.2,4.3,7,49,72.87
17,81,5.4,8.3,8,91,97.51
19,57,5.6,3.2,1,65,79.05
8,88,6.3,6.5,6,73,71.8
11,51,6.4,4.2,4,73,68.09
20,84,8.4,6,8,54,89.31
14,71,6.8,3.2,7,92,95.29
1,45,5.5,4.6,3,69,50.92
12,70,6.8,4.1,8,72,84.18
15,57,5.5,3.1,3,70,70.28
18,100,7.8,2.7,3,91,98.98
19,88,6.6,3.5,1,54,76.27
12,51,5.5,7.4,2,65,54.9
2,75,5.5,9.5,10,92,72.88
1,76,5.4,5.3,5,53,59.47
9,100,8.3,2,1,81,80.96
19,80,7.4,2.4,9,68,97
8,47,6.8,4.7,9,58,73.52
13,68,8.5,3.7,9,84,94.06
20,43,7,7.7,3,57,68.03
3,50,5.2,6,2,30,32.54
20,70,5.5,3.1,4,88,89.85
8,99,5.3,8.1,9,55,75.91
18,54,7.2,9.2,2,39,54.66
10,78,7.7,6.1,4,86,76.33
10,84,6,3.5,8,93,93.75
20,42,8.4,7.6,9,62,81.89
8,83,8.2,6.2,0,64,62.9
6,70,6.6,5,4,53,65.38
14,80,8.1,9.7,7,74,84.92
11,82,4.5,2.4,6,93,87.86
13,92,7.8,1.3,1,70,77.79
4,89,6,5.6,0,99,68.99
2,52,6.6,6.6,7,86,70.24
7,57,6.7,9.3,7,92,71.15
20,91,5.2,2.4,8,31,87.22
3,54,9,9.2,7,45,54.77
5,71,8.7,3.6,4,83,78.11
16,55,6.3,2.3,3,95,90.57
5,95,4.3,8,6,73,76.02
17,57,8.1,3.5,4,92,95.95
15,74,6.4,4,8,78,92.94
11,95,4.9,7.3,9,79,87.03
14,42,5.6,5.3,6,79,83.58
5,71,8.8,2.1,9,72,86.75
15,46,6.6,5.1,2,82,78.47
5,44,6.3,9.7,5,80,61.16
11,94,7.4,5.8,5,92,95.35
2,79,4.3,6.7,4,59,56.57
14,46,7.8,7.3,1,86,67.16
10,97,4.1,3.9,0,67,65.37
14,49,5.2,4.7,10,53,74.03
3,79,8.4,6.6,3,93,76.48
5,54,6.3,3.3,4,31,51.25
15,97,5.4,5.9,1,86,89.27
19,59,7.2,4.8,4,88,95.23
7,64,8.3,2,6,75,78.56
10,41,8.9,6.9,4,31,51.02
2,98,7,5.5,4,59,64.08
12,54,7.2,6.6,10,47,75.88
2,59,7.9,1.3,5,46,50.41
10,60,7.7,2.6,2,99,85.16
12,73,6.5,3.5,2,62,74.72
16,91,5.5,8.8,1,89,87.9
5,88,8.8,8.7,10,80,90.97
18,63,4.5,4.6,4,98,87.03
12,83,7.7,3.4,6,77,83.89
8,70,4.1,9,8,71,76.4
8,81,4.3,8.4,4,82,66.01
2,100,4.2,10,1,42,38.86
18,48,5.9,4.3,8,83,93.63
5,96,6.1,1.9,7,82,90.39
9,42,7.5,3,7,60,73.67
4,83,5.8,9.1,10,75,71.34
9,52,8.8,9.5,7,41,61.31
20,41,4.3,4,2,56,63.03
18,53,6.9,8.3,3,72,78.92
20,40,5.4,9.9,2,99,77.59
6,47,7.3,1.2,0,75,61.79
8,77,5.6,2.6,0,46,56.67
17,47,7.7,5.3,5,95,91.31
15,72,5.1,6.5,10,96,98.14
1,43,9,8.6,6,43,44.73
15,44,8.5,3.9,2,38,54.91
20,80,6.9,7.4,6,97,100
17,78,6.2,8.1,1,100,89.19
7,67,6.3,3.1,5,88,76.69
4,60,6.1,7,5,49,54.16
16,44,4.5,1.8,6,42,71.54
12,91,4.7,1.5,8,72,93.33
14,62,8.4,9.5,6,36,70.3
20,59,5.8,6.2,3,49,73.59
8,94,4.5,8.6,5,44,64.05
19,54,8,8.6,9,33,77.31
9,41,4.9,7.3,4,73,58.54
6,95,4.7,6.9,1,48,55.78
1,45,7.7,2.9,6,88,65.58
12,59,7.6,8,9,40,74.27
5,50,7.8,1.4,1,64,55.08
14,71,7,4.7,3,95,82.42
14,47,5.4,7.1,7,97,88.34
2,54,6,6.4,0,56,37.32
7,89,4.7,3.3,5,45,58.18
14,51,4.6,5.8,3,94,78.37
12,44,6,7.7,6,32,54.02
3,95,5.6,4.9,6,83,73.94
13,41,8.8,2.5,9,88,96.79
12,45,6.2,2,6,81,80.58
13,95,5.6,4.1,5,51,72.19
4,73,6.5,9.2,5,74,66.18
5,55,4.5,3.3,2,49,50.47
3,51,8.8,6.7,7,87,73.48
19,81,7.2,6.6,10,70,96.6
3,70,6.2,3.7,4,37,47.56
3,59,6.3,1.3,5,66,57.83
3,79,7,4.5,9,100,93.4
2,68,8.5,6.1,3,71,60.36
17,49,8.8,5.1,5,40,70.26
6,42,5.2,4.9,7,97,75.31
6,63,5.9,3.5,6,73,72.88
2,90,7.2,4,5,42,58.64
13,58,5.3,8.7,9,49,69.06
19,82,4.7,4.1,10,80,100
3,59,6.8,6.8,5,46,52.05
17,45,7.2,4.8,5,32,62.74
6,100,5.1,9.5,7,54,64.34
5,49,4.4,8.6,1,94,59.48
17,42,7.3,8.9,9,46,75.23
5,50,4.9,7.2,9,51,61.53
2,66,5.8,7.5,7,66,63.79
15,54,6.7,3.8,7,54,75.65
19,68,6.3,3.5,6,94,100
6,92,5,6.4,4,36,56.49
12,75,8.7,7.4,8,45,72.81
6,57,6.2,5.6,6,41,60.05
8,92,6.3,4.1,0,83,66.3
17,63,5.2,10,5,58,66.03
4,93,7.6,4,2,47,52.03
16,84,8.2,7.8,7,87,98.62
3,41,5.3,8.5,8,97,68.09
10,55,5.5,1.4,6,88,77.1
16,78,6.7,6.7,9,60,91.26
10,67,4,4.2,9,83,81.6
3,73,8.9,1.6,8,99,89.12
17,75,4.1,8.9,0,79,77.64
9,87,4.1,8.1,5,60,69.87
4,89,6.9,7.8,2,35,45.36
11,92,7.2,8.5,10,89,100
16,80,4.9,2.2,7,34,74.2
2,90,5,1.4,4,95,75.68
18,70,5.3,7.8,3,66,74.34
2,95,7.3,3.5,5,85,81.68
15,97,8.8,4.1,2,93,97.11
12,99,8,3.4,1,84,79.7
20,92,4.9,3.6,1,40,71.42
10,59,6.2,7.5,2,86,66.71
2,86,8.4,4.2,6,65,71.25
2,44,7.4,4.7,8,50,61.21
5,94,7,8,0,46,44.61
12,63,5.9,6.1,9,49,76.28
12,63,6.2,1.7,2,97,81.09
11,81,5.4,9.6,0,53,54.82
13,98,6.8,3.4,4,87,88.93
20,58,7.5,10,3,45,63.73
3,68,4.9,7.4,1,70,52.19
3,75,6.7,9,2,52,51.01
17,54,4.6,2.8,2,60,73.6
1,63,6.8,4.3,8,46,58.45
3,44,5.5,10,7,97,65.23
14,92,6.9,2.1,5,39,76.18
17,62,4.6,8.5,8,53,80.03
5,67,6.5,8.8,1,96,59.69
6,50,5.6,7.4,5,96,74.96
3,56,5,9.6,4,46,43.6
20,74,4.5,6.8,9,49,82.55
20,86,8.5,4,9,35,95.4
1,45,4.2,6.8,9,63,57.8
19,66,7.1,1.3,10,99,100
10,70,5.2,8.3,6,68,70.28
2,50,6.2,5.4,3,73,54.62
11,95,7.6,7.6,5,81,80.74
12,72,6.8,3.9,7,45,70.87
8,49,4.5,3.6,6,83,69.43
6,92,5.6,6.2,5,54,68.28
16,72,6.3,8.9,7,32,63.94
13,72,6.3,3.2,9,75,86.24
10,71,7,8.6,10,90,87.98
1,94,4.5,2.2,4,76,70.57
12,42,6,6.1,3,76,67.24
3,64,6.5,7.9,4,45,42.74
4,65,5.9,9.9,8,76,70.49
7,78,6.5,5.5,0,34,41.54
11,91,6.4,5.1,9,95,95.31
20,60,4.8,9.9,4,73,78.95
17,74,6.4,6.1,7,32,72.2
4,66,6.9,8.2,10,33,58.94
9,81,7.9,8,9,59,81.29
19,70,4.9,6.7,9,78,91.95
8,42,6.9,7.3,3,32,42.17
14,49,6.1,2.8,8,90,95.84
2,85,4.7,2.9,5,91,74.7
11,51,6.3,5.8,8,75,80.72
9,79,6.4,9.6,4,68,64.03
10,89,5.4,2.9,7,70,83.99
18,99,8.7,7.5,4,45,82.37
18,64,8.5,4.6,5,48,76.29
10,85,4.4,9.3,10,62,82
7,52,8.1,3.4,8,64,68.67
20,87,6.9,3.2,10,97,100
8,43,4.5,4,7,42,58.52
5,40,8.8,9.8,2,82,57.29
16,70,7.3,7.8,4,71,77.08
2,98,7.8,6.9,3,98,78.62
2,98,8.6,4.8,2,34,56.99
13,90,6.5,9.4,4,34,56.91
19,78,4.5,9.8,4,88,93.47
18,73,6.5,9.4,8,89,94.12
4,61,4.8,5.1,4,53,46.08
11,90,5.5,7.1,3,52,67.23
13,92,6.1,4,6,42,72.04
5,70,5.6,3.2,4,79,65.75
9,61,5.5,7.5,0,63,54.89
8,43,7.3,5.2,2,81,65.34
10,84,4.6,9.2,4,77,73.3
8,48,6.4,5.1,9,77,76.17
18,98,6.4,5.8,10,57,100
20,95,7.9,5.7,8,76,100
19,47,4.3,5.9,8,55,79.98
5,50,5.6,5.7,1,56,48.22
16,45,8.5,5,0,88,71.23
14,69,6.8,6,10,69,92.69
13,56,8.1,7.7,9,39,65.46
12,84,4.3,9.9,1,90,66.84
14,51,7.8,7.9,10,83,88.9
13,68,8.3,9.2,6,40,68.65
18,48,7.3,4.1,2,98,85.98
5,86,8.9,8.5,0,68,57.94
18,67,6.7,8.4,3,88,83.34
9,52,8.7,7.5,1,34,48.95
14,79,7.8,9,0,60,61.58
4,78,4.2,6.4,0,61,51.43
13,68,5.2,3,0,47,58.59
10,54,8.1,7.6,5,71,66.86
5,82,6.6,4.7,4,37,55.5
19,96,7.7,2.6,10,84,100
2,62,8.7,7,8,70,69.9
14,49,5.5,2.7,8,90,87.64
8,59,8.3,2.3,7,37,65.36
14,75,6.6,4.5,4,56,72.33
3,99,6.2,4.3,8,54,66.21
13,83,7,1.4,1,54,74.71
19,86,7.4,3,3,72,88.92
1,53,8.7,9.7,1,91,59.06
20,85,5,9.2,8,71,97.36
13,69,6.7,4.2,4,76,79.94
16,69,4.5,9.8,7,70,85.22
12,60,6.1,6.1,3,48,54.21
18,99,6.9,7.5,4,49,77.28
8,64,6.8,3.2,8,73,76.85
16,86,7.2,5.4,2,75,79.17
18,71,4.9,9,10,37,78.72
3,100,8.1,1.4,0,82,66.27
8,44,7.5,1.1,8,88,82.18
20,80,7.3,6.5,7,92,98.65
18,75,6.1,1.2,4,98,100
1,72,8.1,7.1,2,43,48.74
17,49,5.2,6.6,4,75,73.4
13,45,5.9,4.7,9,61,83.21
8,59,7.4,8.6,10,34,57.75
13,64,6.8,1.5,0,51,57.55
14,81,7.9,6.1,1,97,90.66
8,53,8.5,7.2,9,90,81.3
3,83,8.6,9.1,9,34,56.02
11,41,8.8,6.3,6,39,57.4
19,55,6.8,8.6,10,99,100
5,90,8.9,7.5,8,74,75.02
14,54,8.2,4.1,9,80,97.67
11,41,7.2,8.1,7,92,76.23
18,100,5.9,2.7,9,78,100
20,58,8,7.4,1,64,70.35
5,87,5.9,4.2,1,30,51.65
15,63,7.8,1.9,1,53,68.28
18,75,6.6,1.9,1,75,84.62
20,78,7.9,8.8,0,67,75.95
3,86,8.5,9.1,3,96,68.13
13,50,4.7,3.7,7,48,63.3
14,57,6.1,5.4,1,76,66.79
8,86,7.1,6.3,3,88,72.8
10,40,8.7,4,9,78,86.09
11,68,5.7,8.3,10,47,70.45
20,100,7.5,5.3,2,80,100
10,87,7.5,5.4,9,61,82.46
9,92,7.9,4.3,9,55,84.59
18,51,7.4,6,7,56,79.69
10,93,7.5,8.4,6,93,84.92
10,55,5.3,2.4,6,78,72
20,70,6.9,5.8,6,99,97.22
12,84,8.5,5.8,10,40,76.71
8,82,7.3,2.5,9,35,73.32
13,88,5.7,8.2,1,31,49.92
8,72,7.7,6,9,58,75.59
13,69,7.9,6.3,8,49,75.27
1,70,4.5,4.7,1,44,43.48
5,62,5.6,5.1,3,96,69.42
16,46,6.2,7.3,5,38,59.44
4,41,8.2,6.8,10,51,66.85
8,73,4.9,2.4,8,84,90.43
8,91,6,2.7,10,85,94
20,96,5,6.3,6,30,81.36
7,57,7.8,8.3,1,43,48.8
18,51,5.8,2.8,1,63,73.36
16,73,8.8,3.8,6,80,95.25
12,62,8.2,6.6,10,68,90.96
19,45,7.4,3.8,3,69,74.43
12,84,4.7,4.5,9,47,79.64
14,51,6.4,5.8,10,52,79.09
16,58,4.7,3.8,7,36,74.53
1,71,4.7,8.3,8,94,73.63
14,83,6.5,7.4,7,92,90.36
19,41,8,3,0,65,68.05
10,50,7.9,6.1,7,100,86.41
19,47,5.3,5.9,5,99,95.18
2,88,7.6,5.9,6,43,61.45
8,59,8.4,1.3,4,74,78.28
3,68,8.3,2.1,3,56,62.09
19,84,5.8,7.4,10,84,100
5,90,5,2.9,0,74,63.09
20,74,4.8,9.8,4,67,80.93
17,97,7.4,1.9,6,37,90.64
5,84,8.3,3.2,5,61,73.8
13,71,4.7,6.7,10,83,89.89
3,80,8,7.9,6,95,80.4
12,69,8.8,3.9,0,41,61.08
15,80,7.3,4.2,1,98,87.23
14,92,5.1,3.4,4,73,85.29
5,76,8.3,8.1,10,36,59.31
15,41,4.6,8.7,7,88,74.18
14,52,9,9.2,10,68,80.71
9,45,7.3,3.3,5,51,56.23
10,86,7.5,3.1,10,41,83.24
1,53,6.4,2.2,3,96,67.39
1,40,7.5,8.4,6,46,43.43
8,64,4.4,8.3,1,70,53.59
10,48,5.9,8.3,2,48,44.2
19,40,7.1,2.5,5,57,79.86
5,98,6.1,7.2,3,41,59.88
5,88,4.6,7.6,5,84,69.79
5,55,5.4,1.8,8,66,73.28
1,94,8.2,8.9,3,96,72.22
7,87,6,6.8,3,93,75.08
8,71,7.2,1.6,0,76,72.4
5,64,8.3,6.1,5,99,80.16
16,89,4.4,6.3,0,63,67.02
2,100,7.9,5.6,10,94,94.69
14,84,6,6.8,8,49,76.93
10,45,6.6,2.8,2,98,72.89
19,80,7.8,6.8,10,38,85.98
14,86,8.8,3.1,3,41,78.06
4,69,7.1,1.5,10,52,68.5
5,84,4.1,5.5,5,96,77.53
9,50,5.9,7.7,4,45,55.44
1,61,8,3.4,1,63,52.9
19,80,4.4,5.1,5,37,74.48
19,50,5.8,3.3,1,44,61.2
17,40,4.2,8.8,3,35,52
13,98,4.8,9.4,0,100,84
14,54,5.6,4.7,5,64,77.03
19,63,4.6,7.1,0,52,60.15
17,42,8.8,1.6,7,66,90.04
10,60,4.4,5.1,5,55,60.68
10,87,7.1,5.2,9,93,100
7,86,8.5,7.8,3,49,54.68
14,41,5.2,4.1,0,72,56.21
13,94,7.7,3.8,3,97,99.64
14,71,8.8,9.8,2,65,65.03
8,97,8.2,4.7,5,88,93.28
3,77,4.5,2.2,6,39,56.85
2,67,7.3,2.2,4,63,64.52
13,84,8.2,3.9,7,64,84.24
7,48,7.9,6.3,2,43,43.25
15,60,6,5.8,3,87,78
9,94,4.6,2.4,10,68,93.24
20,42,5.1,8.7,2,41,61.25
12,65,6.6,7.1,4,52,59.04
13,94,6.3,7.7,3,42,65.8
5,47,4.1,8.5,3,46,37.05
13,63,7.4,9.4,1,63,67.14
3,41,9,2.8,10,86,82.86
3,97,8.2,8.3,1,35,51.8
2,50,8.6,4.9,6,93,65.67
14,51,5.8,9.2,4,65,65.66
5,42,7.1,6.6,10,67,68.71
18,70,4.3,3.5,2,83,80.15
17,55,7.2,8.2,0,78,74.27
12,70,6.7,5.4,9,94,93.4
9,51,4.1,6.4,0,65,45.47
16,73,5.8,6.3,3,50,64.71
8,57,6.7,8.1,0,58,50.3
13,62,8.7,9.9,2,52,57.58
11,91,7.7,4.2,9,33,79.73
12,100,6.8,2.3,3,93,93.17
6,71,4.2,1.5,9,58,67.53
16,40,5.7,6.5,2,73,70.54
11,43,4.1,6.3,2,44,52.03
12,44,5.9,9.5,6,42,54.62
11,48,8.9,7.6,6,92,83.37
6,85,8.8,7.2,9,75,80.09
19,92,4.9,3.8,4,46,76.91
1,100,7.5,6.2,9,34,58.88
11,98,8,6.5,10,43,88.54
5,61,7.7,3.1,5,51,61.92
3,92,7.5,6.8,5,87,69.64
7,55,7.5,4.2,1,30,37.83
15,86,6.1,2.5,6,93,100
12,74,5.9,8.5,9,58,74.03
3,91,8.2,3.7,5,63,75.01
3,61,4.9,4.4,1,100,68.73
3,61,7,6.5,7,33,49.43
6,78,8.4,2.4,1,72,63.65
7,66,7.5,7.5,8,63,73.23
10,55,4.5,4.5,8,92,79.89
12,40,6.1,3.7,10,91,86.42
1,53,4.9,3.6,1,90,59.36
10,90,6,5.4,10,63,81.59
18,64,4.9,9,5,53,71.43
9,68,6.3,3,4,37,54.47
4,45,7.3,8.3,6,59,55.15
13,92,6.6,9.7,10,90,99.59
8,70,5.5,4.6,0,94,69.95
17,91,6.9,9.8,2,45,74.52
15,51,8.7,2.5,3,54,66.9
14,45,8.9,4.9,10,48,83.24
9,60,8.6,9.2,1,41,46.88
13,75,5.6,3.5,7,31,72.71
20,77,6.6,4.8,6,49,80.95
19,77,7.8,9.5,1,42,70.04
18,96,5.7,4.7,6,92,100
16,42,4.9,4.6,9,81,82.45
11,84,5.2,7.7,4,77,69.88
10,59,5.4,5.4,10,42,75.3
8,48,5.5,7.7,5,64,62.25
20,81,4.4,5,6,92,100
12,92,4.3,8.1,1,69,70.37
13,48,7.9,5.7,9,33,64.36
7,93,4.3,1.3,0,76,70.47
9,63,8.1,5.5,10,45,75.64
8,63,6.4,5,7,100,84.03
6,93,8.5,7.7,1,66,57.68
2,50,8.3,8,3,58,49.03
7,57,7.3,5.6,10,31,62
5,81,4.9,8.2,3,62,58.13
10,85,8.8,6.8,6,78,88.63
15,56,5.1,3.7,8,80,89.53
1,72,9,9.7,5,66,55.58
4,70,4.3,9.9,10,71,73.5
9,81,7.6,9,4,54,60.07
8,97,4.3,8.7,9,81,86.84
5,86,4.1,5.5,4,63,67.3
13,64,7.7,6.2,9,54,78.06
8,83,6.7,8.1,10,75,84.78
6,93,7.3,6,4,42,60.26
9,86,8,7.9,2,72,71.75
8,62,5.1,8.8,6,72,65.28
19,58,6.3,2.1,0,39,63.73
7,72,4.6,7.1,8,68,70.68
5,48,9,4.1,9,88,76.92
6,89,4.4,4,2,70,66.54
1,68,5.4,7.9,2,50,41.35
3,48,7.1,6.7,6,84,70.7
13,40,4.2,2.8,5,31,59.84
17,52,4.1,1,3,58,74.54
12,59,4.6,4.5,9,69,77.17
2,59,8.7,5.1,8,97,77.54
5,61,9,5.4,3,51,60.53
13,41,5.1,7.5,2,57,58.38
19,72,4.8,4.3,10,34,82.06
9,89,6.7,1.4,0,43,61.43
1,43,7.4,4.8,6,45,48.1
16,84,4.8,7.3,10,31,75.47
4,82,6.6,6.6,2,83,69.39
4,72,7.6,2.1,1,43,50.39
20,52,7.9,8.5,3,75,83.02
10,50,4.2,5.5,3,91,68.01
1,40,7.4,9.2,9,93,63.97
3,89,6.6,7.5,1,62,55.9
15,58,5.3,1.5,2,35,64.49
12,91,7.4,4.8,1,42,68.04
2,40,8.3,7,2,72,47.45
15,79,5.3,7.6,5,73,77.4
13,65,8.8,3.4,6,91,96.11
6,47,4.7,7.5,2,43,39.48
19,70,8,7.1,2,78,87.45
20,41,8.3,8.9,2,91,87.15
4,96,6.1,1.4,4,70,66.87
17,89,7.7,7.5,3,73,85.52
20,46,6.2,7.5,7,74,88.4
13,49,8.2,6,9,36,63.93
6,72,8.2,8.7,2,39,51.16
11,55,5.7,3.5,8,58,75
13,65,8.1,1.7,7,87,89.03
16,68,5.6,9.8,10,32,67.95
14,42,6.8,1,1,68,72.74
18,53,7.3,5.1,5,76,89.21
8,94,6.3,6,9,90,95.46
12,85,6.3,1.9,10,58,84.14
12,93,7.2,8.2,8,96,96.18
4,42,8.5,5.4,6,43,48.75
7,52,4.6,8.7,3,88,66.01
7,85,5.7,7.8,0,45,52.06
15,69,7.3,9.6,2,93,74.56
2,75,8.7,8.5,7,95,80.46
6,84,6.9,7.6,2,43,50.93
20,78,8.4,5.5,6,83,100
8,57,6,4.1,4,87,76.61
5,66,7,9,8,68,72.32
18,95,5.6,7.6,8,57,86.68
20,85,5.5,4.1,10,46,99.93
6,72,6.7,6.7,1,75,61.29
19,76,8.7,7.4,10,98,100
14,91,4.1,2,6,48,73.71
2,52,5.3,8.1,4,62,43.62
2,84,7.9,2.8,8,34,60.18
15,46,7.1,7.1,8,58,79.13
18,64,5.2,8.1,4,36,69.46
13,66,8.8,9.8,5,100,82.41
9,52,7.1,8,7,58,70.56
12,88,6.9,7.6,3,54,66.41
6,83,4.4,9.7,8,45,59.46
14,57,6.8,2.2,9,62,79.88
15,85,8.7,1.4,5,36,81.47
20,93,7.3,5.4,9,100,100
11,73,5.1,2.7,1,94,73.88
18,74,6,4.1,3,72,81.97
10,53,8.8,6.6,7,31,55.39
12,68,5.2,6.8,9,61,84.15
11,64,8.6,9.5,6,62,71.8
10,41,8.6,8.4,5,95,79.8
15,71,4.2,9.1,3,71,71.36
4,50,8.9,8,8,30,52.3
7,82,7.1,2.9,10,84,96.25
7,74,8.1,8.9,6,39,61.58
5,41,6.3,4,1,39,33.76
9,75,4.4,8.4,4,82,69.39
13,67,5.6,4.5,1,98,73.94
20,44,7.8,6.3,1,75,81.4
4,58,7.9,3.7,1,66,58.06
15,64,6,6.9,7,50,74.6
5,87,6,8.2,8,67,78.17
5,59,7.4,9.2,10,77,80.22
1,75,8.4,2.3,0,30,40.9
13,74,6.7,1.8,3,74,76.98
17,49,4.8,3,4,54,66.29
19,94,4.3,7.8,8,89,100
3,58,7.4,3.3,3,92,73.4
12,48,7.4,3.1,4,38,64.58
11,71,6.3,6.5,4,49,64.5
12,91,5.6,4.9,0,70,67.52
8,85,7.7,4.9,5,47,69.54
11,96,6.4,5,4,92,89.4
6,81,7,8.6,2,98,69.01
3,86,4.4,1.2,8,33,64.63
19,65,7.8,2.9,0,100,88.34
18,70,7.3,2.3,6,58,92.06
19,86,8.3,2.2,8,95,100
12,72,4.1,3.1,9,51,81.11
5,68,4.8,6.1,9,48,65.99
16,100,5.8,3,7,59,86.71
12,54,4.2,2.9,5,79,75.88
15,96,4.2,9.8,5,43,72.38
17,80,8.1,8.5,4,99,95.96
13,81,5.9,6.3,1,96,78.15
8,73,6,8.4,5,92,80.36
20,40,6.5,2.3,2,59,68.43
9,53,4.8,2.4,9,45,69.84
14,91,5.7,2,10,91,100
19,50,7.2,4.7,3,35,61.07
19,50,4.7,5.6,9,48,74.71
9,99,4.9,9.6,9,32,71.67
10,100,4.4,5,7,91,88.13
14,78,4.7,6.2,2,95,79.51
11,99,6.3,6.3,3,78,78.94
4,41,5,8.7,8,83,68.27
20,46,4.9,9.1,9,34,76.21
18,72,7.8,1.8,10,46,97.78
18,92,4,9.4,10,85,100
12,95,4.2,5.8,3,91,87.46
13,62,6.9,7.7,9,42,71.29
9,70,7.8,9.2,1,66,60.94
18,66,5.3,1,0,96,82.67
1,64,7.3,7.2,5,82,61.21
5,67,7.3,3.3,8,84,81.69
20,57,9,4.6,3,82,90.48
18,70,4.9,6,7,62,90.44
19,62,7.9,4.6,2,45,74.25
15,90,7.5,2.5,3,95,94.91
11,91,6.8,7.3,0,50,58.78
1,91,4.5,2.3,9,85,76.21
9,54,5.9,6.5,6,81,74.55
17,58,7.6,6.4,2,93,83.59
7,94,7.3,8.2,4,54,59.36
20,72,6.6,3.1,2,34,69.14
1,50,4.4,3.5,6,75,61.02
13,77,5,1.1,1,41,62.85
18,98,6.9,4.1,4,58,88.96
7,69,8.6,6.2,4,52,60.36
4,75,4.4,3.6,1,95,72.11
18,92,8,3.3,7,78,100
8,88,5.7,8,10,88,94.8
1,70,4.6,1.6,10,58,70.24
8,91,5.6,9.6,8,98,82.79
9,55,5.4,4.6,5,39,56.38
6,70,5.6,3,9,64,71.81
7,71,7.7,3.1,3,63,62.67
7,93,5.2,6.6,2,43,50.43
3,83,8.8,5.4,0,99,75.51
16,63,7.1,5.4,9,65,88.56
17,57,6,7.8,2,36,58.26
14,70,8.7,1.3,5,80,94.96
6,69,8.9,7.3,7,70,75.3
1,83,5.1,6.2,5,76,64.92
9,51,6.7,3.1,7,73,74.18
16,67,5.1,7.3,5,76,85.22
9,68,4.9,2.2,9,59,81.35
9,91,5.2,4.9,6,55,68.54
5,70,8,2.6,7,47,72.15
17,74,7.6,8.1,4,62,79.37
19,43,6,7.2,0,57,65.82
16,93,7.1,5,5,63,85.3
18,75,8.7,3.3,0,82,81.14
20,52,6.9,6.8,8,52,88.63
10,62,5.6,5.6,7,40,61.59
10,69,7.2,2.3,2,73,71.25
20,76,6,9.2,1,50,67.32
11,60,7.3,7.4,9,80,81.91
15,89,8.3,4.3,9,96,100
14,50,4.9,1.2,3,62,74.87
3,53,4.8,1.9,1,90,60.39
1,89,6,7.9,1,43,39.6
5,45,7.3,9,4,59,47.88
10,68,7.1,2.2,2,33,50.34
12,95,8.6,8.8,7,99,100
18,68,4.7,9.5,8,52,79.63
15,80,7.7,8.9,6,97,96.52
18,59,8.5,5.3,3,41,68.95
12,66,5.3,3.7,0,96,79.34
5,62,5.4,5.8,7,91,73.08
14,91,5.5,3.1,0,100,85.73
14,96,6.8,4.6,2,79,88.5
8,56,4.4,6.6,8,64,65.3
18,91,5.3,2.7,1,53,72.45
4,80,6.3,5.1,9,92,81.31
1,49,4.2,5.8,2,43,31.98
5,85,6.2,1.1,1,49,51.07
7,61,6.1,8.1,7,77,70.73
2,61,4.4,7.8,2,37,32.13
13,44,6.7,2.6,4,78,79.88
4,89,7.6,4.5,7,61,75.52
2,52,6.3,7.9,8,56,55.33
10,99,5.6,6.7,0,100,80.02
9,70,7.2,2.8,0,57,65.32
8,80,6.2,1.1,4,45,63.89
8,40,8.8,6.2,7,49,59.82
3,55,4.8,1.8,9,73,76.38
2,43,5.8,2.4,8,43,48.62
8,60,8.9,8.1,5,86,77.78
1,84,5.9,7.5,4,35,44.7
15,75,5.5,7.3,3,53,68.87
11,86,6.3,8.8,9,100,92.48
17,49,6.2,8.4,8,76,84.24
17,64,7.7,8.9,9,76,95.35
8,60,7.6,6.9,8,79,74.7
16,89,6.8,6.5,5,82,93.4
4,46,6.6,1.6,2,52,53.5
7,46,6.4,1.9,9,79,81.08
17,79,7.5,3.3,5,58,86.42
3,40,8.7,2.9,7,40,53.06
2,63,6.8,9.4,6,77,65.04
2,92,7.1,5.8,1,68,53.06
7,73,4.5,7.5,8,79,72.12
17,82,5.2,6.6,2,83,86.19
19,62,7.4,7.3,6,43,71.98
6,75,6,4,2,98,80.53
15,99,5.8,3.8,5,77,91.16
14,92,7.6,6.5,9,99,100
18,99,7.7,4.2,7,87,100
1,86,4.2,3.6,0,96,58.46
10,40,5.5,3,5,32,55.66
9,98,6.8,6,9,49,74.69
15,62,4.8,3.4,9,61,81.36
10,45,6.9,6.1,3,39,53.31
16,51,6.4,9.1,9,42,73.07
10,42,7.7,6.2,1,37,50.6
11,62,8.4,4.9,1,59,65.95
20,99,4.1,8,6,36,76.93
2,60,6.7,2.3,8,58,60.38
13,68,7.8,6.2,1,58,64.24
13,49,4.7,1.7,9,36,70.47
9,45,6,4.9,2,47,50.02
7,71,6,6.1,8,97,82.7
3,57,7.9,3.9,9,41,55.88
14,67,5.8,2.7,5,33,69.45
6,62,7.1,9.9,7,48,57.01
8,52,7.4,2.4,1,44,54.15
8,100,7.1,2.3,4,31,62.54
4,59,6.3,1.2,3,98,69.45
18,73,7.8,5.9,9,48,90.05
1,64,6.9,7,0,62,39.62
10,52,7.9,6.6,0,89,68.34
1,44,5.9,3.4,10,76,72.95
1,58,8.3,6.8,3,78,57.06
4,97,5.6,8.8,8,41,58.41
17,69,6.8,7.4,0,61,72.98
10,61,6.4,7.7,0,74,62.04
12,80,5.5,10,8,65,81.94
9,96,5.9,10,0,65,57.29
11,97,6,2.2,6,96,100
20,95,7.1,3,3,49,84.59
10,98,7,5,2,56,71.53
19,74,7.4,2.8,2,69,87.34
17,98,4.7,10,2,50,67.85
18,74,8.7,2.1,5,48,86.76
11,96,8.9,9.7,4,86,87.63
9,49,7.9,2,2,33,53.98
20,79,5.3,6.1,3,59,76.98
1,62,4.4,8,2,94,60.43
16,85,7.2,2.7,6,92,100
6,52,5.1,4.7,0,64,54.42
8,87,7.4,2.8,3,38,57.75
15,95,7.1,7.2,7,61,86.5
2,78,7.7,4.4,5,80,71.68
19,78,6.7,6.8,0,96,82.95
15,92,8.4,8.9,3,96,92.13
2,75,5.9,7.9,0,54,40.02
13,96,5.5,8.4,7,51,76.57
20,98,4.3,5.7,2,89,97.92
15,45,7.6,2,9,99,95.89
14,60,6.3,2.6,9,55,87.35
3,56,5.6,6.8,2,45,35.91
15,80,5.8,5.7,6,95,96.3
6,64,6.8,1.4,2,72,65.75
5,50,8.3,2.6,0,83,58.26
15,58,7.1,2.1,2,55,63.86
9,40,6.3,8.7,8,30,53.26
16,55,5.1,6.9,7,82,84.47
20,78,4,8.9,4,56,71.19
5,43,7.3,1.3,0,68,50.88
3,43,4.5,9.9,2,66,42.88
20,76,7.9,2.6,7,76,100
3,89,5.5,4.3,6,38,60.55
18,44,5.5,2.2,4,72,80.32
17,53,7.5,6.5,1,97,88.1
16,86,7.4,9.4,4,84,88.69
11,56,6.6,10,5,46,59.19
16,73,7.6,5.5,2,59,76.37
7,40,4.6,5.2,1,56,49.01
14,66,4.2,4.1,10,57,77.38
7,84,5.4,8.1,4,68,65.96
11,89,4,7.2,5,80,82.04
20,41,8.2,2.7,5,91,99.78
2,81,4.7,2.4,7,98,85.84
15,90,8.1,9.4,0,96,81.31
11,75,6.7,2.9,10,72,94.78
12,44,8.8,3.5,0,73,71.06
18,93,4.8,6.5,2,44,75.89
10,85,8.3,7.4,4,82,75.45
8,63,6.3,9.6,3,97,68.74
4,63,7.9,8,1,86,59.9
16,97,6.5,2.7,7,97,100
11,49,7.8,1.9,8,46,68.67
2,69,5.9,8.8,1,30,30.46
2,83,8.2,8.8,5,89,76.06
4,73,7.8,7.7,0,69,55.18
7,60,5,3.6,8,70,76.77
4,57,4.7,3.5,0,95,55.62
18,62,6.7,3.4,4,61,76.4
10,79,8.5,5.9,0,46,51.8
2,46,5.9,1.8,6,52,56.24
19,80,8.2,7.3,9,75,98.59
7,85,7.8,8.3,1,89,71.42
3,92,8,7.3,1,88,64.92
15,70,5.2,3,9,63,93.19
13,51,7.5,7,5,88,80.3
3,70,4.6,5.3,2,66,56.24
20,76,4.6,1.9,1,71,83.89
3,90,5.5,5.1,9,82,77.96
8,75,4.8,5.3,1,73,59.11
19,67,7.9,4.9,5,99,100
6,82,7.3,7.7,9,92,82.53
20,69,5.6,1.9,7,52,85.97
13,44,7,7.2,9,78,80.63
2,45,5.1,2.3,9,30,52.95
5,68,6.7,4.5,9,87,78.99
11,59,6.9,9.2,4,85,75.74
12,45,6.9,6.5,8,81,85.2
10,43,5.8,5.9,0,30,41.25
12,47,8.3,8.8,3,85,73.94
13,80,5.6,4.4,6,85,89.56
6,70,4.7,6,5,83,66.19
5,48,4.1,6.8,2,92,60.72
5,45,4.7,8.3,7,84,66.57
15,72,6.1,8.4,6,75,79.33
14,78,4,5.5,3,94,81.23
18,76,5.8,9.8,9,91,100
4,77,6.4,7.2,2,97,74.73
9,69,6.6,5.7,9,41,66.11
3,83,7.2,8.2,4,36,53.73
18,89,4.1,5.1,7,72,92.32
10,58,4.8,7.3,9,68,77.68
19,56,4.3,5.3,2,36,63.04
10,91,7.7,1.2,7,40,72.71
3,94,7.9,3.3,9,65,77.28
9,40,7.7,6.4,9,49,67.65
12,91,4.9,8,3,92,78.2
17,95,4.2,9.9,2,49,72.44
14,89,5.9,6.9,10,51,82.36
12,43,7.2,7.8,1,36,42.2
13,70,5.5,7.7,8,59,75.66
13,70,5.3,5.8,6,31,60.63
15,64,7.4,9.7,10,35,68.85
18,80,5.8,8.6,9,64,88.78
9,91,4.5,6.9,6,89,86.83
8,86,7.4,7.9,8,73,83.41
6,60,6.7,7.1,1,31,38.47
17,46,7.4,4.2,4,62,71.6
1,79,4.5,9.4,10,57,67.46
4,85,8.8,1.8,9,46,72.72
19,91,8.8,9.1,2,62,79.44
3,80,6.3,10,6,71,60.75
3,57,7.9,4.4,5,37,46.73
9,51,6.2,5.4,3,80,63.03
16,46,4.7,7.9,3,43,61.99
9,46,4.2,1.6,4,87,66.27
16,49,7.3,1,0,79,72.81
11,97,6,1,7,91,97.98
3,74,5.1,4.5,7,45,58.83
12,61,7.4,4.6,10,41,74.31
11,45,8.2,7.8,4,55,56.71
2,64,7.3,3.7,6,43,56.03
12,71,4.4,6.7,3,47,54.16
1,86,9,3.1,6,38,62.61
10,71,6.7,8.5,7,32,54.93
2,61,7.9,1.4,1,57,55.02
17,69,8.7,8.8,8,49,84.48
8,99,4.4,7.6,7,32,62.28
20,42,5.2,6.8,0,52,62.33
10,92,8,5.1,2,38,65.91
4,47,6.5,8.2,3,38,42.8
14,61,8.1,9.8,10,81,88.46
19,74,4.7,8.5,3,35,65.86
11,44,4.6,2.3,6,51,66.68
18,50,6.2,9.3,0,47,51.64
20,64,7.9,1.1,7,40,79.86
6,99,4.4,6.9,4,83,76.45
16,84,4.6,2.3,4,96,94.83
8,100,4.9,7.2,9,53,79.29
20,100,4.4,8.4,4,74,89.31
18,55,5,9.9,1,76,73.8
18,72,5.1,7.9,10,56,84.94
7,47,8,7.2,7,93,73.37
2,43,7.2,3.6,6,62,54.8
15,42,4.5,1.5,8,52,71.2
1,71,6.6,1.6,3,86,67.68
11,66,5,7.1,5,59,69.85
11,54,4.5,7.6,3,78,70.3
3,70,6.9,1.5,6,48,57.77
20,69,4.9,4.4,7,54,87.31
9,52,5.7,1.3,9,37,64.01
4,94,6.3,4.8,5,58,71.1
20,50,7.9,6.7,9,51,86.42
18,94,5.1,4.7,8,92,100
7,77,6.4,5.2,0,84,68.66
8,55,5.6,6.2,9,49,70.64
1,66,8.9,1.4,7,94,74.68
17,65,6.4,8.2,1,87,78.17
3,75,7.8,7.2,6,57,57
10,55,7.2,1.8,7,69,74.53
15,94,6.9,6.3,7,89,100
13,51,7.9,4.3,7,30,69.15
3,64,8.5,4,0,67,52.61
9,84,8.7,5.9,3,40,63.09
11,87,8.7,5.6,10,76,100
4,64,5.8,6.6,5,76,59.86
18,85,4.3,7.4,3,47,77.19
8,74,4.6,5.3,9,56,75.96
8,60,5.8,3.4,10,84,83.49
3,63,5.7,5.4,8,45,56.93
18,83,8.1,9.1,7,77,98.17
3,52,8.5,5.1,1,80,61.58
10,44,4.5,3.5,2,93,65.31
7,73,8.8,1.2,6,99,96.09
16,62,6.1,7.6,0,67,62.29
1,95,8,8.5,8,72,71.69
11,81,7.2,3.9,9,97,100
15,69,5.5,2.2,4,51,76.82
8,70,5.9,3.6,0,48,50.42
15,50,7.1,2.4,8,66,81.31
6,93,7.5,9.1,2,50,53.4
2,60,6.9,5,5,53,49.94
2,82,5.6,4.1,5,87,72.4
6,74,5.5,9.3,6,93,78.42
15,99,5.6,1,8,94,100
10,70,8.5,9.7,9,48,75.59
15,61,7.4,7.6,0,47,59.97
4,59,4.1,6.6,3,87,58.76
11,43,7,2.8,8,58,77.03
9,52,4.1,5.8,7,41,63.13
13,52,6.5,6.4,8,37,71.2
12,65,4.7,8.7,5,79,72.26
10,62,5.8,9.8,8,41,58.25
15,87,9,8.2,4,50,79.32
14,86,8.5,2.3,9,41,82.32
10,70,8.9,5.7,5,38,68.88
19,88,5.9,1.1,10,64,100
18,69,7.6,7.8,2,55,68.2
13,58,6.8,1.4,4,68,76.69
15,54,4.1,1,4,68,81.39
16,47,7.3,9,6,52,69.41
8,41,4.6,3.5,1,76,57.84
19,67,8.3,6.7,7,45,80.39
19,41,8.2,2.5,0,48,63.13
5,62,4.8,3.5,6,75,63.04
10,73,7.2,1.7,3,53,71.17
20,88,4.8,3.9,5,68,89.32
12,46,6.7,4.2,2,31,45.78
10,63,7.9,4.7,2,43,53.74
17,54,8.2,8.2,8,97,100
18,84,7.8,2,7,39,81.76
5,99,4.1,4.1,5,47,66.67
20,73,7.8,4.1,4,33,78.44
4,54,4.6,7.2,3,69,47.52
5,45,6.1,7.9,1,39,30.2
16,88,6.2,2.8,0,95,89.76
16,47,8.5,1.4,4,31,68.8
4,98,7,6.3,3,53,62.45
1,45,4.7,7.7,4,74,47.32
17,89,7.6,3.2,9,38,83.86
19,88,4.1,3,3,66,81.48
18,40,8.9,1.9,3,94,94.2
16,63,7.5,2.7,10,43,81.42
12,64,6.1,5.6,6,44,69.66
11,47,6.3,5.7,7,76,78.37
18,86,4.2,4,1,79,80.74
20,87,5.6,9.8,7,58,87.92
10,94,6.1,8.7,7,77,79.47
16,83,4.5,4.9,10,40,78.68
13,65,7.5,9.8,2,38,52.91
7,61,5,8.6,6,45,51.14
14,86,6.5,7.9,9,64,90.88
13,62,6.4,6.4,6,92,86.42
5,89,6.3,2.1,7,93,84.58
5,41,4.5,1.5,1,93,63.19
6,64,7,3.9,4,42,58.22
17,89,6.5,5.2,4,93,96.23
9,74,5.7,8.7,8,32,65.97
2,67,8.4,2.1,7,70,75.36
15,69,4.2,2.6,10,68,96.01
6,71,6.2,3.8,6,92,83.56
19,83,6.5,6,8,90,100
6,72,4.3,3.4,9,78,81.16
12,89,8.9,3.9,0,35,56.57
12,62,8,6.3,10,73,86.57
14,62,9,4.7,0,61,63.97
10,77,4.4,7.2,4,44,56.78
1,74,5.6,5.1,6,95,77.64
9,41,7.5,6.3,5,78,69.49
11,76,4.5,5.4,10,56,77.93
17,91,7.8,4.1,9,68,98.87
14,52,6.5,8.6,1,98,71.17
9,43,5.5,6.2,3,41,50.26
19,46,7,3.5,9,97,100
7,62,8,6.9,4,94,78.75
14,82,6.7,2.8,6,62,86.24
15,82,7.8,2.6,0,96,92.51
19,71,5.1,9.7,7,64,88.92
18,91,7.1,7.9,6,37,78.64
12,69,4.7,2.4,10,68,91.82
14,60,8.3,9.2,10,56,85.31
9,92,5.4,2.4,10,60,85.45
4,49,5,3.2,4,89,65.27
14,67,7.2,1.3,2,64,70.73
9,90,8,6.9,2,35,62.67
16,90,4.1,8.7,1,70,74.14
3,97,8.8,9.1,10,41,67.37
5,55,4.6,7.6,1,96,61.74
19,100,7.9,5.7,7,41,85.94
4,89,8,4,9,79,88.92
8,99,6.1,2.3,2,57,74.61
15,66,5.3,6.3,7,98,92.16
4,60,6.7,5.3,3,65,60.89
5,63,6.4,4.3,4,32,49.97
20,42,8.2,7,0,60,64.38
13,59,7.2,7.3,10,45,76.01
8,94,6.2,1.1,6,62,77.45
8,59,5.1,9,7,70,71.82
14,90,4.2,8.8,7,90,93.98
11,85,6.1,9.3,1,50,60.35
17,44,5.8,6.4,8,71,82.5
1,88,4.3,6.8,10,86,81.75
5,40,6,6.7,5,40,40.33
8,73,7.6,7.9,10,46,76.03
14,90,8.7,5.1,2,63,74.52
19,92,5.6,3.5,1,83,88.53
13,96,5.9,8.5,9,58,79.33
1,99,6.8,6.5,3,41,56.6
7,56,7.5,2.5,6,84,79
5,45,8.8,2.5,9,45,58.78
17,67,7.9,9.4,10,93,96.95
7,52,8.7,8.3,4,66,63.8
13,48,6.2,2.9,3,66,71.76
7,66,4.9,8.1,0,67,57.29
8,79,6.3,3.2,9,88,86.14
16,48,8.4,9.8,6,57,74.84
14,87,7,1.7,8,37,76.48
8,70,8.5,10,10,35,59.76
17,79,5.9,9.8,10,77,90.92
18,42,6.9,3.3,8,93,100
15,48,4.4,7.4,6,48,61.9
11,42,8.9,5.5,4,76,76.49
10,97,8.4,6.5,4,96,87.79
6,60,7.7,5.4,2,86,61.28
5,43,5.1,1.3,4,50,54.34
14,47,9,9.3,0,86,66.93
18,71,6.3,2,2,45,70.91
7,95,5.4,8.5,8,64,76.19
19,53,6.9,9.7,8,53,78.13
3,55,7.8,7.1,5,33,42.12
4,65,5.9,9.4,1,71,46.38
3,69,8.2,6.9,7,64,66.82
1,61,8.8,6.9,7,71,69.58
19,48,5.1,1.4,10,66,91.5
2,87,4.4,9.6,6,41,48.82
6,55,8.8,8.8,1,32,43.74
6,64,7.9,3.6,10,49,67.93
16,91,6.2,8.3,4,46,71.4
4,93,5.8,2.8,7,79,80.13
19,78,6.1,7.8,5,53,78.93
14,45,4.2,4.1,7,58,73.56
5,99,6.5,6.7,8,40,64.44
14,45,8.5,5.3,2,46,62.16
10,93,5.2,4.8,9,36,74.5
2,72,4.5,4.8,1,89,61.33
19,92,5.3,3.3,1,94,88.56
15,51,7.9,8.6,0,40,51.13
10,60,6.9,5.1,10,87,91.47
9,61,8.8,8.8,2,57,53.93
20,56,8.4,2,8,32,76.55
4,40,4.9,5.3,6,92,64.21
20,63,7.5,9.7,10,80,100
3,48,4.7,2.7,0,54,45.35
7,70,7.2,6.8,6,98,78.53
10,89,6.3,5.3,0,44,53.1
5,87,7.5,9.7,7,32,61.07
19,55,5,6.1,6,36,67.76
4,80,8.2,4.9,6,93,84.18
20,86,6.8,3.6,7,81,100
19,86,7.1,7.1,7,59,92.99
17,41,6.1,3.8,1,64,71.78
14,96,6.4,5.5,10,74,98.16
14,41,4.8,7.5,7,74,73.77
17,54,6.9,7.2,9,89,91.05
10,86,7.6,9.6,10,76,91.97
6,79,5,7.2,1,91,61.7
7,50,7,1.9,6,93,77.54
7,75,4.2,1.2,4,75,74.01
6,92,8.3,5.5,1,73,67.03
20,54,4.6,3,4,73,87.44
2,89,8.4,3.4,2,95,75.58
4,85,4.3,9.5,7,44,61.61
20,79,7.9,9.5,8,35,81.42
6,80,4.6,2.8,5,50,65.46
15,88,6.5,7.6,1,49,68.27
11,92,4.7,8.6,7,83,88.37
1,55,8.2,5.3,4,94,62.25
9,63,7.6,4.7,10,61,75.89
17,66,7.9,2.2,6,82,100
15,100,8.3,8.2,5,33,72.77
1,85,8,9.5,1,73,52.03
6,67,4.3,7.8,10,49,69.54
2,80,8.9,8.2,8,67,68.91
18,95,5.5,7.7,5,31,76.97
17,79,8.6,7.3,7,56,90.72
20,90,7.1,5,5,81,100
10,45,4.2,4,2,96,75.99
10,53,4.5,6,8,73,77.53
6,41,4.1,8.2,9,63,57.87
10,86,6.1,5.5,0,77,66.24
17,62,4.6,7.8,1,87,73.3
1,69,5.7,3.1,9,98,85.62
8,62,5.5,7,9,47,68.27
17,87,5.2,4,9,54,94.76
12,69,4.5,7.4,6,40,57.56
14,96,4.7,2.9,1,77,82.86
13,77,6.8,8,4,93,86.55
15,84,8.7,5.4,6,50,77.47
5,71,7.6,2.2,8,97,83.99
7,69,6.4,7.7,8,77,81.19
4,78,8.3,2,5,67,65.74
5,47,5.9,9.9,4,67,51.86
5,49,7.9,4.8,4,66,56.22
16,40,4.6,4.1,0,83,68.39
10,76,6.3,4,6,90,90.77
20,48,7.8,5.5,7,87,98.07
5,95,7.6,1.8,9,82,89.82
13,61,6.7,9.6,7,65,76.34
6,85,4.1,6.7,4,45,57
3,52,8.8,5.9,0,96,56.83
16,72,8.5,2.1,8,53,94.45
9,90,5,8.5,9,86,82.72
18,78,5.6,6.3,7,32,73.2
6,66,4.1,5.8,6,62,57.71
4,74,4.8,2.3,4,41,49.01
14,83,4.8,6.5,5,53,67.54
2,59,5.9,3.9,6,71,59.63
4,43,5,7.8,9,60,58.67
17,64,8.7,3.4,5,89,95.78
3,70,4.1,6.7,0,64,46.47
19,83,4.5,7.9,10,46,84.81
14,68,4.4,6.7,3,48,60.86
6,90,5.2,9.6,8,87,75.04
15,93,7.1,6.9,2,30,58.49
16,57,7,8.6,6,74,84.96
7,77,8.2,3.5,2,98,80.45
10,45,6,2.1,2,65,66.29
7,79,6.5,8.2,10,73,82.67
15,57,5.2,9.8,5,56,66.11
20,61,4.1,7.2,10,30,78.28
1,97,4,2.6,8,92,85.5
18,45,7.9,6.8,1,98,76.7
15,83,4.6,9.7,6,75,80.91
1,47,6.3,9.4,7,31,35.87
1,88,5.4,9.3,5,54,48.36
20,80,5.5,7.5,3,93,98.51
2,57,6.5,7.3,9,56,54.04
13,47,8.3,6.1,7,51,71.53
19,83,7.4,6.1,1,46,75.58
5,56,8.7,8.7,8,65,63.14
1,84,7.4,6.5,10,88,76.1
14,81,7.4,6.9,5,85,92.36
14,57,4.6,5.7,7,76,81.08
2,96,7.6,1.4,6,98,86.51
1,65,5,1.7,9,33,60.93
8,84,6.1,1.7,3,55,63.19
10,44,7.1,1.9,7,85,85.72
19,91,7.1,4,4,61,84.26
8,61,8.2,8.4,8,60,75.61
20,79,6.2,1.9,7,45,83.72
2,98,4.2,3.8,1,46,44.08
15,43,5.5,6.6,1,43,54.78
18,43,5.5,4.4,1,82,71.75
20,90,7.3,1.1,6,89,100
20,79,4.5,6.9,10,33,82.9
11,77,5,1.9,9,38,75.96
7,97,6.9,6.7,4,75,74.18
20,68,4.9,2.2,0,37,61.01
19,67,6.6,6.9,5,69,85.87
18,89,4.7,5.2,9,73,96.18
1,73,6.9,7.1,0,60,45.02
18,94,4.3,4.1,3,55,83.58
11,52,7.3,7.3,7,72,79.38
19,61,7.1,4.8,2,43,68.52
2,71,5.1,1,3,59,55.67
7,55,6.4,7.9,5,78,62.69
6,92,8.9,4.3,1,75,64.94
4,49,5.5,2.7,9,76,66.88
1,52,5,2.6,4,52,45.58
18,55,4.9,1.2,4,42,65.28
5,64,7.3,9,5,56,54.32
8,63,8,6.9,8,85,86.59
3,47,4.7,9.3,3,54,41.18
12,60,7,9.8,3,35,55.36
19,52,8.3,3.6,2,71,77.63
9,95,4.6,5.6,9,92,90.28
3,90,6.4,7,1,51,50.38
17,63,6.5,5.2,5,77,85.96
16,85,8.8,5.3,9,81,100
19,81,4.2,3,3,87,96.55
13,53,5.5,9,9,50,75.38
12,56,6.8,2.2,1,67,66.29
12,54,6.9,5.2,9,73,82.69
15,67,6,8.2,5,64,73.44
6,68,5.2,6.8,5,40,49.97
17,72,6.7,1.7,4,59,77.42
3,63,4.2,2.8,3,72,54.89
9,52,7.5,10,8,63,62.4
10,58,8.1,8,6,81,80.68
1,70,7.3,9.9,2,80,50.99
7,70,5.2,6.3,8,89,83.81
15,61,8,3.8,3,84,86.99
14,53,6.2,8.7,0,77,59.46
5,59,8.7,1.1,10,75,81.67
14,67,7.4,4.6,8,68,84.74
1,76,7.9,9.3,2,72,54.7
20,98,7,8.8,6,56,95.08
3,74,5.9,5.3,5,87,72.25
10,45,4.9,7.1,2,34,46.95
20,71,4.1,2.8,6,66,85.94
10,82,6.6,5.1,5,96,81.85
11,95,8.5,4.5,1,46,66.99
16,87,4.3,9.6,3,46,70.76
10,67,8.1,7,2,69,67.52
17,85,7.4,3.5,0,48,70.68
13,78,8,5.7,9,92,99.02
19,42,7.7,3.6,7,74,92.04
10,65,7.1,8.3,2,83,66.06
20,86,6.2,4.5,10,53,100
4,65,7.5,1.4,2,65,64.84
18,58,7.3,1.6,3,93,91.4
18,47,9,1.7,1,94,90.85
11,66,6.3,3.3,8,35,68.41
3,80,7.5,7.7,6,73,71.15
7,65,4.2,3.3,2,71,63.33
15,71,6.3,1.7,10,61,95.07
15,48,6.4,3.5,2,51,67.54
20,46,4.9,2.1,6,51,73.81
1,83,5.4,5,2,57,53.5
18,53,6.2,1.4,10,96,100
4,64,7.5,5,9,30,52.38
13,89,5,3.2,3,55,68.25
14,41,8.9,4,3,38,56.38
4,91,8.2,7,2,35,48.98
4,92,5.6,6.1,3,56,63.83
13,100,6.1,3.1,1,75,78.8
1,65,7.3,1.1,3,88,63.85
9,81,7.1,1.4,3,82,77.89
20,71,8.9,1.9,8,51,91.55
4,78,5.6,6.7,6,47,55.5
11,94,7.3,1.6,0,87,80.55
8,72,6.9,9.9,3,32,49.18
4,59,5.2,4.9,3,40,39.41
12,71,5.5,2.4,3,34,57.01
20,100,6.2,8.9,2,65,81.75
2,73,8,4.7,4,33,44.9
11,61,5.2,5.9,10,61,82.11
8,78,8.4,5.7,2,86,76.24
3,95,6.5,9.6,0,48,50.91
5,45,4.9,5.9,3,60,49.42
14,86,6.3,2.5,3,61,77.65
20,55,5.5,6.2,10,55,85.41
16,45,8.8,4.2,6,51,74.86
14,72,7,4.9,2,91,77.54
13,67,8.3,7.8,4,98,82.24
6,56,5.9,3.8,4,78,67.03
16,44,5.7,7.4,3,49,65.63
1,40,8.3,7.6,5,92,60.51
14,100,6,7.7,6,92,93.19
19,44,6,1.3,1,79,84.39
6,52,7.8,9.6,5,95,73.27
12,84,4.3,4.5,6,61,74.17
2,98,8.1,6.7,10,33,68.09
5,56,7,9.5,2,62,46.57
19,100,7.3,2.5,1,41,80.09
13,65,7.5,9.8,1,96,80.47
14,50,8.1,3.3,4,94,91.93
13,77,5.5,4.7,1,43,61.68
12,92,4.7,7.7,6,69,73.82
6,92,6.5,1.9,6,97,88.9
10,86,6.2,2.6,2,47,60.92
6,72,8.7,5.1,3,53,56.55
6,91,7.8,3.3,6,86,86.93
20,46,8.3,2.5,4,40,72.29
9,44,5.7,6.3,7,92,79.31
4,40,4.3,7.8,0,35,22.52
17,90,4,6.4,4,92,91.68
11,78,6.1,4.3,5,70,81.82
12,82,6,6.5,5,72,82.68
1,69,8.4,4.6,2,33,43.05
17,57,8.8,7.8,3,77,79.33
16,72,6.1,2.7,10,71,91.22
12,95,4.2,8.3,5,86,80.69
16,65,7.7,8.1,5,84,91.26
16,82,8.3,9.1,6,67,86.65
5,95,6.6,6.1,8,34,59.8
3,59,8.2,10,7,51,59.65
4,70,7.3,3.2,3,51,59.1
3,46,6.2,7.4,2,71,53.67
9,54,7.6,7,10,45,71.11
18,80,7.6,1.8,5,58,93.7
20,44,7.2,4.4,6,85,96.14
8,56,4.6,1.8,1,73,64.01
7,87,8.7,6.2,2,70,74.34
19,87,4,1.6,8,54,96.82
14,60,7.9,8.2,2,96,82.04
19,54,4.5,1.1,7,70,85.44
10,93,5.1,7.1,2,66,63.82
2,78,5.6,5.5,1,65,57.88
19,70,7.2,2.9,4,78,86.45
11,49,8.1,2.9,3,36,61.65
6,94,6.4,4.5,10,50,83.57
18,65,5.7,7.1,5,80,84.68
17,86,5.4,7.3,3,100,91.51
5,60,7.8,6.2,0,68,52.35
6,76,4.7,7.3,4,48,50.86
7,87,7.3,4.3,9,43,75.85
5,64,8.8,4.8,2,37,43.61
16,51,8.7,2.1,8,73,93.01
5,80,7.6,3.2,1,60,58.38
10,84,7,2.6,6,41,74.73
13,57,7.2,5,0,45,50.79
4,71,7.2,9.2,3,32,43.63
19,70,5.4,7.7,9,53,84.39
14,59,6.9,1.9,1,98,79.75
1,65,6.8,5.8,8,92,69.28
19,74,7.6,8.1,1,56,78.21
4,51,8.3,7.3,0,87,59.82
4,42,4.6,2.9,2,41,40.67
2,45,8.9,5.6,5,99,65.99
1,55,5.5,9.5,8,67,58.66
15,48,6.9,7.3,8,75,84.35
17,53,7.4,7,0,60,59.07
5,59,8.3,2.9,2,100,70.3
12,57,4.6,6.6,1,100,70.43
13,81,8.5,4.6,1,62,74.47
5,74,5,6.7,4,54,58.27
19,82,7.2,5.6,2,83,93.5
11,90,6.2,1.2,9,61,84.37
4,74,4.5,5.9,1,72,56.68
12,98,5.7,3.5,3,65,72.56
13,54,5.9,1.9,1,52,61.5
10,77,8.1,5.4,8,74,88.18
10,75,5.4,1.9,0,51,56.55
13,51,5.7,7.7,8,100,90.13
13,70,7,3.3,10,95,100
5,49,5.9,7.6,0,77,52.52
8,83,7,7.4,2,86,78.38
15,72,5.4,9.6,8,59,76.24
3,100,5.5,7.9,1,40,41.32
8,100,4.5,6.2,1,66,65.45
16,91,8.4,9.7,6,95,100
5,70,6.5,7.2,10,98,89.17
13,40,7.1,9.2,0,84,64.85
12,55,9,7,8,35,68.44
6,83,8.7,7.9,3,52,54.59
5,72,5.8,1.5,7,78,73.61
4,61,8.6,3.2,8,45,61.45
16,58,5.3,1,10,80,94.47
10,99,8.7,6.8,0,89,83.7
16,43,5.8,6.5,5,68,71.66
1,62,8.5,2.7,5,31,43.12
16,52,4.4,5.6,2,82,69.37
16,40,4.8,6.9,3,90,74.2
10,63,6.1,2.6,4,43,67.34
15,50,4.7,7.7,0,75,67.54
7,47,4.9,1.4,6,83,76.06
2,50,7.3,9.5,10,64,57.79
16,75,6.5,7.1,2,71,79.26
13,72,7.6,7.7,6,46,65.84
4,90,4.1,2.4,8,31,64.23
8,43,7.4,4.1,9,31,58.94
10,58,6.4,7.8,3,49,58.33
6,55,5.4,2,4,61,62.43
14,52,6.4,8,1,94,74.81
7,94,7,6.7,3,45,55.89
2,57,9,9.4,6,32,46.05
3,95,4.3,4.7,4,59,57.77
14,70,4.3,4.8,0,68,61.38
12,57,8.7,7.4,3,70,74.63
6,42,4,6.9,5,57,48.62
9,98,7,4.9,4,92,85.46
10,47,4.5,1.1,8,46,65.02
12,87,7.9,5.8,5,60,80.23
7,77,5.9,9,2,45,44.72
7,52,7.5,9.3,1,99,66.43
10,86,6.4,7.8,8,49,68.11
7,66,6.8,3.3,8,74,83.8
15,80,7.6,9.2,1,91,80.05
17,90,4.1,6.4,2,67,72.27
19,43,8,7.2,6,93,94.27
17,44,4.8,7.8,6,79,78.07
9,53,4.9,2.4,3,31,53.78
17,69,6.5,7.5,4,68,83.28
10,85,5.3,2.1,3,35,61.51
10,42,7.2,9.5,4,47,49.49
2,81,8.9,9.9,3,98,65.22
12,80,7,4.3,1,100,81.47
5,66,8.5,3.7,0,31,46.79
8,86,8.8,2.6,0,98,82.55
19,46,7.6,7.2,10,62,93.16
20,75,5,5,5,64,82.8
13,49,6.2,7.6,6,77,71.37
16,45,6.5,5.1,2,54,64.79
6,81,5.4,3.8,2,80,70.58
7,44,4.7,4.8,7,81,65.34
17,48,7.6,8.3,9,42,73.45
1,47,8.1,7.9,10,35,46.66
3,57,4.7,6.6,0,31,35.68
4,74,7.7,4,1,55,49.61
19,97,6.2,2.5,5,91,100
2,74,7.5,6.6,1,32,42.8
4,74,5.5,5.6,6,48,51.91
8,41,5.1,4.5,5,66,57.98
13,83,8.4,8.4,1,92,76.96
4,54,4.5,9.6,5,39,43.29
4,63,8.6,9.3,0,49,38.51
17,61,7,7.1,2,68,75.15
10,62,8.4,3.4,7,77,88.57
3,90,4,9.4,2,48,43.84
13,68,7.6,8.1,7,38,63.48
14,86,5.4,1.8,2,53,75.99
12,60,6.5,5.3,6,72,73.16
8,64,6.1,5.5,8,93,85.01
8,64,4.4,7.4,8,58,69.12
8,63,4,9.9,0,76,53.75
5,98,4.6,9.2,5,47,55.66
5,93,8.3,9.7,6,61,65.14
8,43,7.7,2.1,2,78,68.29
14,63,4.3,2,9,39,75.03
20,95,4.8,2.3,2,40,74.55
1,76,8.2,4.7,2,90,68.96
17,84,8.7,5.2,5,86,100
1,58,4.6,1.5,10,34,56.87
6,72,4.8,4.6,6,88,77.21
9,98,6.9,3.8,3,84,87.86
9,45,6.6,9.8,2,57,48.87
2,54,6,8.4,8,39,52.3
15,70,5.6,6.8,6,51,68.18
12,81,6.1,3.4,1,39,58.32
11,41,5.2,2.5,1,38,44.43
1,88,8.5,2.7,3,34,48.08
3,76,6.8,6.1,7,35,49.54
3,100,5.5,9.8,4,80,67.1
11,88,6,4.2,2,42,60.68
17,46,6.5,8,0,78,67.72
2,58,4.8,7.1,1,41,40.19
8,96,5.1,7.1,2,50,65.34
17,73,9,6.5,8,73,94.22
5,61,5.5,6.6,6,35,54.64
13,55,5,6.5,1,49,55.35
16,46,8,2.3,4,100,96.01
3,71,4.5,3.8,4,50,47.47
19,63,5.8,1.6,7,63,96.04
9,88,8.4,6.9,2,45,66.74
16,42,5.8,3.6,6,46,68.75
17,94,7.1,3.8,1,82,88.79
9,96,8.4,7.1,9,37,77.97
8,84,8.1,1.1,1,67,69.13
19,65,8.3,3,7,41,81.7
15,81,6.7,8.4,1,40,56.75
4,98,8.8,4.6,6,55,70.48
3,60,5.7,6.4,3,90,57.91
15,42,6.7,9.5,2,57,56.58
2,78,7.9,1.6,5,85,81.12
7,43,5.1,1.2,10,84,79.01
6,45,4.7,3.5,1,68,56.28
15,95,6.1,2.9,4,53,84.64
3,97,8.5,4.1,4,51,60.43
14,70,6.4,7.2,2,85,75.64
19,64,8.1,6,9,55,84.95
19,79,4.7,7,5,31,66.1
15,99,4.7,8.8,1,82,76.24
1,68,8.7,8.7,10,87,78.71
19,46,4.2,7.7,3,83,79.5
6,78,5.9,4.1,3,31,48.92
12,41,5.5,3.8,1,93,72.24
15,66,6.1,4.2,8,84,93.6
11,47,8.6,5.1,5,52,65.9
6,74,6.2,3.6,10,85,88.95
20,100,8.6,8.7,1,43,71.1
1,79,8.7,1.9,9,99,84.39
15,72,6.9,1.3,4,83,86.02
15,75,5.9,2.8,7,45,77.14
15,66,8.5,6.8,6,30,72.88
8,72,5.4,8.9,4,69,68.04
14,83,5.2,9.1,6,34,59.88
5,90,5.9,8.4,9,70,74.5
19,67,5.2,9.8,3,80,84.23
19,67,4.6,6.7,2,81,85.72
17,50,6.2,1.9,2,94,80.96
19,90,6,7.9,4,100,95.01
11,53,4.5,1.2,0,49,47.88
18,98,8.9,6.1,0,46,80.28
12,51,5.2,9.1,4,54,58.72
8,86,7.9,8.1,4,36,55.38
5,80,4.1,9.9,1,44,41.83
20,47,4.5,3.5,2,41,59.38
12,98,8.2,4.5,7,32,75
16,80,4.4,7.2,6,70,84.88
15,91,4.8,3.7,2,34,60.72
11,62,6.4,6.5,8,30,58.68
9,99,4.6,6.5,8,32,67.89
5,53,8.3,2,3,33,46.44
8,45,7.6,9.5,4,65,57.45
3,62,7.5,6.9,7,93,73.93
13,99,5,2.6,10,65,100
4,77,8,6.3,2,56,60.8
16,67,8.4,4.8,4,70,84.3
20,64,6.1,6.1,5,38,72.81
2,72,5.3,4.7,9,97,79.49
1,47,4.9,3.9,2,75,46.57
7,82,5.9,2.3,5,45,58.9
1,85,5.6,5.2,5,59,59.61
13,58,7,5.7,1,65,67.5
3,76,8.5,4.8,6,70,73.86
7,52,4.2,5.4,0,65,48.19
4,68,4.9,3.9,6,60,63.1
10,41,7.2,8.7,0,89,58.2
13,42,8.5,9.3,0,73,61.84
3,70,4.5,8.2,4,65,51.81
12,65,4.4,8,7,36,60.05
15,71,8.2,9.7,1,77,78.64
4,41,5.1,8.4,2,43,41.49
14,54,4.9,2.7,5,98,93.75
2,56,8.4,1.4,0,68,47.78
11,84,7.1,8.3,4,51,72.02
19,69,4.6,3.9,2,82,86.21
4,73,6.6,6.2,10,92,90.49
11,89,7.7,3,4,67,83.13
12,75,8.2,3.2,10,56,90.13
3,71,4.3,1.1,3,89,72.33
7,71,4.5,2.9,9,97,89.52
11,88,8.7,7.4,10,49,87.31
4,98,4.7,9.3,6,87,79.25
17,52,7.9,2.7,4,84,83.65
10,100,8.3,6.8,2,89,87.67
4,55,4.1,5.1,4,33,41.28
17,68,5.8,2.1,8,40,79.21
7,49,6,4.9,5,36,49.75
12,46,4.2,4.4,6,54,62.47
13,51,7,5.8,7,96,87.85
2,81,5.2,2,1,36,48.83
19,57,5.2,5.8,4,58,79.78
13,65,6,3,4,93,82.42
7,62,7.2,7.4,4,30,43.17
17,98,7.5,5.3,4,60,82.54
3,50,4.9,9.1,2,31,32.57
14,61,4.1,9.8,1,51,56.12
1,78,5.8,5.3,0,92,63.94
16,47,4.2,1.2,10,67,92.41
17,72,4.8,2.3,1,42,63.62
11,68,6.5,4.2,8,62,81.46
9,63,6.3,8.4,4,72,70.71
20,70,4.6,7.2,10,32,76.39
14,94,5.1,9.9,5,93,83.29
19,87,7.5,4.9,3,41,73.68
13,80,4.5,3.5,10,99,100
15,96,6.6,3.4,10,74,100
13,77,6.1,9.9,4,54,61.06
17,84,5.7,6.5,6,88,96.04
12,58,4.6,1.1,10,48,77.72
5,73,8.8,6.6,10,50,69.35
10,44,8,1.1,0,57,54.7
19,47,4.3,3.8,6,75,86.73
1,43,5.3,4.2,4,94,62.79
18,49,8.8,7.4,2,55,67.99
3,58,5.1,5.3,5,61,58.96
13,67,6,9.1,4,68,71.51
6,76,6.2,8.9,9,47,67.34
7,56,4.7,6,4,69,55.57
19,99,7.1,5.9,6,85,98.22
17,68,7.5,5.5,10,75,97.62
14,69,6.1,4.7,0,33,59.56
14,45,7.8,6.5,4,61,69.27
12,48,7.1,9.1,4,36,55.68
13,48,6,1.1,8,88,94.47
3,43,5.4,9.9,1,72,43.96
10,76,6.4,4,0,45,58.57
17,87,7.6,7.3,8,48,86.61
16,48,5.1,7.1,2,68,68.16
1,91,6.4,7.2,1,38,36.13
20,96,4.6,1.9,3,43,81.1
17,68,6,9.3,4,81,81.4
6,92,5.2,8.6,4,86,77.15
20,47,6.2,6.7,2,48,69.91
8,50,6.6,7.3,3,90,67.49
10,82,4.5,6.3,5,65,70.29
4,69,6.1,4.8,0,66,51.65
19,64,4.1,3.7,10,86,96.63
12,48,6.3,7.5,4,31,57.04
12,72,8.3,5.5,5,97,88.95
3,51,7.3,4.2,9,73,70.32
5,57,7.9,6.9,6,38,57.72
16,64,8.8,6.5,2,94,89.36
17,56,4.6,3.9,9,74,91.53
13,44,4.2,8.7,2,59,50
4,71,8.7,5.3,3,60,54.76
6,86,8.5,7.8,6,38,56.04
9,47,4.2,7.7,7,77,70.07
1,99,4.9,2,7,78,72.33
19,75,5,3.3,7,66,88.46
6,67,8.1,8.3,3,41,51.16
4,53,4.2,2.3,0,76,55.68
19,74,8.3,4.1,10,97,100
7,76,8.1,5.5,5,47,67.14
15,67,7.1,8.9,9,40,70.2
17,59,4.5,5.5,0,99,77.72
8,92,8.7,9.3,4,79,78.98
3,95,8.4,9.7,1,98,70.93
17,99,7.1,3.8,9,37,90.12
4,77,6.4,9.3,4,33,40.02
14,56,5,9,0,47,47.25
11,99,7.8,9.2,0,60,65.33
19,97,7.1,8.5,0,74,88.14
14,78,7.7,9.4,8,91,99.7
9,86,4.2,1.3,8,58,81.34
14,70,5.5,8.6,3,32,61.07
1,89,7.9,2.8,9,78,83.61
1,75,6.4,4.5,6,46,54.19
14,75,4.7,4.9,9,77,89.31
11,67,8.6,3.1,1,31,51.8
18,76,4.2,8.2,3,37,59.16
5,68,4.9,1.4,5,61,70.36
5,78,6,6.9,10,39,59.82
18,53,6.5,7.6,5,58,73.97
10,100,5.8,6,10,61,87.68
9,60,7.5,5.5,0,74,66.41
20,71,5.4,2.8,2,96,91
18,53,4.6,7.5,2,34,62
15,81,7.8,9.6,0,93,83.75
9,57,6.9,3.7,1,37,46.68
20,64,6.5,8.8,6,86,87.13
7,64,4.9,4.9,0,69,49.46
12,99,4.1,6.5,5,63,81.09
19,53,7.8,4.1,9,85,100
2,91,4.5,4.5,10,66,79.35
18,69,6.1,7.5,8,63,82.82
13,69,7.7,9.3,2,31,50.86
9,45,9,7.9,4,73,66.5
2,79,5.4,3.4,4,31,42.52
19,82,5.6,3.4,2,86,90.67
15,40,6.3,9.7,7,57,67.46
19,100,4.4,9.1,8,70,100
15,51,5.3,8.1,4,93,75.04
6,49,8.4,6.9,3,44,50.49
6,83,6.5,5,5,35,58.19
8,43,8.8,9.9,4,32,47.15
12,74,7.6,6.4,5,43,62.35
15,47,6.6,3.1,5,77,84.82
14,44,7.2,8.9,2,33,47.26
12,61,8.9,9.1,5,90,87.14
10,79,4.2,4.3,4,49,68.83
1,46,7,8.3,8,95,72.1
12,100,5.1,8.5,0,49,58.79
3,44,8.8,9.9,9,94,79.53
18,86,6.1,7.6,8,36,81.51
17,73,6.2,3.4,9,67,99.32
11,55,8,9.8,3,88,69.63
4,84,5.2,7.6,6,76,64.2
18,72,4.4,4.3,7,59,84.37
14,54,6.8,8.4,2,98,74.8
14,83,6.9,2.2,4,66,81.13
4,45,6,5.5,2,93,62.14
7,97,4.9,5.1,2,45,56.95
18,85,8.7,7.7,2,34,73
1,84,4.8,1.7,8,97,87.98
14,62,4.6,7.3,3,67,63.55
11,77,7,2,0,39,60.61
12,100,6.2,4.7,7,85,92.61
16,84,4.7,2.7,9,95,100
1,77,7,7.1,7,78,66.5
6,72,7.6,3.5,1,59,55.99
11,43,6.8,9.1,9,95,88.24
14,58,5.6,3.9,2,48,56.42
7,67,6.6,6.2,9,70,71.96
10,50,4.6,3.5,7,58,72.74
10,100,8.6,9.9,1,59,68.22
5,46,5,8.5,2,33,35.28
2,97,6.7,8.2,0,92,67.88
1,63,5,9.5,9,84,69.94
17,48,8.2,3.7,1,45,63.17
14,71,5.3,8.8,4,44,68.33
3,87,8,7.5,5,50,59.43
9,69,7.2,5.6,1,70,68.7
2,67,4.5,7.3,8,70,59.73
18,82,8.2,6.6,10,31,82.09
19,64,8.4,3,3,63,83.02
16,92,4.9,5.5,2,55,75.4
3,100,6.6,7.5,3,30,47.73
16,75,7.1,7.4,0,83,79.33
20,64,7.2,3.1,5,91,99.31
6,96,5.5,3.1,4,92,81.98
13,78,5.8,5.3,1,58,61.41
10,66,8.8,3.9,10,84,89.15
15,60,7.3,4.1,6,46,77.04
16,93,8,5.4,6,60,83
9,72,5.1,8.7,6,37,57.67
11,56,7.4,4.7,7,84,82.46
2,57,6.4,3,10,35,55.63
14,54,6.9,2.5,3,44,69.85
20,79,5.6,6.4,0,32,66.5
3,89,7.5,9.2,8,38,61.21
17,53,5.8,2.8,2,98,85.26
8,58,8,9.2,5,82,67.29
8,100,4.1,8.6,8,43,68.14
16,42,4.8,3.7,3,61,61.97
4,92,7.9,6.9,2,64,65.92
3,44,6.5,7.3,6,32,36.18
18,78,8.6,1.9,9,80,100
20,94,5.6,3.9,8,32,84.35
15,52,4.5,9.7,9,90,85.52
14,45,5.1,4.7,4,91,76.28
18,72,5.2,1.2,7,80,100
18,85,4.5,3,0,80,85.9
15,63,6.4,2,4,72,77.26
3,46,6.8,2.9,7,61,56.07
13,79,8.2,5.7,9,59,81.5
16,56,6.1,7.7,2,34,53.48
19,78,6,1.1,3,92,98.05
11,81,5.2,5.2,7,95,91.85
3,98,4.5,7.3,6,46,61.78
6,73,7.7,2.5,7,44,61.46
14,71,4.9,8.2,7,47,73.62
18,66,6,3.7,6,67,89.64
9,73,5.6,9,9,51,65.37
17,83,5,6.5,5,96,96.4
16,69,5.1,4,2,51,68.46
16,40,5.6,2.6,7,38,74.64
1,59,7.5,2.8,1,98,63.35
4,43,7.1,6.4,1,74,52.31
8,62,7.1,9.4,4,66,65.67
14,77,7.6,4.3,6,62,83.8
7,44,7,1.9,3,65,56.74
19,46,4.6,5.7,10,79,91.38
19,78,5.4,8.3,9,90,98.49
1,90,5.2,2.9,9,48,62.06
16,95,4,1.7,0,47,69.79
15,67,7.3,3.9,8,45,76.6
13,64,7.9,7.4,5,69,80.24
11,73,4.4,6.4,3,51,65.98
9,85,4.7,4.9,7,92,90.03
9,83,4.6,9.1,10,74,78.41
12,94,6.3,7,6,57,79.46
7,64,5.9,9.4,0,55,45.48
17,52,4,3.8,1,77,77.49
17,98,4.1,3.5,10,65,100
13,42,9,7.3,4,37,62.75
1,95,7.6,5.2,9,88,84.05
16,87,8.4,7.8,1,34,62.26
20,97,7.6,7.4,2,46,73.76
4,43,6.2,7.4,5,42,48.88
9,94,5,6.5,0,72,69.35
11,97,7.5,9.2,9,76,90.95
13,66,8.2,7,1,54,66.54
17,49,7.6,1.8,7,35,71.78
7,84,6.5,2.6,0,69,61.59
12,47,5.7,6.1,1,89,63.35
3,51,7.6,2.7,9,32,59.47
1,53,7.2,5.1,3,69,56.54
7,87,7.8,2.2,0,78,73.08
6,57,4.7,3.8,3,54,50.56
7,51,8.9,3.3,7,63,66.34
12,77,5.8,8,8,87,92.56
6,42,8.7,6.3,2,98,68.06
14,62,7.2,7.1,4,56,67.35
17,75,8.1,8.1,1,95,89.35
9,53,6.3,1.3,1,96,75.51
6,70,4.7,6.3,5,78,69.94
2,60,7.5,6.7,0,50,39.36
11,61,7.2,1.9,5,69,73.04
18,51,7.8,5,9,88,100
14,86,6,8.5,4,77,82.01
16,83,6,1.4,3,94,90.04
14,89,5.3,6.2,9,33,72.38
6,99,5.5,6.4,8,55,78.97
19,88,4.7,7,0,41,63.25
5,91,5.7,4.6,7,30,61.79
7,96,4.9,3.8,2,60,69.27
14,45,7.6,2.4,8,77,81.43
6,62,4.5,5.9,6,57,64.95
13,93,6.3,3.2,1,79,76.45
5,65,7.9,9.1,10,84,80.89
18,44,5.7,7,9,33,67.5
20,51,7.8,4.3,5,94,100
20,78,7.8,9.2,10,59,90.92
7,42,5.1,4.9,5,79,66.67
14,49,5.4,4.5,7,34,61.36
14,51,4.8,7.1,1,89,73.88
12,83,7.7,6.9,6,31,62.62
5,76,6.5,7.2,0,92,65.75
13,67,7.9,3.7,4,44,69.67
15,72,5.9,5.3,5,98,98.14
4,90,4.9,4.8,6,40,54.58
11,100,8.7,6.3,3,95,93.99
15,67,4.2,3.5,1,92,79.31
2,96,7,4.3,6,73,75.6
1,74,5.3,3.6,6,32,48.12
10,80,4.2,2,0,98,80.1
8,51,4.4,1.9,2,93,68.9
9,62,8.9,7.2,3,97,78.71
2,44,5.6,1.3,9,42,54.6
3,61,8.6,7.7,6,81,62.24
9,86,7.3,8.9,6,44,69.18
19,56,9,6.5,8,61,91.13
2,63,6.9,2.9,6,65,66.29
6,57,6.5,1.4,6,53,66.19
9,40,6,1.2,6,46,58.4
15,78,8,6.7,1,58,67
11,54,4.3,3.6,9,88,87.61
20,61,6.7,5.3,8,31,76.11
11,62,8.1,2.4,7,56,77.51
6,83,6,4.6,10,40,71.93
18,62,4.4,7.7,8,77,86.13
11,68,7.4,1.3,9,51,82.77
19,67,6.1,7.9,4,92,96.15
13,98,6.7,4.4,1,42,65.39
7,47,6.9,2.6,2,81,65.33
12,88,5.1,9.1,4,70,77.07
4,82,8.4,9.6,10,70,77.01
18,65,5.1,4.6,7,66,90.48
15,50,8.6,2.6,4,30,63.91
11,88,6.3,2.6,1,79,78.22
14,66,6.1,6.7,9,58,76.78
20,72,9,6.4,6,32,76.3
8,50,6.8,5.2,1,77,54.73
20,96,7.9,4.5,8,54,100
6,69,5.8,8.9,2,90,69.96
7,60,4.7,1.6,0,56,52.87
15,55,7.4,5,3,52,73.2
17,81,4.6,6.4,5,50,72.81
3,40,7.7,7.1,6,96,74.19
13,44,7.9,9.6,8,45,68.57
20,81,8.9,7.4,7,91,100
2,58,8.1,8.5,0,76,47.91
17,80,7.2,4.9,1,43,64.39
9,88,8.1,7.8,1,51,58.42
11,49,8.6,8.2,3,63,57.84
3,69,8.5,5.4,3,63,56.46
15,61,7.9,7.3,9,65,86.86
5,49,6.6,1.2,5,76,70.44
10,100,7.6,6.1,4,90,90.38
10,49,7.7,7.3,2,67,64.7
9,80,5.1,8.7,9,68,73.7
1,56,5.8,5.6,8,81,66.58
6,62,7.2,6.3,8,70,72.72
13,95,8.6,6.8,8,91,96.87
13,40,7.3,1.6,3,69,67.34
5,57,7,7.6,1,55,45.03
15,76,8.6,9.2,8,59,86.72
12,82,4.2,6.6,5,94,80.35
18,74,8.2,5.8,1,37,65.9
17,55,5.2,8.2,2,61,62.83
15,51,4.2,6.5,8,65,72.49
7,86,8.2,1.6,2,96,80.67
7,54,5.2,7.9,7,89,68.52
2,60,8,1.7,7,44,58.2
16,52,4.5,6.3,9,92,90.3
1,77,6.1,9.1,7,54,57.04
20,88,6.3,1,6,64,97.27
6,61,6.5,5.6,10,68,72.82
18,55,5.7,7.1,8,69,87.2
4,88,8.7,5.4,5,95,81.69
6,51,4.3,4.9,4,42,52.71
15,61,7.2,5.8,2,54,69.94
8,53,5.5,3.7,8,90,76.99
10,99,7,6.1,2,71,70.73
13,90,4.9,2.4,10,50,85.39
17,70,7.3,8.1,4,59,81.25
16,99,8.3,3.7,2,69,85.01
12,93,7.7,5,6,80,93.84
1,88,8.7,1.5,6,75,77.39
5,69,7.8,1.2,3,56,63.85
9,58,8.2,1.2,6,78,78.95
18,87,5,2.9,8,86,100
4,44,5.2,3.9,7,90,76.16
2,89,7.3,7.2,7,61,63.97
20,77,5.9,1.9,10,73,100
12,68,8.6,2,2,39,61.21
14,92,4.8,2.4,4,55,78.9
15,55,5.6,5.9,10,63,84.95
10,84,4.1,7.9,1,70,68.71
12,97,7.9,7.7,3,53,69.69
8,69,5.8,2.8,4,62,68.25
1,48,4.6,4.7,6,92,67.9
17,43,8.6,5.6,0,85,80.92
17,95,8,8.1,7,66,93.45
3,87,4.4,1.8,8,44,65.31
17,94,8.3,6.2,7,54,92.78
14,92,5.4,5.1,2,72,73.46
19,61,6.3,8,6,32,68.13
10,40,7.1,4.5,0,58,50.09
5,56,8.3,6.3,5,98,74.85
7,89,8.1,9.3,9,49,68.84
5,53,5.5,1.9,8,35,60.4
18,62,8.8,3.9,5,59,85.66
7,59,4.8,9.9,3,57,53.78
1,48,8.4,9.5,1,78,41.79
7,64,4.2,4.9,3,56,58.89
19,92,4.6,9.7,8,96,98.78
7,47,8.7,7.7,5,70,62.97
7,45,8,4.2,4,95,69.29
15,41,4,8.2,6,42,57.61
10,93,4.3,9.5,10,68,79.86
3,81,7.2,4.5,7,32,62.51
9,86,7.2,3.9,2,61,64.67
1,48,6.6,2.3,7,34,42.85
7,95,7.7,3.6,9,83,96.77
14,51,4.9,5.7,2,53,57.91
4,90,4.8,5.5,4,81,71.46
9,79,5.6,8,5,33,60.84
2,87,8.4,9.2,0,99,63.75
20,86,6.6,2.4,0,74,91.39
3,66,8.9,2,7,89,86.48
18,68,4.7,6.4,10,30,74.98
16,97,8.5,2.2,10,99,100
20,82,7.6,5.3,9,55,91.63
17,48,8,2.3,10,40,85.72
13,58,8.4,1.9,3,62,69.8
10,61,7.6,5.2,9,96,92.57
9,88,8.5,4,5,48,72.85
2,87,8.5,4.5,0,55,58.2
1,49,7.2,8.5,3,50,39.25
1,76,6.4,8.7,3,81,57.91
7,69,7.1,5.9,1,65,60.44
17,99,5.7,10,2,62,74.38
16,89,6.7,7,10,73,100
9,44,7.9,4.8,0,99,64.29
8,69,8.2,2.1,4,46,68.67
10,68,6.2,9.9,1,94,65.53
17,52,4.7,7.1,0,55,61.84
12,73,7,2.4,8,97,93.21
18,63,6.7,7.2,8,51,80.08
4,83,4.8,6.7,9,58,72.93
5,74,8.7,6.5,3,65,57.13
13,58,5.9,5.7,6,90,84.2
5,86,8.7,1,4,69,71.35
20,78,8.8,1.5,6,47,86.29
6,88,8.9,9.8,3,80,73.92
14,65,7,3.2,5,39,65.77
9,48,8.5,2.1,9,49,69.47
5,83,5.4,3.9,10,45,71.08
17,46,7.9,6.4,3,86,78.67
4,74,7.7,5.1,1,73,64.54
2,64,8.2,3.3,10,89,82.25
6,96,7.5,8.8,7,67,72.1
4,45,9,6.4,9,76,68.75
16,93,7.5,4.9,0,43,72.93
9,93,7.6,3.5,4,95,87.12
9,62,4.4,1.9,7,61,73.21
8,77,6.2,3.4,7,78,83.17
13,42,7,6.3,10,42,71.81
4,88,5.2,6.2,9,83,84.82
2,62,7.2,5,7,96,70.39
13,92,8,7.7,6,33,67.39
6,41,7.2,4,4,82,69.11
15,94,8.5,4.2,10,74,100
8,57,6.2,1.4,7,63,76.11
6,53,6.8,8.8,10,71,74.9
12,89,8.1,8.6,1,72,70.59
18,87,8,9.7,5,69,82.47
3,80,6,6.6,10,53,71.38
7,56,8.3,5.4,5,86,79.21
6,50,5.6,2,9,69,78.53
18,58,7.8,5.8,6,39,70.24
3,85,7,8.9,6,63,59.4
11,74,5.8,2.2,6,43,74.3
10,79,6.9,1.7,3,86,86.24
8,75,4.8,9.9,0,93,60.5
8,55,8.4,5,3,48,50.78
8,41,8.3,5.3,7,83,76.19
19,52,6.1,8.6,9,81,93.95
13,87,5.3,8.2,5,63,74.79
12,97,8.6,3.1,8,75,91.99
5,60,8.3,9.9,3,98,69.31
4,98,7.9,5.6,7,98,86.74
20,54,7.6,7.5,10,100,100
8,69,5.3,8.5,7,86,76.88
14,44,8.8,2.5,8,87,93.17
2,97,5.7,8.8,2,38,47.07
3,86,5.4,3.3,0,92,65.15
5,65,5.1,5.1,8,68,67.54
19,91,8.4,9.5,2,99,100
19,60,8.3,9.7,0,75,74.81
3,79,4.3,4.7,2,54,47.7
20,89,7.8,2.6,2,33,78.4
16,86,4.6,1.8,6,79,97.68
13,84,6.4,8.6,2,42,58.51
6,85,6.2,3.3,1,53,54.92
7,54,5.8,6.8,1,73,54.98
4,73,5.3,8.9,0,37,38.7
4,50,4,9.9,0,30,23.32
10,41,8,6.1,5,38,60.42
7,80,7.1,2.6,3,74,67.78
5,78,5.9,2.6,7,52,67.77
15,41,7.1,9.4,1,69,66.89
4,62,7.4,6.3,2,42,45.25
20,49,9,9.3,7,100,100
15,100,4.6,6,5,61,80.81
8,92,6.5,8.1,0,75,59.4
16,91,8.2,6.9,9,42,90.46
3,82,7.3,9.2,9,98,83.82
18,81,5,3.9,7,55,84.27
14,65,6.2,1.7,0,92,75.04
18,70,7,3.8,4,37,73.03
2,52,8.7,3.8,9,99,78.12
11,87,4.2,1.3,4,79,78.65
18,43,8.1,7.2,6,95,91.76
6,72,5.9,7.3,3,42,49.67
6,97,5.1,3.9,3,93,75.75
20,40,4.2,4.4,1,67,63.7
8,82,8.1,8.5,2,79,73.64
12,98,8.2,1.4,2,61,81.2
9,96,8.6,7.1,10,69,86.78
9,66,7.5,4.7,6,78,76.04
7,92,7.9,3.3,0,80,66.18
15,48,7.3,3,10,44,75.24
16,44,4.9,3.9,4,80,75.2
10,58,8.3,3.4,1,80,74.13
7,100,4.4,8.6,3,46,57.4
2,70,6.4,2,0,79,53.99
3,55,6.2,4.3,2,86,61.35
2,82,8.7,7.9,3,56,57.74
2,76,4.1,2.4,4,52,52.32
7,97,7.2,4.5,2,67,70.16
8,51,7.1,4,7,33,62.33
3,93,5.2,5.8,8,50,61.51
11,43,4.6,1.6,8,98,82.18
6,86,8.7,4.3,2,43,60.45
1,64,4,1.5,6,45,56.28
2,76,6.7,1.2,7,79,73.23
20,64,6.2,7.7,10,92,100
12,80,6.3,9.3,2,88,76.3
12,54,4.7,6.7,2,79,72.43
6,63,7.7,4.9,4,48,51.6
14,85,8.4,8.7,6,46,79.31
12,53,8.7,4.8,6,88,88.09
15,100,5.9,4.3,5,81,89.28
17,53,5.2,7.4,9,54,84.37
20,63,8.5,5.9,6,77,95.78
7,65,4.7,2,10,87,84.79
20,66,4.3,3,8,50,88.18
17,67,4.9,5,3,79,82.14
6,57,8.9,7.1,2,81,64.53
7,49,6.1,5.2,2,92,63.86
20,73,7.7,8.9,10,42,90.83
3,41,4,8.8,0,72,43.78
11,99,8.5,2.8,2,57,73.54
3,63,7.1,3.8,7,90,74.43
6,58,5.5,8.2,2,49,41.86
4,74,8.6,4.7,8,100,89.26
9,84,8.2,3.2,1,48,67.45
4,88,4.2,8.9,7,78,70.46
1,77,7.4,8.4,7,53,57.2
1,71,8.7,6.1,5,40,55.23
3,51,4.7,3.7,6,49,47.32
7,80,5.6,7.4,1,75,63.25
16,41,7.1,6.3,2,76,75.49
7,72,5.4,5.7,0,92,63.9
6,43,7.2,7.3,4,87,70.64
11,42,5.4,10,10,88,82.59
11,75,4.2,8.8,9,31,66.51
1,59,5.9,9.1,6,79,53.46
9,84,5.9,4.3,8,84,87.37
11,48,8.7,7.5,8,54,70.51
9,45,8.6,9.3,1,70,60.31
4,41,8.1,8.3,1,61,39.16
12,44,4.8,8.2,1,39,38.48
1,87,8,8.8,9,39,55.32
15,80,8.4,8.1,1,45,59.35
5,52,8.6,9.3,2,41,44.94
3,40,6.2,7.2,3,36,38.34
13,60,7.1,2.7,3,93,85.39
6,70,5.4,7.1,0,86,56.5
1,45,4.9,2.8,2,99,60.74
7,84,4.6,7.9,3,53,61.1
8,50,6,8.5,4,82,64.88
10,53,6.1,8.4,3,97,66.65
9,58,7.8,1.6,1,93,73.29
2,79,7.8,4.9,10,87,78.15
3,60,6.9,9.2,5,38,45.61
11,68,5.8,8.3,5,93,77.96
16,60,6.7,7.7,3,51,60.85
12,66,6.3,5.2,6,89,90.08
15,68,4.8,7.6,6,83,89.46
5,90,5.6,9.9,10,49,67.21
1,67,8,7,2,49,45.97
6,53,4.5,4.5,2,64,51.2
1,71,6,3.7,8,65,63.08
16,78,7.6,4.9,2,92,94.55
2,62,8.8,1.6,5,91,76.15
5,55,6.6,5.4,3,83,63.46
10,80,4.8,6.7,10,84,91
20,48,6.6,4.1,5,46,73.65
16,44,4.1,4.3,3,56,69.95
8,98,8.4,3.8,7,65,84.84
19,90,5.7,2.7,2,71,91.32
19,98,5.1,6.3,3,61,83.68
16,96,4.1,5.6,1,79,84.12
20,60,4.4,5.4,9,64,85.08
13,89,5,7.9,2,76,78.82
2,70,5.2,6.7,5,75,64.94
16,75,4.7,3.5,5,92,98.51
20,96,6.7,8.4,10,54,100
20,78,4.6,7.6,3,97,96.41
10,55,8,4.8,0,68,57.88
5,58,4.1,6.9,6,40,47.64
5,68,7.1,6,9,86,84.32
4,99,5.4,3.5,9,88,86.15
19,48,5.6,1.2,0,71,75.05
12,49,5.6,7.5,8,33,61.82
11,65,4.9,6.5,0,66,56.42
19,42,8.4,1.5,2,93,83.95
3,48,4.8,5.7,3,41,42.62
12,61,4.4,4.1,1,93,72.64
2,73,6.1,8.1,2,100,68.74
7,68,4.8,7.9,4,59,54.63
18,41,4.3,8.6,3,91,71.32
8,88,5.2,2.4,2,94,77.67
13,88,7.2,4.6,8,67,89.85
14,75,4.3,2.8,0,56,61.26
16,40,5.7,1.7,5,95,92.92
6,65,5.1,5.8,10,66,71.16
12,72,5.9,8.5,9,62,77.19
11,97,5.3,2.1,4,87,82.96
20,81,7.4,7.9,3,53,74.38
13,91,4.5,9.4,3,55,69.97
10,93,7.4,2.9,9,68,89.56
2,81,7.1,6.1,4,57,57.4
10,40,5.1,2.6,5,56,61.92
13,86,5.6,9.9,9,51,83.07
16,75,7,8.2,10,61,84.28
4,96,4,1.3,0,31,51.26
1,59,6.2,7.6,2,42,31.93
7,81,5,4.8,5,39,55.91
1,59,7.9,9.1,4,48,41.78
7,47,8.6,7.7,10,33,64.63
16,51,4.1,1.8,3,88,86.11
19,84,6.8,3.4,9,91,100
5,53,4.3,7.1,0,34,32.38
15,66,4.9,1.1,0,38,64.49
9,85,5.4,5.3,4,33,59.98
7,55,7.4,8.3,10,35,65.31
14,75,8.8,5.4,3,36,63.35
3,78,5.8,8.4,8,50,58.64
12,86,6.8,2.3,10,74,95.84
19,65,5.9,9.9,4,48,73.7
16,83,6.7,4.2,6,41,79.42
5,61,8.6,6.8,7,99,85.61
6,96,4.2,5.6,10,48,74.83
18,80,8.2,2.4,9,47,98.77
7,92,7.5,1.7,6,44,77.49
18,42,6.6,6.2,4,100,90
6,87,5.1,7.4,5,92,72.67
12,75,8.7,5.7,6,58,78.81
14,84,7.8,2,10,88,100
7,85,4,8.1,8,43,63.19
3,84,8.8,3.2,6,68,77.16
18,80,4.5,8.3,0,32,51.27
4,53,4.9,8,1,38,31.57
4,67,8.7,7,0,68,51.51
12,53,5.5,6.6,7,35,62.8
2,71,5.6,1.3,7,79,76.21
4,67,7.4,6.6,5,92,78.77
13,42,8.8,7.8,1,90,67.99
3,45,5.2,8.5,10,42,51.75
11,55,7,5.2,5,69,72.68
15,53,7.1,1.9,10,46,83.89
1,99,6.5,1.6,2,89,69.75
19,64,8,5.8,0,62,74.13
17,71,4.9,5.1,2,35,59.91
11,67,4.5,2.4,1,55,60.24
8,40,5.9,7.7,10,52,67.45
2,59,4.9,4.1,10,93,75.47
15,91,7.5,9.2,1,51,63.32
20,76,4.1,5.5,6,32,76.92
12,80,6.7,4.8,0,65,66.48
14,44,4.3,3.4,10,75,85.46
17,98,5.2,9.4,2,45,63.53
3,76,4.9,2.8,10,99,86.66
9,70,4.3,8.1,2,82,60.65
2,54,5,3.7,6,31,42.86
17,90,4.1,5.7,4,97,88.93
5,60,8.6,8.7,3,54,54.29
16,70,5.1,2.6,8,99,100
3,49,7.3,8.7,2,38,36.14
3,76,4.8,6.6,6,76,71.51
9,66,4.3,4.9,5,80,67.59
12,65,6.2,8.5,3,46,57.94
17,96,6,8.8,10,50,86.8
17,58,6.5,1.7,9,33,78.11
18,45,7.5,8,10,35,73.68
13,57,6.3,8.3,5,68,75.25
20,60,8.6,8.7,7,95,99.87
19,84,6.8,7.1,9,47,88.79
3,84,6.4,4.1,8,38,58.9
9,99,5.4,3.6,8,59,80.09
11,98,5.2,2.7,4,54,78.85
17,83,6.1,3.4,6,54,88.19
5,91,7.8,3.7,10,76,90.86
18,60,5,5.2,8,52,76.61
10,80,5.2,6.4,10,73,82.24
16,63,5.2,5.4,4,88,85.04
5,56,7,3.3,6,100,85.61
1,44,4.9,9.4,7,88,64.8
18,77,8.1,5.6,6,55,82.76
14,80,8.9,6.4,7,85,93.32
4,48,4.9,4.3,0,35,37.75
9,46,6.7,3.4,1,84,61.9
19,43,4,4,9,65,83.26
8,54,5.1,6.4,4,100,72.26
8,49,4.1,6.3,3,51,53.54
13,53,6.7,1.2,2,41,61.24
20,57,8,2.1,3,82,87.8
15,79,4.8,2.6,3,65,73.3
8,82,5.5,6.2,9,79,83.65
8,46,8.2,4.7,7,86,74.24
13,94,7.1,4.4,8,64,86.78
16,67,7.9,5.7,5,32,68.32
20,64,8.2,6.5,5,48,81.98
20,93,7.5,4.4,6,56,90.07
12,65,5.4,7.4,3,78,72.34
16,41,7.4,6.1,10,38,73.66
1,64,6.9,4.2,0,92,57.62
15,98,6.1,4.9,5,59,81.25
9,70,4.8,3,9,96,93.15
7,94,4.2,4.4,0,59,53.32
6,45,7.1,6,4,40,47.87
9,68,4.7,2.3,6,65,77.49
6,54,6,2.5,1,59,57.46
20,43,6.9,8,2,66,72.41
14,97,4.8,1.2,3,39,66.82
4,57,8.1,2.6,1,89,65.81
12,86,4.9,5.8,2,61,71.82
11,94,4.9,3.5,0,94,80.03
2,65,4.7,1.4,2,46,43.19
20,93,5.8,8,7,61,91.47
4,85,5.2,6.8,0,38,47.68
5,40,5.4,5.8,7,80,66.18
13,96,6.6,9.7,8,75,92.76
19,85,8.2,4.6,4,97,100
6,72,8.3,2.1,0,56,52.14
12,93,5.5,6.4,6,78,84.36
12,41,5.6,2.8,0,57,54.2
5,68,8.3,8.1,2,68,56.72
5,41,8.5,9.1,4,92,63.24
15,63,8.4,5.2,6,36,67.67
5,97,7.2,1.9,5,36,62.1
13,96,7.3,4.9,9,67,92.22
17,75,6.4,9.4,7,38,71.36
7,59,8.6,2.5,1,48,57.4
18,57,4.3,5.6,10,96,99.67
15,65,5.7,6.5,5,71,75.91
2,91,6.6,2.1,7,92,82.97
17,42,7.3,5.9,9,94,91.07
5,99,8.1,4,7,64,74.7
7,45,7.1,3.5,3,35,41.9
1,48,5,6.1,6,49,45.32
19,56,9,2.9,1,50,76.91
9,86,6.4,1.6,7,51,81.98
16,47,4.4,5.1,5,77,81.94
9,76,6.8,9,5,71,71.38
19,73,7.4,8.3,3,58,80.91
14,70,5.4,9.5,4,93,87.15
13,43,8.8,3.7,4,43,67
18,54,8.2,3,3,89,94.4
4,84,6.7,4.3,6,83,77.94
10,45,5.2,6.6,10,38,66.39
2,67,6,4.9,6,90,76.99
11,100,5.9,3.8,7,92,100
13,77,5.1,4.9,3,66,69.89
6,61,4.8,3.9,6,40,50.52
3,90,7.7,2.4,6,93,89
5,43,4,2.6,2,67,57.45
12,83,7.4,8.4,5,41,61.12
10,61,4.5,10,1,35,43.22
7,90,4.8,4.5,7,43,64.07
10,79,8.2,1.6,9,66,84.85
15,78,8.3,2.4,8,42,83.92
8,84,5.4,4.5,5,50,68.32
15,62,8.8,3.8,10,81,98.18
8,90,8.9,3.8,5,56,71.67
5,85,4.8,1.7,9,45,66.38
15,48,4.7,1.7,5,70,78.39
16,67,6,9.4,10,100,100
10,99,7.5,9.1,10,34,73.62
13,52,5.7,1.4,4,79,74.58
16,69,7.3,4.6,5,87,86.8
11,87,8.8,4.8,5,53,70.3
6,56,6.1,5.4,5,48,49.62
5,55,6.6,5.5,4,55,57.12
14,42,7.9,6.7,5,77,74.13
4,70,7.9,9.7,3,57,48.45
17,57,6.7,9,9,55,79.81
2,69,8.8,6.3,4,98,78.47
15,42,5.4,1.2,9,38,72.97
14,99,6.3,9,9,59,92.79
19,54,6.2,3.7,10,34,85.14
19,56,6,1,3,35,65.96
15,55,6,4.9,1,65,67.17
18,100,6.1,5.5,10,69,100
2,71,8.9,2.9,10,100,87.98
4,94,5.2,9.9,8,72,68.37
7,40,7.4,1.7,10,61,79.44
1,46,4.6,7.7,4,51,41.91
9,66,4.8,4.8,2,76,60.93
10,59,9,7.2,10,38,65.46
5,95,4.6,9.4,3,38,52.51
9,51,4.6,5.1,1,94,69.66
18,69,6.6,5.3,9,65,96.1
12,90,4.5,2.6,3,99,94.84
1,98,8.6,8.2,1,38,41.47
11,50,6.6,7.2,3,91,78.61
12,41,5.7,4.5,6,43,64.68
13,53,4.8,6.6,7,38,68.22
8,93,7.3,9.2,7,88,84.06
12,52,8.5,1.3,3,30,59.35
1,82,8.7,6.8,6,30,56.48
15,45,4.7,1.9,8,44,73.8
16,71,6.8,6,5,45,74.41
2,90,8.2,3.9,4,98,83.31
10,42,8.3,1.5,4,47,63.91
13,49,5.4,8.6,1,97,69
16,59,7.7,4.7,0,66,67.62
3,95,4.7,5.7,9,42,63.14
4,56,7.8,3.9,1,53,49.78
19,91,4.4,1.4,4,100,100
3,91,7.6,9.4,8,68,76.65
10,46,8.5,7.8,0,69,61.53
14,45,7.3,3.4,0,47,51.23
19,40,4.5,5.3,7,76,83.27
4,56,4.8,9.5,3,40,36.87
6,81,8.6,7.3,1,32,46.91
5,50,7.7,8.4,10,95,77.7
14,40,7.4,8.9,9,54,72.29
8,43,6.1,6.5,6,54,62.27
10,62,4.7,9.8,6,66,63.17
20,94,8.4,7.4,4,93,96.2
4,65,7,7.7,2,53,52.32
19,47,8.8,3.2,0,59,77.19
2,86,4.4,4.6,3,65,63.29
19,40,7.3,7.5,0,82,67.84
7,68,4.7,7.5,1,77,56.54
14,64,7.3,7.1,7,55,80.35
5,53,5.9,2.7,10,61,71.41
9,67,4.2,1,7,50,64.43
2,87,6.3,3.6,6,44,64.09
5,58,5.4,4.8,0,90,63.11
17,44,6.9,4.1,10,58,85.27
9,93,6.4,4.5,2,91,77.38
5,41,7.9,6.8,6,58,62.67
18,72,7.2,2.3,4,77,91.2
4,57,8.3,5.6,4,81,60.05
19,96,4.5,9.1,4,61,85.09
18,94,7.1,8.2,8,53,91.15
17,40,4.7,1.2,8,83,91.56
1,70,5,2,4,84,62.41
9,77,5,4.6,9,75,79.1
16,79,5,3.2,0,73,74.03
8,74,5.7,3,8,32,67.02
4,76,8.5,3.1,0,56,54.1
18,87,4.4,7.1,8,86,100
8,87,5.1,4.3,0,62,54.51
19,66,4.6,3.5,9,87,100
3,61,8.6,6.5,1,62,54.06
18,87,7.1,7.8,0,90,87.74
18,50,7.3,7.3,0,92,81.56
7,90,6.1,4,1,94,77.11
19,57,4,7.3,5,87,86.73
6,41,7.7,9.8,9,32,53.3
7,51,8.1,3.1,0,52,47.02
7,52,4.7,5.1,10,87,77.55
5,42,4.6,9.2,3,76,52.85
10,93,7.4,2.4,1,50,66.61
1,50,5.9,5.8,10,83,65.78
6,53,4.4,4.7,6,59,62.03
6,57,7.6,7.4,10,97,91.17
19,97,8.8,6.3,5,87,98.7
20,74,7.3,2.9,7,84,99.43
15,57,5.6,6.5,0,55,57.84
13,89,6.7,9.3,9,44,81.45
5,97,4.3,7.6,8,44,65.23
13,98,7.2,7.4,2,36,64.26
18,96,5.2,2.1,0,95,97.44
18,96,4.4,5.9,1,73,82.08
3,56,5.3,5.9,2,35,36.49
7,48,8,3,10,41,67.72
20,68,4.4,7.5,8,40,81.23
11,69,4.8,3.5,5,33,54.61
1,89,4.1,7,0,33,29.87
6,88,7.7,6.7,1,40,54
16,100,8,5,8,77,96.69
20,41,7.6,9.9,5,78,83.74
17,81,5.4,3.6,2,40,69.58
5,78,7.3,5.9,4,92,75.73
3,49,4.9,7.9,8,35,44.1
16,42,6.5,5.2,0,36,45.53
9,96,5.2,4.1,5,41,65.38
17,57,6.7,4.6,9,45,77.82
5,91,5.3,3.1,5,77,77.25
12,59,8.1,8.1,6,35,62.2
2,80,6.3,4.7,3,82,66.49
20,75,6.3,4.2,0,97,87.13
3,43,5.3,1.4,1,80,51.44
17,47,8.5,9.2,0,63,64.96
9,94,7.2,5.9,7,93,96.91
8,73,5,7.5,3,97,75.92
13,57,5.2,7.1,2,81,71.12
10,86,4.9,6.1,10,69,84.77
6,41,5.2,4.8,2,77,58.56
17,67,5.1,3.8,4,40,68.91
2,92,6,9.5,10,79,73.18
12,88,5.5,8.9,2,81,77.96
12,61,6.7,2.7,3,32,60.01
16,64,5.5,8.1,4,95,86.21
17,72,8.6,1.2,3,43,74.84
18,84,6.5,2.6,4,72,93.51
5,69,7.1,7.3,10,73,71.62
2,94,5.5,2.8,3,56,64.94
12,52,8.1,3.3,5,45,65.16
8,91,4.7,1.9,1,88,76.2
4,74,4.2,9.8,3,41,44.31
7,71,5.1,4.6,5,58,58.44
14,94,4.2,1.7,1,94,87.6
11,64,4.5,9.6,6,100,84.14
17,97,4,9.2,3,33,71.12
1,77,4.5,8,1,100,55.88
20,73,8.6,3.2,6,72,97.04
16,56,7.6,8.4,9,45,82.04
14,98,4,6.6,3,80,80.71
12,48,8.4,1.7,9,39,77.48
17,80,7.9,3.6,8,67,92.49
13,73,6.4,8.5,9,47,78.61
14,52,4.9,7.5,3,94,72.35
8,68,5.4,4,1,41,47.14
2,84,7.7,7.6,2,96,68.87
2,93,5.8,1.2,5,60,66.92
13,67,6.2,8.1,0,96,76.31
4,87,4.6,8,0,35,44.6
2,73,8.4,4.3,6,41,60.45
1,64,4.8,5.1,5,57,47.16
6,89,5.1,9.1,5,36,57.48
17,75,4.9,6.1,7,92,95.32
18,81,8.5,6.6,8,63,91.13
2,47,5.2,9.1,0,97,56.51
7,61,5.5,5.3,10,100,91.89
17,48,6,2.9,10,77,95.97
4,43,4.5,4.3,0,36,32.34
19,77,7.5,8.2,4,53,83.77
15,56,6.9,2.5,9,83,98.48
19,91,5.9,8,4,100,100
20,87,7.6,7.1,7,41,90.24
10,49,6.7,4.3,6,61,64.35
19,46,5.5,8,4,54,74.44
7,46,4.9,8,3,67,56.65
14,65,6.8,9.6,0,82,70.08
1,75,6.4,4.6,1,88,63.9
1,81,6.2,7.7,4,59,54.13
8,60,7.4,6.4,5,61,69.66
17,48,7.3,6.1,0,66,70.5
12,66,8.4,2.1,2,85,78.98
18,91,8.2,2.3,9,75,100
5,67,7.3,1.8,8,78,80.88
12,66,7.2,9.3,3,31,53.58
14,46,7.4,7.2,2,54,63.87
11,76,5.7,9.3,1,62,64.16
9,65,6.7,3.2,4,95,78.65
2,94,4.1,9.6,7,58,54.43
17,67,7,9.2,6,38,75.83
4,93,8.9,4.5,3,39,52.6
7,92,7.1,8.4,0,36,53.36
13,73,4.3,6.8,1,67,66.67
3,94,7.7,1.5,6,52,74.09
17,52,8.4,9.5,10,82,95.4
2,86,5.8,6.7,4,32,51.11
15,68,7,4.5,0,87,82.83
13,88,8.3,7,9,47,81.19
18,91,4.5,8.9,10,90,100
2,50,6.8,9.4,1,63,35.93
17,83,6.7,1.6,3,55,77.72
8,45,8.7,9.6,5,75,67.67
6,52,5.7,9.6,1,89,57.58
3,69,4.1,8.6,2,43,34.61
6,40,5.9,3,6,60,64.18
11,48,6.3,5.9,5,78,67.82
7,68,4.4,7,4,69,59.36
2,86,8.8,8.8,5,36,47.35
13,58,6.6,9.8,1,85,65.62
2,55,6.3,7.1,1,80,51.05
4,99,4.7,5.2,7,95,80.63
6,44,4.1,2.5,1,92,66.15
19,74,8.1,1.9,3,63,86.85
14,50,6.9,4.1,7,86,84.29
14,95,8.1,8.9,8,61,92.09
17,51,6.7,10,6,33,60.75
19,88,6.2,7.6,7,99,100
14,65,7.4,10,7,91,90.33
13,95,8.7,3.1,6,96,100
5,95,8,4.3,0,78,68.24
3,82,8.2,2.6,10,74,81.77
6,45,9,7.1,10,76,70.53
11,74,8.9,9.4,10,63,82.34
5,86,4.4,6.9,2,39,53.16
5,60,6.8,9.7,9,35,55.45
18,89,7.4,3.1,9,99,100
18,95,4.1,2.4,0,72,85.65
20,84,7.6,7,8,85,100
20,85,7.5,5.6,4,46,79.43
20,61,8.2,6.5,8,38,83.16
10,62,6.3,5.9,7,34,63.5
15,45,5.8,2.6,8,81,87.48
16,52,6.7,9.7,2,33,58.15
15,57,5.9,1.7,9,38,79.76
15,71,7.1,5.4,8,49,84.85
19,98,6.2,5.5,2,46,75.58
19,52,6.5,7.7,10,98,100
17,40,6,2.7,10,60,84.42
9,96,4.1,9.1,5,79,74.49
20,61,7.4,6.1,0,45,62.05
18,51,7.9,4.1,5,64,78.74
17,65,6.3,4.5,2,75,83.13
20,58,4.9,3.2,2,98,93.65
9,90,6,8.8,3,99,86.13
19,99,4.5,4.6,4,40,81.06
11,51,6.7,4,7,52,74.46
11,64,4.8,6.2,6,58,72.88
8,61,6.6,8,5,43,52.05
17,46,6.8,4.5,5,33,70.28
16,73,5.3,4.5,8,71,84.3
11,88,6.4,7.1,4,58,65.17
10,80,7.1,8.9,8,39,72.94
4,98,6.4,5.4,0,55,55.04
11,77,5.2,8.1,1,76,63.01
10,45,5.6,5.1,5,71,63.7
7,86,4.9,6.6,3,83,70.79
17,46,5.2,4.8,5,35,57.63
20,57,8.8,2.3,10,43,89.11
3,42,7.9,2.6,6,97,79.26
4,84,7,5.3,0,46,51.59
1,57,5.8,3.1,8,97,76.7
12,65,4.8,2.2,5,84,81.4
11,95,7.9,5.6,7,98,98.04
10,95,4.8,5.4,5,95,86.16
9,74,7.2,7.6,6,76,80.2
11,90,7.6,6.5,2,94,79.17
20,98,4.6,1.7,6,72,94.62
1,96,4.2,2.4,4,77,69.41
19,81,8.4,1.7,3,46,83.84
4,91,5.6,3.9,3,30,48.06
16,42,6.6,6.7,6,53,72.3
10,59,5.4,5.7,9,79,80.56
20,85,6.5,5.5,3,84,93.14
15,86,8.7,6.8,2,30,59.6
17,87,7.5,9.3,4,56,83.55
3,73,5.1,8.3,8,43,58.21
7,93,4.3,2.8,2,30,54.03
20,45,4.3,7.6,1,96,76.35
9,71,4.8,7.5,7,74,68.8
6,89,6.4,5.7,1,88,66.75
6,97,5.8,5.2,4,76,74.95
9,70,4.7,2.4,9,34,65.55
20,45,6.6,8,10,88,96.96
18,55,7.6,4.5,8,53,86.79
4,81,6.3,1.6,10,57,73.39
7,99,6.8,6.2,2,33,52.72
6,49,6.9,6.1,9,57,68.92
6,46,7.7,8.2,10,39,60.82
8,75,6.8,3.1,2,71,70.45
8,90,6.9,9.1,3,70,68.95
10,57,6.1,5.4,10,89,91.62
16,54,4.8,4.5,3,32,59.01
9,95,5.3,8.3,7,44,64.48
15,78,8.1,8.7,7,30,66.66
6,68,4.3,1.5,3,89,74.98
16,86,4.6,5.4,5,47,76.37
18,100,8.6,3.2,2,33,80.47
4,48,8,4.6,0,100,59.26
2,96,4.2,7.8,7,89,75.46
17,95,6.8,4.1,3,77,92.72
12,51,5.2,5.8,0,35,41.61
9,59,5.2,4.5,1,71,55.9
3,62,8.2,2.5,3,41,44.61
5,81,6.9,8,9,74,79.4
3,59,5,3.5,8,54,55.63
7,98,4,4.7,7,40,63.03
19,71,4.5,9.7,2,80,72.93
5,86,4.8,2.9,1,88,68.18
5,43,4.6,7.9,10,41,49.66
13,65,4.5,9.2,0,45,51.36
2,68,4.7,4.1,8,86,78.73
7,99,7.1,7.6,0,67,63.83
14,64,5.7,5.8,10,52,80.3
10,89,6.6,2.3,4,52,67.68
10,41,7.9,7.1,10,97,84.12
11,95,4,7,2,49,63.21
13,48,4.1,8.4,3,76,70.95
12,86,5.9,8.1,10,30,76.14
7,85,7.3,6.4,2,93,79.59
4,54,8.8,2.1,4,54,57.45
12,75,5.6,4.3,4,46,62.91
1,56,8.7,9,2,33,30.23
16,99,4.3,2.1,9,50,91.36
18,71,5.4,2.5,9,37,82.65
3,67,6.1,6.3,6,59,54.63
10,73,7.3,9.1,5,70,69.04
6,92,8.4,6.7,0,58,60.99
10,42,5.2,2.1,9,76,84.74
13,71,6.8,7.9,7,77,82.79
10,79,4.3,5,10,74,84.97
14,93,4.9,3.2,7,43,75.17
9,69,6.2,2,8,37,71.82
17,47,4.2,1.2,6,100,91.05
15,65,5.4,9.5,7,50,70.22
2,74,4.1,1.9,10,76,76.29
5,77,4.2,7.5,5,37,49.65
7,72,4.2,5.1,3,36,48.98
8,61,4.4,1.4,4,76,75.97
9,71,5.5,8.2,2,44,54.1
1,41,6.8,2.6,8,97,75.83
15,67,7.5,6.4,7,33,66.9
18,40,5.7,10,3,81,68.72
15,99,5.3,4.9,6,85,99.79
3,62,6.9,5.7,2,90,57.21
2,57,6,4.8,4,72,58.77
1,88,4.3,2,7,92,80.86
4,98,5.3,1.2,10,63,83.89
18,89,8.7,1.6,9,64,100
11,55,7.3,7.4,5,52,57.92
20,78,6.5,8.3,4,93,100
13,90,7,9.9,10,58,87.48
7,69,7,7.2,6,78,74.59
10,46,6.1,4.4,1,49,47.82
10,100,4.2,5.3,4,61,69.74
6,88,5.6,2.6,8,67,80.51
4,79,6.2,1.1,4,51,65.89
5,41,5.1,1.5,7,99,81.5
4,45,6.1,8.6,10,33,52.74
9,46,8.2,9.1,8,40,56.16
20,76,6.6,5.5,9,87,100
4,45,8.9,9.7,8,94,74.94
10,99,7.3,1.3,1,99,94.15
9,59,6.7,2.4,1,87,76.25
12,73,6.6,9.3,9,86,94.74
12,68,8.7,5.9,0,33,49.85
2,66,6.4,5.3,1,53,49.39
13,76,4.4,6.4,1,40,60.79
17,97,6.5,8.4,4,51,79.55
14,75,8.5,2.4,6,91,99.13
2,57,4.2,4.2,1,63,50.35
3,90,6.9,2,6,35,60.41
18,81,5.2,5.4,10,100,100
11,86,5.9,2,7,80,86.66
2,96,7,4.8,10,66,83.02
13,64,6.7,7.5,9,84,83.75
15,72,5.6,1.6,0,49,65.95
4,64,4.7,9.8,5,61,57.15
14,57,6.7,2.1,8,58,79.18
13,74,7.5,3.1,0,85,73.55
9,65,6.4,9.9,8,86,80.75
3,67,4.1,8.5,1,68,41.96
4,77,8.5,9.9,3,75,64.08
20,80,8.1,10,3,82,84.42
7,70,7.6,9,5,53,66.09
2,98,5.3,6,1,81,60.45
1,98,4.8,9.2,4,68,58.51
9,47,7.1,4.9,10,34,68.95
10,57,4.1,6.1,6,38,56.11
16,97,8.6,7.7,8,46,89.27
20,74,6.9,5.9,0,99,90.97
1,95,6,8.5,2,42,42.41
15,57,6.1,8.6,1,58,64.95
20,51,8.6,6.6,4,99,93.94
18,79,8,3.2,9,80,100
18,68,5.6,5.6,9,69,94.78
3,60,5.7,3.4,5,36,43.67
20,48,7.6,7.1,0,91,86.36
8,84,8.6,9,0,74,59.28
16,45,6.1,7.6,3,98,83.8
18,91,6,4.8,3,82,97.26
5,46,6.6,3.3,5,37,47.97
1,43,4.1,6.9,9,68,60.95
10,73,8.9,3.3,0,67,72.48
13,83,8.3,8.1,8,85,92.89
14,43,5.6,4.9,2,31,54.21
10,60,6.1,4.3,7,73,78.07
1,76,6.3,9.6,5,58,48.97
17,91,7,4.8,3,77,86.35
13,96,5.9,2.2,10,53,94.83
11,84,5.4,2,10,72,94.02
12,54,8.6,1.1,10,84,92.24
6,47,4.9,3.6,7,84,77.6
16,84,7.3,3.8,2,70,83.72
13,41,4.5,2.6,1,41,49.62
17,92,8.8,5.8,8,79,100
1,88,8.5,5.8,1,90,67.17
13,70,7.6,9.9,2,55,67.12
6,76,7,9.5,7,31,59.87
9,68,4.7,7.5,4,51,59.5
14,44,4.7,2,2,36,50.89
9,54,7.7,9,5,59,61
19,86,5.9,7.8,0,89,85.53
6,63,8.9,9.5,2,69,53.47
18,84,7.8,5.5,4,76,94.62
9,43,4.2,9.5,4,69,58.02
10,81,6.3,7.7,3,39,52.65
7,49,8.7,9.9,4,98,72.67
16,83,8.7,7.6,1,87,83.85
13,88,5,7,10,51,82.77
1,52,8.3,6,6,51,55.9
16,62,7.6,6.9,0,38,58.2
13,55,8.1,3.3,10,54,77.67
20,90,8.9,3.9,8,94,100
9,79,8.5,4,3,69,67.79
4,72,4.3,8.9,7,90,71.72
17,97,4.3,4.8,2,65,77.56
12,56,5.3,1.5,8,56,80.69
12,84,4.3,6.4,3,87,81.61
18,46,4.1,7.2,10,71,83.51
20,47,4.7,5.1,8,95,99.82
18,87,5.9,6.6,9,84,100
17,72,7.9,9,9,37,76.25
11,70,6.9,2.2,7,43,69.97
15,83,4.7,4.4,0,41,65.23
20,74,7.7,4.4,4,52,80.15
7,93,6.8,3,7,50,74.57
8,76,8,2.4,1,100,80.4
13,98,8.1,9.5,9,56,92.22
17,95,6.6,1.4,9,57,94.38
4,42,8.1,1.1,3,52,57.19
1,44,7.5,4.5,6,78,56.78
1,72,8.2,6.4,8,91,79.52
4,40,6.7,8.4,3,77,51.64
3,58,4.3,7.5,8,67,66.2
8,81,8.7,6.3,0,91,70.11
18,81,4.7,3.8,6,70,94.27
4,42,4,7.6,0,88,52.92
13,98,4.9,4.3,4,72,88.61
19,64,6.2,1.7,0,35,63.47
13,67,5.3,1.7,10,80,99.9
10,95,4.4,1.8,3,66,69.25
15,74,5.6,4.6,9,64,91.79
16,42,6.6,1.1,8,54,79.68
18,52,5.5,2.3,8,81,90.21
20,69,7.9,5.8,8,85,100
17,97,7.2,2.1,8,92,100
3,63,4.2,8.2,6,53,49.85
3,76,6.3,4.4,9,60,65.98
3,48,6.2,7.3,5,88,67.03
17,76,6.8,8.9,6,31,66.99
3,75,8.3,7.8,9,77,81.22
3,90,6.3,4,5,45,59.09
15,58,7.5,7,2,92,77.76
20,51,7.9,1.9,10,100,100
3,78,7.6,4.6,2,85,64.12
6,49,7,5.3,8,39,56.94
9,86,7.7,3.4,2,43,66.32
12,83,5.5,5.4,0,70,67.17
17,48,4,6.2,2,76,70.86
1,85,6.9,9.4,0,38,38.42
8,99,7.5,4.1,4,36,64.36
7,92,4.7,8.6,7,52,66.78
18,79,5.6,7.5,4,30,61.47
16,73,7.3,9.2,8,53,76.54
9,85,6.3,1.8,6,39,67.98
18,99,8.7,8,0,91,85.38
12,100,6.8,7.3,0,41,55.65
12,40,7.1,8.6,1,41,44.3
14,45,7.7,1.4,5,59,80.05
15,43,8.1,2.2,0,34,53.92
14,77,5.6,1.1,7,62,90.94
3,96,6.5,8.1,8,71,76.59
8,91,7.2,8.2,8,89,87.35
18,76,5.1,8.7,5,46,73.96
9,70,7.8,4.7,1,95,80.97
16,52,8,8.3,1,57,68.12
3,42,5.3,1.4,5,81,60.02
6,44,6.3,3.7,5,86,66.33
8,61,8.4,2.4,8,37,66.2
9,74,6.2,7.7,7,54,69.8
8,85,9,9,8,94,86.59
10,51,5.6,3.1,10,68,79.44
5,74,4.2,4,7,86,81.96
2,65,5.8,6.6,5,40,44.98
13,50,5,2.6,0,34,49.49
11,97,7.8,2,7,69,93.88
20,46,8.4,1.9,1,42,68.23
17,100,5.9,6.4,10,32,81.69
10,85,8.7,7.1,0,52,56.41
1,65,7.6,4.3,3,70,60.98
9,84,8.7,7.1,0,40,55.84
6,68,8.5,8.1,9,75,82.36
2,40,4.8,4.8,0,40,27.79
11,53,8.3,9.4,5,63,65.79
20,61,4.2,3.5,7,42,82.17
7,94,4.6,6.4,0,75,65.62
19,83,5.8,1.3,3,38,71.29
13,58,8.8,6.6,4,31,55.6
19,47,4,4.1,0,57,62.89
17,79,7.5,7.8,1,39,64.76
20,98,4.5,3,10,73,100
20,97,4.9,5.9,5,61,94.54
19,61,4.7,4.3,1,34,55.6
16,76,8.7,1.1,0,80,85.19
18,43,4.4,4.5,7,91,87.48
8,70,6.5,7.2,2,57,59.25
19,94,5.4,6.2,5,58,80.73
13,71,6.3,7.8,2,72,68.15
7,50,7.2,8.5,1,93,59.09
13,60,5.3,9.1,2,66,57.83
18,56,4.9,1.6,2,49,65.91
8,59,5.7,1.9,0,34,46.15
14,93,7.4,4.2,0,99,89.2
14,72,5.3,1.1,1,41,61.47
15,54,8,6.5,0,66,70.26
11,99,8.6,4,9,99,100
19,95,4.9,2.5,9,84,100
13,42,5.2,8.6,6,52,65.21
5,69,5.9,5.7,1,62,52.67
15,96,4.1,6.4,0,86,74.79
12,93,4.8,7.4,8,30,65.38
14,84,8.8,1.9,9,51,85.67
17,90,4.6,6.2,7,30,76.96
19,46,6.2,8,8,85,87.58
12,61,6.8,1.7,9,70,88.34
15,84,8.9,2.5,1,78,85.75
2,85,4.3,9.9,5,60,54.26
20,94,5.1,5.9,6,49,86.62
19,70,8.5,8.2,4,72,91.14
10,95,4.3,1.9,8,47,74.43
16,50,4,2.6,3,67,72.54
8,48,7.3,2.4,4,41,52.89
16,57,7.3,7.6,8,44,69.4
12,76,7,2.8,0,46,63.83
1,48,4.2,2.9,0,65,46.89
5,54,8.3,2.2,7,93,79.67
5,84,8.4,3.2,3,35,60.76
5,72,4.5,4,0,82,56.74
7,40,7.4,8.4,5,59,60.8
15,69,6.3,4.6,9,42,80.64
8,48,7.8,7.2,10,50,74.05
3,66,7.4,8.3,1,90,57.36
20,42,8.3,2.4,8,57,83.89
1,56,5.2,9.7,8,65,50.44
13,65,4.8,6.1,3,45,59.05
1,72,4.3,4.7,5,83,68.26
13,69,8.8,8.9,0,79,66.82
13,99,4.8,6.1,6,76,85.85
10,77,5.4,7.9,4,68,70.7
15,67,6,2.8,4,54,76.66
19,66,5.7,3.7,9,78,95.15
7,48,8.2,4.5,6,45,54.1
5,56,5.1,4.7,2,73,61.81
18,84,5.6,7.1,1,95,92.02
2,74,7.7,9.5,9,42,60.72
14,49,7.2,7.5,1,78,64.95
7,75,5.7,3.2,2,66,69.06
6,96,5.8,1.5,8,60,76.76
9,100,5,8.3,3,39,53.34
12,94,7.3,5.5,0,77,81.32
9,63,8.3,8,6,64,70
15,65,6.9,9.1,4,72,80.89
12,55,6.2,6.1,4,80,72.53
20,89,6.5,9.7,1,85,83.05
9,48,4.4,4.1,5,32,50.91
1,76,5.7,8.5,9,69,66.34
11,51,7.8,6.4,5,77,74.92
13,59,8.2,2.6,3,31,59.93
9,48,5.2,8,9,45,58.73
13,47,8.7,3.6,10,63,87.1
19,52,5.2,9.1,6,44,67.05
11,96,5.5,7.5,0,87,75.2
8,82,7.9,3,10,32,68.14
4,71,8.7,8.4,2,48,54.57
3,63,7.6,5,8,65,65.79
7,63,8.1,6.9,2,85,72.14
17,91,6.3,3.4,10,93,100
16,52,7.2,2.5,10,33,80.64
14,90,5.7,7.7,2,58,75.1
15,68,4.7,4.9,10,71,89.52
7,69,4,3.5,0,35,48.15
12,92,4.8,5,8,38,68.86
12,60,7.2,6.9,0,34,42.64
5,70,8.3,2.6,2,38,49.67
11,69,7.3,9.5,1,84,63.13
10,54,8.8,7.2,1,57,60.02
17,91,7.1,1.8,2,34,69.35
7,64,7.1,4.2,2,96,76.93
6,98,7.6,6.4,2,92,80.83
12,48,7.6,9.7,5,57,68.13
5,50,4.8,7.2,7,59,59.95
7,97,6.6,6.5,0,66,60.93
16,84,7.5,9,3,75,78.31
8,67,6.1,5.6,0,90,65.24
2,75,8.9,1.4,2,79,68.32
4,88,6.5,2.4,3,78,65.66
1,71,4.6,4.6,5,100,67.84
18,83,6.8,9.7,1,93,87.6
14,99,7.5,3.4,4,81,92.29
11,68,7.8,2.2,3,57,75.85
5,49,8.8,9.3,8,32,53.03
20,58,5.3,2.4,8,49,88.27
6,51,7.7,4.2,0,78,54.19
20,61,5.1,6.9,6,61,86.07
16,95,8,1.6,10,44,95.73
9,65,7.4,5.4,1,60,53.51
11,54,8.3,9.5,1,71,56.84
3,54,7.9,2.6,10,37,61.78
10,82,6,6.1,7,76,81.03
11,86,5.4,5.3,5,70,75.2
3,91,4.9,6.6,1,77,54.57
9,44,4.4,7.9,10,73,71.04
9,41,6.8,7,9,78,77.02
7,77,5.6,5.9,5,53,57.49
1,91,4.7,3.3,6,50,61.79
3,79,8.3,5.5,2,41,45.31
3,100,5,3.2,6,81,77.45
19,81,6.3,1.3,8,90,100
6,67,6.5,5.4,1,53,47.13
13,83,7.8,5.1,5,97,94.73
16,81,6.7,4.2,10,56,97.78
19,97,8.6,7.2,3,44,81.3
13,61,5.5,1.3,8,72,82.63
4,49,4.2,2.1,1,75,57.5
12,71,8,3.5,4,88,89.44
10,70,4,1.4,2,83,79.12
15,65,5.5,5.9,6,93,88.66
19,68,7,9.3,1,83,83.79
13,96,5.7,7.2,0,62,72.23
2,41,6,4.2,3,90,55.24
19,87,5.9,3.5,6,53,93.78
15,45,4.5,6.7,10,75,80.1
13,54,5.6,1.4,5,89,87.55
6,63,5.7,2.5,2,89,68.05
7,67,5.5,9.9,5,67,66.74
20,94,6.8,6.1,5,80,96.74
10,66,7.3,3.2,5,63,77.76
10,87,5.1,7.4,1,69,66.61
13,76,8.6,6.3,9,61,90.73
9,57,6.9,3.6,9,64,82.35
9,41,6.6,7.1,10,51,62.72
2,77,5.6,4.8,9,91,83.05
7,76,7.3,5.8,8,64,70.86
6,46,8.8,10,9,87,71.21
6,47,8.3,7.9,7,71,64.23
17,62,5,6.7,6,77,82.34
19,48,8.3,2.1,3,31,61.87
9,76,6.2,3.7,1,48,60.32
8,76,4.3,1.2,5,43,58.8
4,53,7.7,5.2,6,75,66.84
20,65,5,6.2,10,90,100
18,100,6.2,8.3,9,57,99.07
9,85,5.8,3.7,4,71,73.97
8,45,4.4,9.4,8,77,62.11
7,58,8.5,2.7,6,50,70.89
5,42,8.3,2.8,7,67,63.56
14,53,7.3,1.2,3,87,85.78
14,72,7.7,7.1,10,80,98.52
18,93,4.1,6,10,70,100
5,76,8.3,4.4,9,36,62.1
3,81,7.3,5.4,4,38,51.7
7,42,5.5,8.6,0,49,35.34
12,100,4.2,2.5,8,65,88.21
11,51,6.2,4,2,55,55.5
17,49,7.1,3.1,2,32,55.98
13,76,9,2.9,0,59,64.26
7,56,6,5,1,84,65.9
12,99,8.1,4.9,6,48,83.28
20,79,5.7,8.3,3,37,65.77
12,53,4.3,9.5,2,59,57.73
18,89,5.3,5.4,3,33,66.61
5,42,4.6,3.7,1,32,29.91
6,50,7.3,2.2,0,77,53.56
14,98,8.2,6.9,8,89,100
4,93,8.6,6.8,7,71,80.47
14,46,7.1,8.5,2,63,56.72
12,80,6.7,5.8,7,49,78.7
16,80,4.7,5.6,1,53,63.31
20,42,8,6.3,5,79,85.13
18,58,7.6,9.2,2,61,70.05
7,68,6.9,9.5,2,42,43.04
3,43,4.6,5.1,8,35,44.1
12,84,6.8,8.3,9,36,75.1
3,69,8.3,8.8,7,67,67.43
8,78,4.8,1.9,9,62,82.29
6,78,5.6,9,1,93,60.84
6,49,8.5,9.5,4,61,51.79
15,51,4.8,4.2,4,49,60.94
13,51,5.9,3.9,4,78,79.63
7,98,5,7.6,8,55,69.43
10,58,5.5,8.9,0,69,54.83
17,71,6.5,6.2,5,31,65.5
1,91,4.8,8.7,9,78,75.5
12,44,7.1,8.9,3,87,69.98
20,84,8.5,4.6,10,56,96.92
20,87,5.6,3.1,2,87,99.63
16,60,8,2.4,5,49,71.01
3,96,6,5.9,2,47,47.33
12,76,7.6,2.4,9,66,85.32
11,99,8.3,9.4,6,57,72.31
19,60,5.6,7,9,81,92.21
8,69,7.3,8.3,10,82,80.58
20,86,5.5,7.9,2,35,67.78
3,61,7.3,6.6,0,100,59.99
7,53,7.6,3,8,35,55.99
19,74,8.3,3,2,38,77.39
3,51,8.3,1.8,2,39,43.88
10,72,7.3,9,5,98,78.8
14,74,6.1,5.5,6,68,86.44
4,88,6.9,5.8,4,98,73.18
10,59,7.8,8.5,10,30,59.12
13,51,6.9,5.5,7,86,86.49
16,55,8.2,5.7,6,81,84.87
13,87,5.6,7.7,9,85,96.76
7,58,7.3,2,2,85,73.86
6,44,5,1.2,1,35,38.41
20,56,6.7,8.2,1,66,75.23
17,98,8.4,8,1,41,70.33
20,68,4.8,7.8,9,65,91.66
17,46,7.3,5.6,3,44,67.18
1,43,5.1,4.9,6,32,42.32
6,85,4,1,3,50,61.12
7,74,6,8.9,0,71,57.28
11,91,4.9,3.2,8,60,84.13
1,99,5.8,7.2,6,51,61.53
19,89,7.1,1.5,6,98,100
6,92,6.3,4.9,3,59,60.99
18,96,5,8.8,9,79,100
7,53,8.1,4.7,1,94,66.6
4,96,7.2,5.9,6,52,65.51
4,55,6.2,3.7,1,30,43.37
7,49,7.3,8.1,3,58,55.81
5,46,7.4,8.6,3,74,60.25
15,87,7,8.7,8,91,95.85
1,65,8.8,5.3,6,42,54.82
14,88,7.1,4.3,9,51,81.5
18,73,4.5,6.9,4,61,80.19
20,48,6.3,5,6,44,74.89
17,84,4.6,9.7,6,98,96.44
18,84,5.5,6.9,2,32,70.79
5,84,6,4.3,6,98,82.41
6,79,8.3,6.2,1,47,51.39
7,59,7.1,6.3,2,73,58.98
20,57,7.4,6.7,0,86,83.69
5,77,8.3,1.2,4,90,76.02
20,66,6.1,9.9,4,38,71.09
19,79,6,1.2,0,100,97.63
15,59,7.4,5.5,8,75,90.46
19,58,6,1.7,8,54,91.33
17,94,5.5,4.7,3,66,87.97
17,100,7.1,2.9,9,98,100
4,64,5.5,6.3,0,63,44.98
1,90,7,7,8,80,79.51
11,50,4.6,9,0,50,44.3
15,42,6,3.6,9,37,65.42
18,51,5.4,8.5,5,96,82.38
8,40,6.8,5.9,8,54,67.96
2,61,6.4,7,8,100,73.37
20,87,6.4,8.5,1,100,91.3
8,40,4.7,9.6,5,31,36.01
7,42,7.4,7.5,10,81,72
20,62,7.2,1.2,5,79,93.05
18,56,7.8,2.7,7,99,100
10,67,6.2,1.5,7,32,67.73
17,70,4.8,8.9,0,33,48.42
7,67,5.9,7.2,0,59,47.99
10,59,8.7,3.3,9,35,69.41
9,82,5.7,4.8,6,77,76.02
2,64,4.7,8,1,71,52.16
20,78,6.2,5.3,5,84,99.46
6,100,8.3,2.1,0,72,67.49
10,68,8,3.3,4,91,88.31
10,74,5.4,8.1,5,58,67.29
11,50,4.5,8.4,3,98,68.5
1,71,8.2,9.7,4,72,59.73
7,46,4.8,8.5,9,37,47.9
8,65,4.6,2.7,1,38,53.62
16,55,8.6,6.8,10,89,98.81
14,89,5.4,6.8,3,74,79.8
11,75,5.6,2.6,10,69,85.01
12,48,7.6,3.8,6,44,71.85
11,71,5.8,1.8,1,37,54.44
2,73,8.3,1.4,4,41,52.11
15,59,5.3,3.1,5,57,72.59
5,59,6.2,5.8,4,44,54.29
15,47,5.8,3.7,9,88,88.9
10,94,8.5,2.8,5,59,80.36
18,41,5.1,2.1,3,83,76.07
3,84,5,8.4,8,53,61.03
2,72,6.4,5.8,2,38,40.71
6,70,6.7,2.8,4,85,70.75
3,60,4.9,5,4,82,59.9
7,99,5.6,3,8,36,66.19
19,95,4.5,4.8,7,54,87.36
13,71,4.4,5.3,6,50,71.54
13,77,8.7,9.9,3,56,72.05
5,77,7,3.3,6,85,76.19
11,43,7,6.2,0,34,38.4
18,78,6.8,5.3,9,32,82.34
8,93,8.7,7.4,2,42,61.94
18,78,6,5.7,4,51,79.01
13,57,7.7,5.6,8,68,83.62
20,86,6.3,4.3,2,77,93.85
16,61,7.2,6.1,8,46,83.14
4,93,7,2.6,1,86,74.59
15,86,6.7,6.9,10,39,86.58
10,73,6.7,6.8,7,40,65.44
11,88,6.9,3.7,4,72,84.41
9,90,8.6,4.8,2,96,90.26
17,46,4.4,7.5,10,33,66.5
17,61,7.8,8.6,1,40,60.65
20,71,8.2,1.7,5,31,83.94
1,87,8,6.9,9,51,70.15
15,69,6.9,4.3,2,84,86.83
19,53,5.1,8.1,1,70,72.9
18,88,4.1,7.5,0,70,70.76
13,41,7.7,2.1,9,60,84.14
3,40,5.2,8.7,2,90,50.13
11,62,4.6,7.5,0,37,47.1
11,92,6.7,1.9,8,45,75.75
11,43,8.4,3.7,7,56,70.24
11,99,7.5,8.1,7,56,78.5
13,48,8.6,1.7,5,95,91.77
13,76,5.2,4.2,9,37,77.59
11,74,5.6,8.9,6,41,60.82
10,68,7.3,1.8,5,79,85.4
8,77,6.4,2.7,5,44,60.05
10,55,6,7.1,0,47,51.71
8,70,6.4,5.1,2,99,77.21
13,66,4,9.2,4,52,61.45
13,91,5.3,1.6,10,82,96.73
4,79,9,5.2,5,56,62.77
10,66,8.1,1.4,5,45,63.27
18,74,4,5.4,3,31,61.07
16,66,5,2.2,8,43,76.26
9,83,5.4,2,9,59,83.23
7,99,4.1,4.7,0,83,68.61
9,84,7.8,9.3,9,30,67.2
6,72,6.7,8.7,9,95,83.59
9,95,5.6,9.6,1,60,64.54
11,74,7.7,5.1,7,45,71.98
7,41,7.2,4.8,8,45,63.66
13,93,8.2,3.4,0,55,68.85
7,77,6.5,5.7,1,94,71.57
18,70,6.2,7.7,8,58,87.83
7,65,5.4,5.3,0,62,47.86
1,78,4.1,9.2,5,54,49.47
14,41,4.9,2.1,2,74,66.2
6,42,8.6,1.6,2,59,60.95
20,42,7.6,4.2,7,47,73.71
9,44,4.1,7.4,7,64,58.22
7,50,5.4,10,3,100,67.8
2,79,6.4,6.5,1,48,41.06
9,74,8.8,1.3,8,90,90.67
13,56,8.3,6.2,3,53,61.19
3,71,8.2,8.1,2,67,49.36
7,51,6.1,2,9,36,57.2
10,64,6.6,1.9,6,57,67.62
1,49,6.7,5,10,51,53.86
5,89,4.2,6.4,3,80,71.71
14,86,4.7,6.1,3,82,86.94
19,41,4,5.2,9,70,80.51
4,71,5.2,4,9,31,52.5
15,53,7.1,1.8,0,87,73.33
3,46,5,8.3,9,35,50.42
16,96,4.4,4.5,2,53,69.82
9,60,8.4,7.4,4,82,76.29
16,47,6.8,5.9,1,90,80.22
15,56,5.5,4.7,2,58,69.11
10,94,7.9,9.1,2,76,69.41
13,40,4.7,2.6,9,64,81
5,86,8.6,7,0,64,55.58
15,91,8.2,8.9,6,32,68.69
6,66,7.2,4.2,1,58,60.42
16,66,4.4,5.2,4,33,68.23
5,57,8.7,8.4,5,99,72.6
13,42,4.7,2,10,44,71.08
18,77,8.6,1.8,6,99,100
10,86,7,5.8,6,62,76.85
14,90,8.4,9.8,10,83,94.5
15,64,9,9.2,8,97,93.73
15,56,4.1,7.7,7,41,71.24
4,76,4.2,3.6,9,46,59.67
10,42,4.3,6.1,8,55,62.88
5,93,5,3.9,3,65,65.93
17,67,5.4,9.5,0,94,72.72
8,76,8.8,4.7,4,85,75.91
1,50,4.3,2.5,7,48,55.65
12,97,5.6,8.9,3,30,53.4
1,75,6.6,3.2,4,81,65.61
19,47,7.1,1,8,41,77.23
4,65,8,1.2,1,79,65.26
5,92,5.2,7.2,3,88,74.25
19,83,6.7,8,7,35,77.35
18,90,7.7,3.7,1,100,96.34
9,64,5.2,1.5,9,95,89.37
8,55,6.2,9,3,87,60.58
4,73,8.4,3.9,10,77,85.56
11,72,4.7,6.2,4,49,68.01
7,80,5.3,8.6,0,38,41.82
11,88,5.2,4.7,0,87,72.7
19,78,7,3.6,4,81,93.18
5,85,4.3,1.5,2,64,66.98
1,91,4.7,7.9,1,94,57.62
5,81,5.1,5,4,30,45.46
13,49,4.2,4.1,1,93,69.23
11,97,4.7,3,5,54,74.93
6,100,8.7,4.1,7,32,62.64
3,50,7.1,9.9,8,47,52.64
11,46,6.7,7.2,1,52,55.28
11,62,6.8,3.6,6,44,71.96
2,69,7,3,4,84,66.95
2,45,4.6,3.2,2,88,51.21
3,86,8.4,9.2,3,46,52.69
14,44,5.8,2.1,10,63,89.42
12,40,6.5,4.9,5,58,70.57
9,59,5.9,1.4,4,52,68.26
15,66,8.9,8.7,4,79,85.28
1,46,7.1,4,0,76,47.91
7,86,5.5,8.6,4,60,61
14,45,6.5,4.7,2,50,65.03
4,87,7.4,8.4,10,53,70.16
1,72,6,4.8,6,74,69.88
13,100,4.8,2.2,1,86,89.27
14,94,6.7,5.6,4,67,82.22
3,82,4.8,1.5,3,76,60.44
14,99,4.5,5.6,8,91,100
5,48,5.2,8.8,3,69,45.78
14,96,7.7,4.4,2,44,67.65
11,90,7.2,8.6,9,75,84.8
9,76,7.9,1.2,6,65,83.59
3,89,4.6,7,9,93,85.56
18,75,4.4,2.3,3,30,71.62
14,54,5.5,4,9,66,83.31
17,91,4.9,1.6,8,65,97.17
14,74,4.1,4.6,4,32,59.59
4,92,4.5,1.4,1,50,58.98
12,59,5,7.7,1,53,51.42
1,47,7.5,1.5,9,97,78.44
8,71,4.7,7.4,10,94,86.21
2,52,4.8,10,3,43,36.7
18,92,7,6.4,0,40,63.07
9,42,8.7,2.9,7,44,61.43
16,87,4.5,8.4,10,83,92.5
4,96,7.2,4.5,2,75,70.74
20,88,9,7.5,4,42,81.88
10,94,8.9,5.2,8,72,94.79
1,80,4.6,2.9,7,73,65.4
17,50,7.5,1.2,2,97,91.11
15,73,7.7,5.2,7,37,77.57
15,47,8.7,2,0,100,84.97
4,89,7.1,9.8,2,46,54.5
20,96,7.8,6.7,6,62,94.43
4,74,5,4,3,35,46.47
14,75,8.3,9.1,0,53,65.39
18,40,7.4,7.4,5,75,79.07
17,42,4.1,6.9,10,67,79.15
5,53,8.4,9.7,2,45,42.22
2,90,9,6.4,6,100,81.33
15,56,6,5.2,6,86,88.29
12,44,6.2,7.2,3,76,68.6
5,45,5.6,7.6,6,68,62.15
13,44,4,9.3,3,55,52.97
17,89,5.3,8,4,57,80.14
4,79,6.7,3,2,66,62.09
10,72,4.3,1.2,4,43,65.82
20,91,8,8.3,5,59,83.21
4,63,8.6,4.4,5,100,84.54
10,65,7.6,3.2,10,72,84.76
18,45,4.5,3.9,1,65,72.9
14,56,7.8,2.4,8,84,97.43
4,60,6.4,6,5,44,46.92
3,97,6.2,5.4,1,47,48.6
12,88,6.8,5.6,5,76,81.08
13,94,8.7,1.4,10,89,100
13,41,4.8,8.1,6,77,74.67
14,89,6.3,2.3,5,38,74.01
1,69,5,8.4,7,45,48.09
9,88,7.3,5.8,10,59,83.83
2,53,4.5,3.9,3,97,57.34
6,96,6.2,8.4,4,94,82.6
15,82,4.9,1.4,9,52,86.07
13,83,6.6,9.8,7,53,75.63
10,42,6.2,4.9,2,31,44.18
13,83,5,5.3,1,56,70.87
7,86,6.7,9.3,7,83,81.64
12,78,4.6,9,6,94,88.85
20,43,6,7,0,63,66.35
17,65,7,3.1,0,72,79.21
8,56,4,8.1,10,97,88.82
20,89,4.7,2.8,6,40,89.77
11,78,8.3,4.9,4,31,60.03
11,66,6.3,7.6,8,89,86.16
11,62,5.3,4.9,1,33,45.75
17,56,4.7,2.6,3,81,84.53
5,69,7.6,2.6,2,52,61.79
5,70,4.5,7.9,7,77,70.51
16,67,7,9.7,1,84,71.22
10,50,7.1,5.9,1,66,55.94
18,65,6.9,3.1,5,52,85.51
14,77,4,6.3,2,53,58.71
6,87,6.1,9.6,9,100,82.44
9,51,7.4,3.4,1,37,47.8
1,95,4.4,5.2,0,57,51.8
3,65,8.6,5,0,73,57.49
2,58,6.9,2.9,6,88,67.48
9,64,6.9,8.7,7,50,65.24
15,67,8.9,9.2,0,99,77
19,42,7.7,7.8,5,63,71.37
12,79,7.6,8.4,8,71,79.77
20,54,7.7,3,7,50,91.04
16,51,6.7,1.8,9,45,84.66
8,62,7.3,3.7,9,84,80.67
14,85,6.1,4.6,5,51,75.81
6,75,7.2,4.2,3,92,72.77
19,63,4.1,7.5,8,99,98.09
1,66,7.7,9.9,6,32,39.38
18,40,7.3,9.3,9,51,77.8
6,51,7.9,9.1,4,60,56.37
9,56,6.7,9.2,9,58,65.42
6,62,8.8,3.2,2,30,53.75
8,62,4.3,2.4,5,72,68.19
2,47,7.1,7.6,5,66,51.01
2,54,8.3,6.2,8,66,66.6
7,79,5,8,3,50,52.38
8,65,8.6,6.3,2,30,52.41
1,62,6.8,7.7,10,59,58.53
9,88,5.4,2.5,9,37,73.41
11,88,7,3.8,9,47,87.12
4,49,5.2,5.5,3,39,40.96
10,77,5.9,2.4,0,79,66.72
9,81,4.5,2.8,7,73,82.42
4,77,4.7,4.6,1,59,47.29
12,54,7.6,2.2,6,65,77.3
5,82,8.3,6.7,6,62,67.86
5,84,4.1,6.6,1,87,67.52
8,41,4,6.3,10,98,86.78
11,95,4.7,1.5,2,43,60.74
8,95,5.7,1.1,1,64,65.81
5,46,6.9,1.9,3,36,46.59
15,71,8.6,5.1,2,63,74.66
5,63,7.5,3.3,2,49,58.6
17,74,5.2,8.4,10,71,94.64
18,90,4.5,2.6,0,68,82.76
16,71,4.2,5.4,6,55,82.13
8,88,4.9,6.3,8,85,83.43
12,95,7.1,1.5,5,89,97.97
10,67,5.4,9,5,94,81.26
12,87,6.6,2.7,8,51,88.64
11,84,6.2,8.1,2,81,77.1
1,87,6.5,4.6,2,51,49.6
7,95,7.9,8.9,5,40,65.26
13,50,6.8,2.6,5,31,64.02
18,51,5.8,8.2,10,81,88.93
10,68,4.9,4.7,9,62,82.35
1,45,8.3,2.5,2,61,54.07
3,58,6.8,2.6,0,31,38.23
14,65,4.9,7.2,0,47,53.65
1,56,8.6,9,0,76,46.38
6,44,6.4,3.6,0,32,39.49
20,44,4.2,7.8,9,58,78.19
7,74,7.1,2.2,4,89,74.84
19,54,5.9,1.1,0,83,86.76
17,49,6.3,6.9,5,81,79.18
4,99,7.4,4.8,0,90,76.54
5,65,5.4,7.4,5,31,40.41
11,54,6.3,2.8,6,41,63.7
14,82,4.7,3,1,56,74.54
7,90,6.1,1.1,9,63,81.62
3,67,5.5,9.4,1,79,50.44
10,47,8.6,2.8,2,89,73.91
13,73,5.8,9.6,0,84,73.01
7,90,5.3,3.6,9,35,73.39
14,91,4.3,4,5,42,72.85
15,41,9,8.5,7,54,68.12
6,42,8.4,3.6,3,86,64.67
9,44,7.8,2.5,4,74,68.9
11,90,5,8.4,9,62,80.58
1,50,5.8,3.6,8,77,68.7
13,93,7.8,4.8,9,35,78.48
15,51,5,4.9,4,38,62.18
1,78,5.7,5.5,5,70,61.12
9,51,4.5,7.5,3,71,62.51
20,41,8.2,1.3,3,91,92.19
9,83,6.1,3.7,10,82,95.51
10,54,6.3,9.6,8,63,66.57
15,43,6,4.4,8,87,92.57
12,96,6.1,9.1,7,46,76.17
13,88,5.2,6,1,77,76.65
3,73,5.9,5.7,9,34,62.79
5,68,6.4,7.3,9,44,56.41
17,59,5.7,7.3,10,79,87.64
8,63,6.1,8.9,0,73,60.16
8,85,5.2,3.4,6,95,84.24
1,65,6.4,5,3,32,43.64
16,84,8,9.1,8,47,78.1
6,66,6.1,8.7,9,65,73.23
20,41,7.9,5.1,10,94,100
7,72,7.8,7.1,0,79,62.01
7,76,6.1,3.7,2,95,77.84
17,88,6.4,4.6,5,71,94.16
10,76,4.7,8.5,7,37,58.49
18,67,7.8,7.9,8,81,97.4
15,41,6,2.9,0,38,51.08
6,76,8.7,7.1,0,90,63.64
19,77,4.9,8.5,9,40,83
19,92,6.7,2.4,1,49,77.96
11,96,7.8,8,3,89,79.15
1,74,6.1,8.5,9,63,59.88
19,58,4.8,2.9,9,98,100
8,96,4.4,7.9,5,68,73.83
20,84,4.1,3.5,9,83,100
13,78,4.9,6.6,8,86,86.56
12,56,9,5.8,4,59,70.14
17,87,7.9,6.9,3,36,73.2
3,69,7.6,2,7,94,86.19
1,64,7.2,9.6,4,58,50.67
11,96,7.2,6.2,0,43,58.7
9,96,7.9,9.3,10,48,83.7
17,45,5.6,2.8,7,35,65.44
2,99,7,2.4,10,68,77.46
2,53,4.2,6.7,0,96,54.68
3,69,4.8,2.4,2,83,63.31
10,93,5.5,5.7,0,32,51.44
17,72,7.3,9.7,9,53,85.26
15,80,5.4,1.7,8,30,75.96
19,83,4.6,6.4,6,44,75.23
16,65,6,1.1,0,97,80.75
1,55,7.1,5.1,10,52,67.4
14,52,7.4,8.9,4,64,65
20,64,7.2,2.7,4,72,95.52
16,97,4,2.6,4,48,76.03
12,53,6,1.2,1,49,64.53
15,63,5.2,2.6,4,87,84.35
2,55,7.1,6.8,7,30,41.45
10,55,5.9,2.2,4,35,54.65
8,84,7.8,3.3,1,98,84.24
12,89,8.7,7.1,3,81,86.51
9,93,8.4,5.6,2,45,61.86
19,68,9,3.2,5,65,95.37
13,66,4.8,2.8,2,59,66.09
13,65,8,6.4,9,97,96.44
19,44,4.6,6.2,9,92,100
6,48,7.7,9.6,2,97,62.48
6,66,6.8,2.2,6,83,76.64
15,100,8.7,6.3,2,54,82.35
13,79,8.9,9.2,9,49,81.19
20,90,8.8,5.9,3,71,95.18
16,95,8.9,6,7,93,100
6,63,8.6,4.9,4,45,53.93
17,51,4.2,9.5,4,61,62.14
7,78,6.6,2.7,9,40,66.88
5,65,4,1,1,67,54.12
15,99,6,8.6,1,69,78.54
8,94,4.2,3.6,9,39,68.95
4,41,5,8.3,7,71,53.58
18,70,4.7,6.3,8,85,97.17
13,59,4.8,8.1,2,67,68.01
11,79,8.8,6.8,0,96,74.6
11,93,5.2,6.1,7,84,88.03
4,79,8.7,6,9,81,77.89
19,100,8.9,8,0,77,85.81
5,96,4,5.3,5,61,67.94
1,68,7.1,4.7,8,85,74.78
16,49,7.8,6.9,10,67,91.7
1,59,5.2,9.5,7,62,48.64
6,60,5.1,1.7,3,91,73.35
11,94,6,1.1,7,92,98.25
6,44,6.5,9.7,0,58,40.33
19,88,7.3,9.7,2,72,86.76
19,78,7.6,6.3,8,91,100
15,42,4.9,7.6,4,69,64.98
15,58,6.7,1,4,93,89.22
15,87,8.8,4.7,2,58,75.49
3,99,8.8,1,7,82,84.87
20,44,7.9,6.7,8,75,86.46
8,82,4.8,5.8,5,40,56.68
13,52,8.9,1.3,1,75,74.19
12,62,6.7,1.7,1,71,75.18
15,56,5.4,8.2,6,76,75.37
4,98,6,6.8,7,30,52.91
1,77,5.2,8.5,0,69,43.92
10,47,6.7,9.9,3,99,66.89
3,91,6.7,7.1,9,78,77.91
6,89,8.7,7.6,3,95,77.15
18,75,6,9.5,10,32,80.17
18,74,4.1,4.5,2,73,74.61
13,58,7.5,7.4,3,56,67.27
11,86,6.1,2.8,3,89,82.32
1,72,8.5,9.1,6,92,65.11
20,75,6.4,9.7,9,51,81.42
4,78,7.5,1.8,10,66,85.49
3,45,5,8.7,2,79,47.59
4,61,6.7,6,8,36,53.4
13,55,4.9,2.1,9,81,83.62
15,91,7.4,9.9,2,32,59.19
20,97,6.4,1.1,7,64,100
9,58,6.4,7.3,0,98,69.73
5,98,7.2,2.8,7,38,65.91
3,92,7.1,4.1,3,64,63.17
16,91,5.9,4.7,6,53,80.51
19,64,8.6,4.3,0,47,72.31
3,87,6.7,1.1,5,92,84.75
15,40,5.1,4.5,6,36,59.69
2,65,5.2,4.6,3,85,65.44
12,42,4.6,5.8,10,41,68.38
14,57,8.2,6.6,9,45,70.42
7,77,4.2,2.1,2,37,55.56
8,80,4.1,4.3,0,63,55.89
7,89,8.7,7.8,9,89,93.14
12,54,8.3,6.2,2,80,66.16
20,85,6.7,1.4,7,74,100
16,99,5.5,3.9,4,47,73.58
10,87,6.8,6.4,4,72,72.81
3,47,6.8,6.7,1,100,61.05
12,80,5.8,2.9,4,72,78.44
13,50,8.3,6.4,10,77,84.15
16,79,6.5,3.8,6,78,86.29
14,46,8.1,8.6,4,99,81.1
15,40,5.5,8.8,2,83,72.72
13,41,4.7,4.2,1,76,63.84
1,44,5.9,2.8,0,38,31.27
3,67,6.5,1.8,6,36,53.01
15,76,4.3,2.2,4,68,75.36
8,77,5.6,5,4,37,59.09
9,86,7.7,2.9,10,70,93.67
15,77,4.3,7.5,1,40,60.71
17,80,6.9,4.6,4,81,91.35
14,61,5.9,2.1,3,54,74
20,71,5.3,7,7,80,95.07
1,63,7.4,1.4,2,61,59.46
16,94,6.4,7.6,8,63,87.31
1,91,7.2,6.1,2,33,45.63
14,71,5.2,2.7,2,91,79.64
5,53,6.8,8.7,4,63,48.69
18,98,4.7,3.2,2,80,95.56
15,64,7.1,6.3,2,63,66.3
16,98,5.2,9.4,2,58,75.59
11,81,4.7,2.2,10,53,77.65
4,56,7.4,1,6,54,59.42
6,73,5.4,2.2,4,93,79.45
20,77,6.6,9,0,91,82.55
11,95,4.4,8.6,5,46,71.09
2,98,8.6,3.9,9,38,65.34
8,47,4.1,7.4,6,66,66.69
7,83,4.8,8,6,49,66.77
16,68,6.3,3,1,83,85.6
17,84,8.8,9.6,6,68,90.62
1,99,8,1,8,76,77.48
13,91,4.2,6.5,2,94,86.34
5,80,5.4,7.6,0,90,65.87
10,86,4.3,9.1,4,32,56.26
14,70,7.9,4.3,2,84,81.12
5,63,6.8,1,6,50,57.78
2,55,7.5,2.7,8,75,72.26
13,96,8.8,3.4,6,39,76.85
15,57,5.6,5.4,9,56,75.52
7,77,7.5,6.1,7,99,90.15
20,90,4.4,6.4,8,84,96.99
20,96,5.6,3.8,4,56,83.84
14,89,8.4,3.7,2,46,75.37
19,56,8.5,1.9,1,50,75.62
19,85,8.7,5.8,10,39,93.92
4,61,7.1,6.1,5,59,55.29
1,84,4.4,7.2,6,50,49.43
7,92,7,5.8,4,93,79.7
6,61,6,5.1,8,92,75.52
17,89,6.5,2.3,2,56,79.45
18,81,6.4,4,8,67,90.14
17,43,5.9,1.7,3,62,73.94
12,65,5.5,7.7,9,98,97.82
9,65,4.1,7.1,8,84,81.01
20,57,6.8,8.2,3,99,87.31
1,94,7.1,9.3,2,55,49.36
4,43,8.2,1.5,2,83,57.69
13,48,4,4.8,5,70,73.29
17,66,8.8,4,10,96,100
11,60,7.8,4.2,7,75,77.26
6,56,6.4,3.5,0,36,40.22
15,61,6.6,8.3,8,46,70.86
2,62,4.4,4.4,4,71,51.86
6,97,5.3,3.7,1,95,77.17
16,99,5.5,2.3,3,55,82
18,67,4.1,8,5,90,92.08
3,68,4.1,3.2,3,35,48.4
10,91,8.7,2.4,3,95,92.11
2,51,4.2,7.2,0,99,54.53
18,54,4.2,6.5,4,38,59.59
19,40,6.9,4.9,1,90,81.24
19,96,6.4,8.6,5,49,82.84
4,53,5.8,6.5,8,31,47.3
2,69,5,7.8,6,92,66.04
17,40,6.9,5.5,10,58,84.36
1,96,5.7,8.5,8,35,51.12
14,40,4.8,6.6,4,48,59.97
2,91,5.2,1.8,8,47,64.58
9,79,8.2,1.2,3,69,71.93
8,46,6.8,5,7,90,75.49
14,69,5.8,4.3,1,69,65.51
14,87,5.3,9.2,8,50,73.93
17,73,7.8,2.2,9,70,100
17,95,6,5.6,4,43,77.7
6,55,7.2,3,6,33,57.63
12,86,6.7,7.4,4,51,68.85
16,58,8.6,2.9,7,54,85.32
13,65,4.9,6.3,10,41,72.19
17,99,8.5,7.9,7,99,100
10,89,4.7,4.4,5,73,79.45
14,79,6.7,8.5,6,49,69.92
15,86,4.7,6.9,1,87,81.24
19,41,8.9,9,3,90,85.18
19,43,4.2,8.3,6,70,81.08
18,80,7.2,1.5,8,65,100
15,77,5.6,3.3,10,86,100
11,60,5,5.7,8,99,90.49
2,93,6.3,2.9,8,38,61.94
3,60,6.5,1.5,9,68,71.24
20,88,7.6,4.5,6,100,100
9,75,6.6,4.7,8,32,70.2
1,83,6.4,1.7,3,81,69.41
6,47,8.7,8.1,9,33,57.67
11,87,4.4,8.9,8,42,64.89
19,81,7.9,5.7,6,42,82.66
5,92,8,6.8,7,30,65.68
13,85,7.8,9.7,0,45,52.97
19,48,5.1,8,9,48,76.27
20,97,5.2,3.5,8,85,100
20,97,6.3,1.4,5,35,84.46
11,69,6.6,4.7,8,58,83.73
7,61,5.8,5,7,86,74.34
4,89,4.9,8.2,3,42,47.2
11,80,4.2,8.6,5,86,80.45
2,62,4.6,1.8,7,58,61.02
9,56,4.2,4.3,8,98,81.55
3,59,4.3,9,0,43,35.64
8,81,8,8.7,3,81,72.58
15,47,5.6,7.8,8,39,69.29
19,80,6.2,8.9,9,87,100
5,54,7.2,3.7,10,64,71.83
17,58,5.3,9.8,9,67,77.46
8,92,7.9,7.5,6,68,81.15
3,67,5.1,2.2,5,91,69.19
16,72,7.3,8.8,5,93,88.55
6,78,8.6,7,10,86,85.02
17,65,8.8,8,3,34,60.15
3,61,6.8,9.3,10,68,69.52
8,54,4.9,1.8,5,38,56.38
9,74,5.2,4.9,6,33,65.1
7,59,5.5,4.5,7,62,66.22
4,62,7.7,6.2,8,66,70.34
16,57,7.7,9.3,9,44,74.69
15,40,5.7,9.5,2,39,50
4,65,6.8,1.6,4,42,51.15
10,93,5.4,5.3,0,62,68.04
7,84,6.4,5,0,46,53.68
5,74,6,7,3,55,58.05
1,91,4.8,9.7,10,74,77.54
1,76,7.6,6.3,2,44,46.01
7,66,5.9,5.1,9,78,85.86
14,67,8.8,1,5,80,95.29
9,51,8.1,9.3,2,46,45.07
8,57,7.1,5.9,1,56,56.17
14,75,5.1,4.8,5,32,60
15,79,4.4,2.3,4,65,83.8
4,57,5.5,6.6,3,61,54.57
12,44,6.3,8.7,5,85,77.44
5,95,8,8.3,1,100,73.35
16,88,4.6,3,9,75,100
13,97,7.1,4,9,50,89.74
16,83,6.2,8.7,4,41,66.27
2,41,5.1,8.7,8,71,50.7
6,87,8,4.1,3,64,71.8
9,96,6.7,5.3,2,98,88.77
8,76,4,5.2,3,59,55.59
12,57,5.9,7.7,1,77,66.87
10,77,8.1,2.3,1,44,58.6
19,69,6.6,5.2,5,57,77.03
1,58,4.1,3.9,3,86,57.97
14,67,4.5,2.7,8,77,88.87
2,46,7.6,5.8,3,40,38.16
19,45,5.6,9.4,4,59,68.67
18,66,4.9,1.9,0,92,87.86
3,75,6.3,1.4,10,81,85.38
11,67,5.5,4,7,36,64.53
18,81,8.2,2.3,6,55,86.92
3,63,8.7,2.6,3,31,45.94
2,51,5,2.7,8,85,75.14
11,98,7.5,7.1,2,51,65.16
4,46,5.4,2.4,6,82,67.34
4,60,4.4,3.9,9,48,55.61
13,67,8.5,2.9,8,48,75.89
5,57,4.2,9.9,3,46,38.1
6,43,5.9,2.3,0,42,46.86
20,88,4.2,1.7,3,62,87.15
7,54,6.9,2.7,10,52,70.74
17,64,8.8,2.1,3,50,73.48
20,56,5.7,8.7,10,66,88.54
7,59,4.9,4.6,4,86,68.87
1,51,5.3,5.6,6,54,47.02
2,86,8.1,9.6,3,85,68.22
16,80,8.5,8.4,4,100,96.24
12,51,7.1,8.5,5,81,78.19
3,61,7.4,10,6,77,66.4
19,94,4.3,5.4,6,50,83.4
8,95,7.2,1.5,6,83,86.89
9,70,7.9,4.3,3,81,79.37
12,50,5.4,5,4,80,71.99
11,82,5.2,2.9,9,82,88.47
19,75,8.4,7.7,2,67,77.26
13,71,8.6,2.4,1,73,76.27
6,81,6.3,6.8,6,55,68.15
18,99,5.1,3.4,10,66,100
11,72,7.7,3.2,9,33,72.5
4,65,7.7,2.3,9,90,86.07
8,79,7,9,8,39,63.33
12,95,5.1,9.5,1,42,56.09
17,81,5,5.2,0,61,65.23
7,70,4.7,1.5,2,30,53.86
9,74,7.1,8.3,8,32,63.29
5,64,7.7,6.2,1,46,52.89
10,65,7.9,6.3,4,86,76.39
11,81,5.4,2.3,9,51,79.79
10,62,7.8,2.8,3,43,60.38
19,95,8,6.7,4,31,72.93
19,56,6.5,7,10,44,79.08
14,84,8.6,7.5,9,88,94.88
14,68,8.9,1.2,10,100,100
11,54,7,1.3,6,43,63.54
19,41,4.6,8,3,64,71.25
2,88,7.8,2.8,3,64,69.42
7,70,8.6,4.8,7,56,76.8
9,74,8,3.5,9,99,100
9,45,7.6,9.6,6,93,75.88
2,44,9,9.2,1,43,33.81
10,77,7.3,6.3,10,40,77.97
2,94,5.6,9.1,2,34,37.93
18,93,8.4,8.7,1,81,91.22
2,87,8.8,8.9,9,35,57.17
5,47,8.8,7.9,4,94,73.05
11,59,6.8,9,0,56,50.64
3,67,4.3,5.3,10,42,59.74
19,46,5,5.9,0,40,53.99
16,46,8.3,9,7,44,65.9
5,90,7.5,6.2,4,32,60.36
10,97,6.3,8.8,2,96,81.48
3,58,4.5,2.2,8,88,79.21
10,60,4.7,5.4,1,57,60.88
16,94,6.6,5.4,4,84,88.67
3,55,6.8,9.7,0,93,51.53
4,82,8.9,2.1,9,66,77.31
5,47,5.7,8.9,1,60,38.38
11,53,5.7,4.7,10,85,93.48
6,64,4.3,5.9,5,73,60.47
11,51,7.8,5.5,4,39,51.53
12,58,6.4,8.3,7,99,88.05
20,57,6.6,9.2,5,84,86.26
10,72,6.9,9.5,3,37,47.55
4,77,9,7.3,5,85,73.17
13,53,5.8,8,4,48,63.93
6,68,7.2,1.8,2,79,67.69
12,65,5.8,3.3,0,90,68.18
2,45,5.5,10,4,44,41.32
1,92,5.9,6.8,6,53,56.31
17,68,7.9,1.9,0,30,67.7
14,66,6.7,1.5,4,42,69.47
18,49,4,4.7,3,94,86.19
4,62,8.4,6.9,2,59,48.39
5,51,4.9,2.4,0,98,60.26
11,95,4.8,2.7,9,68,84.69
9,45,4.2,7.8,4,87,66.85
4,54,5.9,8,1,61,43.34
1,92,8.3,8,3,70,66.67
15,99,4.7,7.9,8,46,86.07
1,90,8.6,3.6,10,76,88.6
18,42,7,5.2,3,33,56.03
18,41,8.3,1.2,4,43,73.47
11,55,5.5,6.5,2,95,75.88
4,99,7.3,3.6,8,82,89.91
10,86,8.4,2.2,0,52,60.2
17,83,6.8,6.5,0,79,76.17
12,71,8.9,6,0,59,63.61
19,89,4.6,2.3,3,86,91.98
8,92,7.6,6.4,0,70,69.49
18,60,8.8,9.2,5,69,84.33
1,74,7.8,2.7,0,83,61.09
14,76,7.2,7.2,5,49,72.28
18,67,4.1,1.6,0,79,76.65
15,55,5.2,7.8,5,86,84.81
3,65,5.6,5,1,58,46.89
18,44,5.5,9.1,0,47,52.59
1,72,5.4,5.3,6,50,55.56
13,58,5.3,5.1,7,53,69.74
1,74,5.4,2.7,2,62,49.07
10,72,4,1.3,1,88,76.41
10,47,7.6,4.1,6,43,60.1
11,60,6.3,8.6,9,33,62.07
16,76,8,1.1,4,51,79.13
2,55,9,2.9,10,48,67.3
11,83,7,4.2,3,40,61.92
18,98,8.1,5.7,3,35,73.47
5,78,6.2,2.7,9,41,67.25
4,71,5.5,2.4,2,46,45.07
3,66,6.3,9.3,2,45,39.97
8,77,4.9,4.7,9,56,74.33
1,65,5.1,2.1,5,34,52.02
4,93,5.2,2.4,0,68,60.67
12,40,4.9,1.4,1,36,44.35
8,81,5.2,4.4,3,92,78.74
3,78,4.3,1.5,0,53,51.36
11,67,4.5,2.3,5,78,81.14
9,84,6.5,5.6,5,75,83.34
10,40,7.6,6.2,9,48,63.64
10,90,7.9,7.5,3,47,67.79
3,64,7.3,5.2,8,39,54.68
13,58,6.2,3.6,3,86,72.99
4,79,5.5,7.8,3,43,53.39
15,71,6.1,4.8,6,73,79.87
6,82,6.4,9.1,6,38,51.98
19,50,6.8,8.4,10,71,90.88
2,66,7.3,8.2,9,37,50.53
8,44,7.4,4.5,10,100,91.54
15,41,5.9,8.4,10,84,83.48
8,48,4.8,7.2,1,99,62.63
5,44,8.3,4.4,10,96,87.11
17,63,6.1,9.2,1,40,55
5,78,5.6,1.2,0,61,56.36
11,89,8.5,6.1,8,49,84.53
3,53,4.7,4.9,9,94,80.11
13,79,5,9.7,8,63,73.59
18,52,8,5.5,5,39,75.29
11,97,5.1,5.7,0,42,53.15
9,82,8.4,8.3,5,50,69.18
13,58,4.9,5,3,77,67.04
5,71,4.9,3.5,5,58,67.38
8,71,8.8,4.3,6,70,82.37
13,79,6.3,4.7,8,86,94.25
19,67,4.8,3.5,9,66,96.21
4,41,5.5,6.6,5,30,44.75
19,48,8.9,4.8,6,98,100
4,49,8.1,1.5,6,46,61.08
14,85,6.5,6.4,3,70,80.68
20,68,6.9,2.9,10,64,100
3,48,6.9,3.7,10,77,78.69
6,49,7.9,3.6,7,89,78.73
1,58,8.6,9.8,9,89,76.22
5,63,4.6,5.7,10,36,58.98
7,54,7.2,5.8,1,67,55.27
5,89,5.2,5,2,37,55.31
9,60,4.3,9.3,7,81,75.35
15,40,6,4.7,3,47,64.58
17,67,5,2,2,49,64.57
2,97,8.4,7.1,4,94,81.65
5,64,8.1,8,8,56,61.68
7,67,8.2,7.1,6,32,61.35
17,50,8.7,7.2,9,81,93.43
3,84,5,1.1,5,62,67.48
10,97,6.2,9.2,2,33,55.84
12,98,6.1,6.1,0,44,65.73
5,56,7.1,7.9,1,57,45.61
1,44,4.5,4,6,44,44.4
17,85,7.5,7.4,0,99,92.48
7,100,6.6,5.6,10,34,70.85
3,43,5.4,3.4,1,74,49
17,61,4.4,2.9,5,54,76
4,57,6.6,3,4,88,67.01
17,43,5,6.6,0,43,57.92
17,99,5.6,3.5,1,92,96.56
15,75,5.3,1.8,9,34,75.07
15,90,8.6,1.9,9,97,100
7,70,7.5,4.9,1,76,64.89
13,67,8.9,5.7,6,44,67.05
19,70,8.1,4.5,5,96,97.04
7,50,6.1,5.3,0,71,57.8
11,74,5,2.7,5,99,83.7
12,67,5.6,7.4,8,77,79.43
8,55,6.9,6.3,8,50,62.72
13,65,7.3,1.8,7,72,87.62
3,83,5.7,8.3,6,84,71.17
20,95,5,8.3,3,30,65.87
17,61,5,9.1,7,52,73.6
13,67,7,8.3,3,62,65.55
12,91,7.7,1.6,5,46,82.29
12,100,5.5,2,3,30,69.85
15,92,5,9.2,8,90,91.4
1,80,6.3,8.5,8,51,63.96
16,70,6.3,7.7,1,45,66.11
17,58,4.7,2.2,7,94,100
7,40,7.9,1.6,7,40,55.54
2,92,4.7,8.7,2,54,46.48
10,71,5.1,7.1,0,74,64.24
16,94,8.1,7,7,42,85.51
14,99,4.6,6.2,10,90,98.37
12,85,7,4.1,6,81,92.39
14,58,4.2,6.5,10,78,87.53
8,52,5.4,3.4,0,76,54.31
10,100,4.7,7.1,10,76,87.3
15,79,5,7.3,2,41,62.7
9,55,8.9,7.3,7,32,57.17
10,70,7.4,4.8,1,72,67.49
19,47,4.4,9.5,0,42,47.36
13,85,8.1,2.4,0,33,61.32
5,65,5.7,6.1,3,63,60.43
11,78,6.3,6,3,58,65.18
17,72,7.6,4.2,1,53,67.11
19,65,6.4,1.8,4,79,87.94
17,99,6.1,6.7,4,60,87.42
1,96,5,9.5,7,47,60.01
14,67,5.8,8,2,69,67.42
11,56,8.3,6.3,2,93,77.8
10,40,4.2,1.3,10,48,64.19
13,82,4.2,3.7,6,32,65.18
19,41,6.8,4,3,48,68.66
4,65,8.8,2.8,0,55,57.87
11,97,6.1,6.9,3,78,80.15
7,91,4.1,9.2,0,34,43.64
17,92,7,3.1,8,86,100
1,91,8.7,8.7,8,35,53.67
8,61,7.5,3.5,5,99,87.92
20,88,4.9,7.1,9,59,88.77
9,85,5.1,5,6,41,62.38
14,65,4.9,9.2,0,95,75.4
3,48,8.9,7.1,6,96,66.48
19,59,7.9,9,4,88,91.89
12,98,7.6,1.7,1,34,71.47
18,100,5.1,8,3,31,73.46
14,71,8.6,6.4,9,94,97.55
5,46,6.8,9.9,4,47,46.87
20,54,6.4,4.7,5,33,73.77
4,65,8.1,4.8,1,95,67.31
13,95,8.5,6.9,8,57,85.86
8,67,6.7,9.2,10,75,73.88
13,96,7.9,6.8,7,81,90.04
6,51,6.1,4.9,8,95,73.9
7,68,7.2,1.8,6,71,71.97
18,98,7.2,7.1,8,30,82.21
19,77,5.2,3.9,8,43,80.52
11,79,6.4,5.2,6,71,86.02
16,64,5.5,5.9,3,77,83.62
18,41,5.6,9.3,4,45,64.75
4,97,8.7,4.5,7,100,92.58
19,44,8.8,2.3,5,80,88.97
3,74,6.7,1.7,1,69,59.45
2,43,8.4,4.2,0,30,34.25
6,56,5.3,7.3,2,96,70.23
18,93,8.4,4.1,7,36,87.55
1,89,4.7,2.8,1,43,48.76
5,61,7.2,1.6,8,80,83.42
2,71,5.4,6.1,0,81,55.47
20,62,4.7,2.6,3,54,75.64
7,92,4.6,6,6,51,71.26
1,90,8.8,6.8,0,47,50.31
6,97,5.9,7.4,2,63,64.95
19,68,5.8,5.2,10,66,100
11,71,8.4,7.2,10,65,82.79
20,63,8.5,7.1,7,62,83.65
13,74,8.5,8.1,5,68,75.34
12,54,5.3,7.5,4,78,72.22
18,74,7.3,4.8,8,55,91.06
9,72,5,3.7,3,75,72.26
14,80,4.8,4.7,7,57,79.47
13,93,5.5,3.8,2,33,67.48
15,70,5.8,5.2,8,67,83.08
14,89,8,6,10,62,91.26
14,78,7.5,8.8,0,75,64.99
10,60,8,4.3,0,52,56.48
13,69,4.8,8.4,0,88,65.67
6,98,8.9,6.4,3,35,60.74
15,54,8.6,5.4,2,70,70.56
12,82,7.1,7.2,3,33,54.38
5,61,6.8,4.2,5,34,53.43
1,59,9,1.2,2,42,44.79
11,54,8.4,2.3,7,63,81.64
8,92,5.1,5.4,5,54,63.26
4,47,4.7,6.9,9,33,46.79
6,65,5.8,9,4,49,52.23
13,97,4.9,7,1,36,59.51
16,54,6.6,6,10,74,89.2
11,45,5.3,7.8,0,40,43.33
11,46,4.4,7,4,74,68.63
11,88,7.4,7.2,0,83,69.01
6,74,8.2,4.7,3,61,62.95
13,46,9,2.3,1,70,73.67
12,67,7.6,7.9,2,84,71.06
4,51,7.8,1.3,4,97,69.83
15,65,4.8,6.3,0,84,72.66
3,78,8.2,3.2,3,73,71.84
14,87,6.5,1.5,5,34,76.2
20,92,7,2.3,2,83,95.99
4,100,4.9,7.8,4,59,65.41
17,98,6.8,9.6,4,94,93.09
3,82,5.5,2.4,2,77,65.69
8,65,5.5,1.4,10,48,75.29
8,46,5.2,2.2,5,77,68.64
15,51,7,1.6,5,67,80.94
10,80,5.3,9.1,8,55,73.62
8,67,8.4,4.4,1,34,52.46
6,82,8.9,5.4,1,43,52.03
14,49,7.4,2,10,89,98.99
13,97,7.9,4.1,1,87,82.69
6,72,4.6,4.8,10,40,68.64
17,71,5.1,6.6,2,42,65.09
8,65,6.8,1.7,5,86,76.72
15,67,7.9,2,0,75,72.37
17,83,6.3,1,10,67,99.77
20,87,7.1,7.6,5,55,80.35
9,60,4.3,8.3,2,30,37.33
13,87,8,3.2,7,34,81.29
10,80,5.7,1.5,9,70,88.18
15,88,6,3.1,0,64,68.3
7,57,6,7.2,10,74,73.92
3,74,7.6,2.3,6,99,82.68
2,44,8.4,8.5,10,46,55.34
3,43,8.4,3.8,3,61,49.9
2,46,6.7,2.4,0,42,33.76
18,50,5.8,3.1,0,100,86.24
3,96,7.8,4.5,1,82,65.03
1,55,6.7,7.1,10,41,56.37
16,55,7.7,6.4,7,95,95.1
10,81,6.4,5.3,0,35,45.91
5,45,5.3,7.5,0,90,58.57
15,47,6.2,3.4,5,33,66.02
18,93,7,1.9,3,88,92.63
12,45,7.8,8.9,9,40,66.98
10,63,5.3,4.3,9,90,84.31
13,62,5.7,8.4,9,53,73.88
16,45,5.2,5,10,44,78.35
17,72,6.1,2.3,6,60,86.74
13,46,4.7,4.6,6,86,80.17
1,63,5.8,2.9,1,55,46.04
17,70,7.7,8.4,0,51,66.99
7,83,7.3,7.5,4,78,78.05
10,59,7.9,9,2,93,70.92
7,40,5.5,7.1,1,88,56.39
4,83,5.5,6.6,1,77,55.98
17,54,4.6,4.6,8,83,87.21
14,56,6.4,8.6,6,70,73.81
19,64,7,9.1,0,57,65.13
18,89,8.8,1,4,99,100
20,98,7.2,4.6,3,40,84.33
19,51,7.7,2.3,9,44,87.53
6,70,8.7,4.4,9,58,72.9
2,98,5.3,4.4,10,48,71.61
3,74,6.3,2.2,2,65,58.52
17,52,4.1,5.8,7,81,87.24
16,61,7.4,5.7,8,62,88.82
16,97,5.4,6.5,9,37,80.62
5,46,6.5,2,8,82,78.69
14,62,6.6,1.9,9,98,100
1,67,4.4,2.9,10,70,69.51
8,46,9,2.8,1,51,55.26
12,93,5.8,8.4,6,43,69.23
10,78,6.1,5.4,8,94,86.47
19,93,8.5,5.7,9,36,89.15
6,84,4.2,7.9,10,31,61.54
14,71,5.7,8.2,2,44,58.06
7,66,8.6,8.2,3,39,50.96
17,61,5.3,1.3,0,69,75.68
2,55,6.4,2.5,5,67,58.19
11,72,5.1,7.3,3,100,83.02
4,49,6.4,3.5,3,49,44.38
11,89,8.8,4.1,7,64,81.05
20,84,7.7,3.9,1,62,87.32
14,97,4.9,9.4,2,54,66.6
2,47,7.5,4.6,9,63,62.45
4,92,5,8,4,70,60.61
11,64,5.1,1.5,3,31,60.86
16,78,6,7,5,35,70.51
14,84,7.3,4.3,9,98,100
9,98,7.6,6.1,9,52,84.05
15,70,7.2,9,5,41,66.06
17,44,4.3,2.9,9,90,90.87
14,68,4.1,7.2,1,91,76.2
10,40,7.5,2.6,2,51,57.96
9,46,7.4,5.7,3,37,48.52
8,51,7.7,4.9,4,31,45.42
18,46,7.2,3.8,4,51,70.1
18,95,8.3,2.4,10,33,89.4
9,55,8,7.8,0,69,55.92
12,84,8.5,1.8,10,95,100
3,61,6.1,3.5,9,66,65.01
16,62,5,5.9,1,54,63.01
11,59,8.2,2.2,5,41,68.5
20,43,6.5,8.4,6,39,70.96
3,41,7.2,3.9,5,64,52.26
19,77,9,1.3,2,60,85.41
13,67,6.9,9.4,6,52,72.43
19,62,5.2,5.8,1,62,66.55
3,80,8.1,8,3,32,49.65
8,90,8,2.1,10,49,81.13
13,67,7.4,5.6,3,64,70.65
7,91,5.5,5.7,9,59,82.98
9,53,6.4,1.9,8,78,80.56
20,56,7.7,5.6,5,66,81.15
8,86,6.8,4.5,9,47,76.41
11,41,6.2,2.8,0,74,56.95
18,80,8.5,5.7,9,77,100
16,93,7.2,1.1,9,84,100
20,95,8.8,3.6,3,71,96.92
16,65,5.6,3.3,1,100,86.15
1,42,7.8,8.2,5,65,45.8
17,100,6.3,9.4,4,81,91.86
17,67,6.1,6.3,9,63,87.75
14,84,4.5,7.3,10,32,79.37
14,77,4.3,8.6,9,86,95.91
3,41,8.8,2.9,8,63,68.76
15,46,5.7,5.3,5,83,78.93
11,40,7.3,1.7,8,84,90.08
4,64,6.5,3.6,9,53,63.65
7,63,7.1,6.8,6,96,77.5
9,60,7.8,1.1,5,82,79.46
19,90,8.7,5.4,4,35,74.47
9,97,4.9,6,1,90,79.81
18,77,4.8,4,7,45,79.02
2,94,4.7,1.5,10,60,77.11
16,67,7.7,7.8,4,95,94.9
3,80,6.1,7.8,8,66,68.9
14,95,6.8,1.5,6,55,84.49
12,54,4.1,8.6,0,40,48.02
5,68,6.7,4.4,5,40,60.74
20,81,5,7.8,10,94,100
5,98,8.3,7.4,7,74,79.85
16,43,8.5,4.5,6,48,67.47
7,87,6.1,3.3,10,66,81.21
20,56,6,8,6,61,77.59
18,44,7.4,2.4,3,77,81.16
14,45,6.4,8.6,0,87,70.72
4,96,6.2,3.5,5,89,80.08
14,51,7.4,9,6,61,76.55
15,74,5.6,1.4,9,100,100
20,71,8.1,3.4,7,77,100
10,81,5.2,3.6,8,72,79.95
12,94,5,7.7,4,33,67.35
8,70,5.9,4.8,7,66,67.88
5,41,8.8,5.3,7,75,63.38
20,68,5.8,3.7,1,70,83.51
7,81,7.9,1.5,9,37,76.8
2,76,8.3,7.6,6,77,67.14
17,49,5.2,3.6,4,73,75.32
11,81,7.3,4.3,5,53,78.38
5,100,6.1,9.9,10,31,68.66
2,56,6.3,8.7,9,40,46.5
8,92,5.5,9.9,10,76,87.99
3,45,7,7.9,8,81,70.25
3,45,6.7,7.1,5,94,61.87
15,90,8.6,4.6,1,69,83.28
16,68,6.1,1.8,10,82,100
1,57,7.6,7.6,6,81,64.92
13,75,8.4,7.4,0,77,74.27
12,65,5.7,6.4,5,32,58.81
20,44,5.4,2.5,3,59,69.22
6,76,7.5,5.5,4,32,50.89
16,83,5.2,5.8,2,49,64
2,62,4.3,8.9,8,79,62.47
10,71,5.5,8.8,3,100,78.24
3,56,6.3,7.7,5,51,46.89
10,95,5.5,2.2,3,71,79.42
10,46,4.1,9.1,10,51,69.72
8,90,6.5,6.8,5,40,62.95
14,66,5.6,8.8,7,91,84.85
7,45,8.8,9.3,1,94,64.9
1,49,5.8,4.4,4,83,61.58
18,92,4.4,2.9,9,97,100
12,80,4.8,2.1,8,71,85.78
20,91,7.1,8.3,8,68,100
3,98,4.9,10,6,72,65.21
17,93,8.4,8.8,6,88,96.57
20,51,5.1,2.8,1,58,69.2
19,45,6.7,7.4,0,37,61.1
18,44,8.1,8.8,3,63,66.25
20,92,4.9,9.2,1,77,83.57
8,88,8.2,8.6,1,52,53
11,49,6.4,2.7,1,41,49.88
13,45,5,1.8,10,75,85.3
2,100,4.3,3,3,37,55.26
10,40,6.2,5.8,10,42,70.16
20,96,7.7,4.2,8,68,100
11,60,6.3,7.7,6,60,71.55
10,60,8.9,3.7,8,53,76.95
4,49,6,6.5,9,64,62.44
2,66,5.5,1.7,9,43,55.67
4,98,7.5,4.4,10,78,90.58
3,41,4.3,7.8,8,46,44.03
9,48,8,2.1,8,48,68.81
17,99,4.6,7.2,10,93,100
13,50,7.3,4.4,9,78,92.82
1,73,5,3.4,9,41,61.5
1,62,6.8,2.3,10,75,74.77
5,75,7.1,1.4,3,50,55.72
2,81,7.3,9.2,4,73,62.2
5,56,8,6,1,48,47.82
3,58,5.7,9.1,0,72,47.66
17,96,8.6,6.8,2,96,94.61
13,42,5.4,1.3,2,63,58.93
12,94,5.5,5.3,7,81,92.91
20,61,4.2,6.2,4,40,70.5
19,72,5.7,4.5,4,56,74.46
13,61,7.1,4.2,2,58,66.85
16,73,6.5,5.6,6,74,86.36
20,79,8.1,1.7,6,36,84.37
5,96,8.6,8.6,0,41,55.53
7,75,5.9,9.3,7,65,70.41
15,97,8.4,7.8,9,31,77.8
1,53,5.6,7.8,4,96,61.91
11,86,5.2,2.5,9,67,86.04
19,85,7.8,3.3,9,36,95.49
8,59,6.2,6,9,75,82.58
14,70,5.1,1.5,9,72,94.46
5,82,7.7,5.4,8,62,78.61
17,65,8.1,5.8,6,72,86.23
5,77,8.5,4.3,10,98,95.81
6,73,8.5,7.5,0,44,47.87
5,55,5.9,1.4,8,95,80.64
18,86,5.5,9.5,6,92,100
16,72,4.1,9.5,4,71,78.24
8,70,8.9,7.6,9,71,84.75
16,61,4.7,3.1,10,55,80.76
16,60,8.5,7.2,5,50,78.09
20,71,5.4,7.4,4,41,77.63
3,85,7.2,9.7,6,50,57.03
11,88,4.6,7.7,1,93,74.81
11,54,5.3,4.7,5,39,61.47
14,59,8.4,6.5,7,97,94.72
8,99,7.6,9.2,0,56,57.28
17,92,4.9,8.5,6,54,84.73
3,88,7.7,6.2,10,49,67.21
9,49,4.6,3.5,8,57,65.83
20,50,6.4,4.7,0,96,87.08
14,81,7.5,9.6,10,94,100
9,40,8,2.8,4,100,73.16
11,95,5.1,7.7,5,97,87.26
16,46,8.6,3.9,4,83,88.49
12,55,6.9,9,0,85,64.84
9,99,7.7,9.9,10,47,78.34
2,80,5.7,2.9,4,38,46.23
5,85,6.7,9.8,6,86,77.46
5,91,6.5,7.6,2,40,55.4
12,60,7.6,8.6,10,57,79
1,83,6.5,4.1,5,100,72.62
6,64,4.9,3.3,9,77,76.95
17,57,5.4,4.6,7,32,73.8
11,45,7.3,9,9,42,65.4
3,69,6.4,4.3,2,65,53.12
10,78,7.9,4.1,10,42,77.83
9,79,6.7,5.7,10,61,82.2
11,82,6.9,3.4,7,85,89.49
11,77,8.5,5.3,5,71,77.69
20,56,7.2,7.4,10,69,91.51
14,74,6.4,5.4,5,82,89.19
6,100,4.7,1,9,64,87.25
2,71,6,9.5,3,68,56.63
12,53,5.8,5.2,1,36,51.58
4,47,8.7,6.8,7,88,76.3
10,79,8.8,3.2,1,63,71.84
16,48,4.9,9.5,7,94,83.42
9,46,5.1,3.4,10,92,84.23
13,74,5.6,6.8,7,57,77.55
11,49,5.2,2.3,5,77,72.68
1,93,7.9,7.7,5,92,77.29
10,93,6.4,9.4,1,82,70.36
5,90,8.5,5.8,4,45,64.52
14,50,5.2,7.7,10,68,80.57
10,41,6.3,3.3,9,86,85.31
4,56,7.6,5.4,9,92,82.96
8,58,4.6,4.1,5,73,74.06
17,85,5.1,9.4,5,81,81.31
15,41,5,8.4,1,32,40.28
12,79,7.4,6.9,0,43,56.19
2,100,5.9,6.2,10,64,77.38
16,74,6.2,6.4,8,70,86.91
4,65,8.5,2.4,5,60,67.02
19,67,6.2,7.1,5,55,82.08
16,55,5.8,7.1,5,97,88.54
2,71,4.3,2.2,8,98,77.08
3,53,5.2,4.1,1,54,45.04
3,57,4.9,6.4,4,51,47.34
10,79,5.1,4.6,10,58,79.23
19,66,6.2,8.4,1,64,72.08
1,52,7.5,8.7,10,31,51.17
15,83,7.6,8.2,10,85,100
18,92,4.8,8.4,8,52,91.45
11,51,8.7,7,3,90,79.01
9,85,7.9,1.6,8,96,97.31
19,46,4.4,2.1,2,55,73.14
6,44,5.3,6.9,5,50,54.12
3,99,4.5,5.4,10,99,91.66
5,93,5.7,6.6,4,80,77.51
11,68,8.8,6.7,4,78,82.34
7,51,5.9,8.4,4,66,62.22
4,73,4.5,8,8,73,63.47
13,98,6.3,5.6,0,73,70.89
7,75,8.1,6.8,1,57,56.5
14,72,5.5,1.9,4,93,94.97
9,64,7.4,2.5,1,63,65.22
8,52,5.2,3.4,0,42,39.98
15,50,6.7,9.2,0,55,49.86
16,96,7.9,9.3,7,91,94.53
19,40,9,7,7,85,87
18,55,7.9,4.4,9,77,90.46
14,81,6.4,8.5,10,83,91.86
4,71,4.7,3.5,8,96,80.63
2,82,5.5,5.5,9,58,62.14
6,64,8.2,6.9,6,62,67.32
15,59,4.5,6.5,6,34,60.82
8,78,7.4,4.5,4,34,63.86
16,81,4.1,3.7,5,44,76.53
20,68,7.4,2.1,1,77,87.48
4,52,6,5.9,9,80,71.67
1,69,5.4,2.1,5,61,53.33
8,80,8.5,7.6,5,51,64.82
1,48,4.9,4.8,0,100,57.07
15,63,8,5.6,2,59,66.64
12,74,5.2,5.5,4,54,69.83
20,80,4.4,4.7,7,60,94.6
11,94,4.4,3.8,4,78,82.37
12,47,4.1,2.5,1,68,56.14
3,49,8.6,3.2,1,72,53.28
19,85,6.4,6.2,3,73,90.73
20,69,4.5,9.4,1,92,84.64
7,42,5.7,5.5,0,68,44.42
9,98,8.7,4.4,5,41,77
9,74,8,7.8,10,71,80.71
15,64,6.8,2,8,88,100
13,69,6.3,7,0,31,48.36
8,59,5.6,9.6,9,88,80.99
8,93,4.4,7.9,3,35,49.96
6,56,6.9,4.8,7,72,75.63
16,97,8.9,10,5,44,80.88
10,74,5.4,5.8,0,68,63.79
15,86,8,8.6,8,41,84.89
13,41,8.3,8.6,2,91,66.53
20,89,8.2,9,5,68,94.92
14,93,4.6,2,7,90,97.88
15,63,5.4,7.7,6,73,78.97
17,76,8,2.4,6,56,84.85
11,57,8.7,7.1,3,31,54.4
9,83,5.9,8.7,6,31,62.34
13,86,7,6.4,10,82,92.61
17,48,8.7,8,7,34,70.44
15,96,6.2,5.1,9,77,99.06
7,76,6.8,8.4,2,78,61.53
15,77,4.9,7.7,7,38,72.57
3,43,8.7,7.8,5,45,42.45
20,66,4.9,6.9,0,82,78.76
6,58,5,3.1,10,60,67.02
5,53,7.1,9.4,4,65,53.22
13,92,7.5,1.2,6,63,91.19
1,65,7.1,6.9,3,73,54.42
13,60,7.9,6.4,1,47,58.65
8,70,7.6,1.4,6,63,72.67
18,61,5.4,5.3,5,61,74.11
19,80,7.8,8.2,0,62,70.46
12,59,8.5,5.8,0,71,62.52
15,66,7.8,3.7,2,76,77.46
1,70,6.8,9.7,6,100,71.02
15,74,6,7.1,0,59,67.37
5,50,4.6,9,7,34,50.34
3,79,8.8,9.1,8,81,81.28
7,100,7,6.2,2,99,85.43
19,73,7.9,2.4,8,93,100
3,56,8,8.3,9,76,73.57
6,76,8.1,5.3,10,80,84.14
4,67,4,2.8,2,99,69.43
1,70,4,3.9,0,52,41.02
10,61,7.4,2.4,0,48,58.1
1,45,7.6,5.4,4,76,61.04
3,65,5.4,5.5,2,38,36
9,65,6.1,8.9,5,32,55.33
12,50,6,7.1,7,62,68.11
2,54,8.3,4.6,7,98,81.36
11,58,7.7,9.4,3,55,53.6
12,72,8.8,2.3,3,57,72.43
1,67,4.2,1.8,4,72,58.44
20,49,5.1,4.6,1,64,74.47
18,61,6.5,1.9,10,88,99.43
12,42,7.6,6.1,7,91,85.35
1,79,4.6,1.7,2,35,38.9
18,49,6.7,7.5,2,60,64.91
5,76,6.2,1,4,55,66.79
19,61,6.5,6.3,1,73,77.08
12,98,5.6,2.1,6,57,86.74
15,45,5.4,2.5,0,89,71.34
15,59,7.5,2,4,53,71.84
15,92,5.2,4.7,6,46,76.79
3,73,8.6,3.1,1,52,50.57
19,100,8.9,8.1,7,87,100
14,85,7.9,5.3,4,68,78.73
10,52,7.1,4.1,4,89,77.05
6,78,8.9,4.4,7,44,65.83
13,88,7.6,3.8,8,35,82.44
20,98,6.9,7.9,3,64,92.22
1,81,5.5,3.6,9,83,83.28
1,86,4.2,3.6,9,38,58.47
12,70,5.1,4.7,4,51,64.99
5,48,5.8,6.3,0,58,42.31
20,54,4.3,7.8,4,37,69.41
11,49,6.3,2,1,88,67.92
6,65,5.6,1.6,7,72,73.62
1,96,4.1,1.6,4,46,61.04
8,53,8.9,6.5,4,87,76.64
6,50,6.9,6.7,10,71,74.88
14,98,7.5,8.1,1,75,75.59
20,41,7.9,2.5,2,68,78.41
8,65,5.6,1.4,3,48,60.63
1,76,4.2,9.7,0,85,47.45
15,66,4.3,8.6,4,68,67.31
17,71,5.2,7.6,5,70,78.01
2,85,8.6,2.6,3,45,55.38
16,78,4.7,7.3,0,85,75.15
12,91,8.3,9.5,3,55,67.48
8,83,6.9,6.3,4,70,75.77
19,95,4.9,9.9,5,52,80.19
18,84,5.1,5.1,3,95,88.8
8,55,4.1,5.3,4,73,60.35
7,43,4.9,3.1,4,42,53.77
5,58,7.8,9.4,0,98,59.65
15,50,4.3,3.1,0,71,70.45
13,43,4.6,8.4,5,42,59
16,85,4.4,9.5,5,98,95.54
2,91,6.9,9.7,10,36,58.01
5,97,7.2,7.2,4,73,69.91
3,45,7,2.4,5,41,44.73
8,72,8,1.3,7,96,87
3,94,5.2,9.8,5,32,46.43
8,86,7.4,6.5,4,38,61.28
16,47,5.7,5.5,5,75,78.04
4,97,8.7,4.9,3,52,68.7
5,57,6,1.2,6,45,61.89
5,94,8.3,7,8,76,86.66
14,55,5.6,1.1,0,88,74.8
3,60,4.2,2.4,5,79,64.75
12,82,7.3,6.4,7,39,69.53
7,84,8.8,1.2,8,35,75.4
19,42,4.5,1.7,4,83,87.49
2,86,5.1,2.3,8,97,84.73
4,74,7,1.3,6,44,61.03
8,75,6.6,4.7,8,90,90.06
12,45,6.6,7.2,6,35,63.09
2,82,7,4,6,98,83.4
13,70,4.9,1.3,7,49,79.15
6,92,4,6.7,8,44,67.38
10,68,4.8,2.7,3,75,70.7
1,69,6.6,7.5,0,98,55.03
13,78,6.2,9,9,77,83.28
9,62,8.9,6.5,3,82,72.12
3,56,5.9,3.4,0,85,54.73
17,86,6.1,4.4,8,73,99.87
4,45,6.1,4.2,0,74,52
12,92,6,10,3,41,61.25
15,53,6.9,2.3,0,47,58.72
12,67,5.7,8.1,3,90,78.53
16,90,5.2,7.1,1,78,78.98
18,70,4.5,8,6,43,70.75
18,70,7.4,1.1,1,48,70.83
2,48,8.8,9.6,4,73,51.81
2,61,5.5,9.9,8,34,48.14
19,98,6.8,2.9,7,81,100
8,73,6.6,2.2,6,42,64.67
1,52,8,7.9,3,97,58.24
2,41,4.1,1.7,3,70,46.96
10,79,8.7,9.9,7,65,71.97
19,76,8.8,4.7,4,82,98.02
5,72,7.1,7.2,5,42,54.88
13,50,4.7,2.4,5,81,73.31
6,48,5.2,2.2,4,34,45.91
15,68,8.3,9.8,1,53,61.37
12,73,6.8,1.4,4,43,74.09
6,89,8.3,8.9,0,73,56.34
13,67,4.2,5.9,1,53,55.4
5,71,6.6,3.6,4,92,76.79
2,77,6.8,8.2,6,40,49.33
16,65,7.1,8.5,4,68,73.91
1,49,4.8,9.8,8,49,43.92
18,93,6,7.5,3,89,88.97
3,59,5.8,3,1,44,47.97
2,84,4.8,7.1,10,45,67.7
4,78,7.8,7,6,30,51.66
1,56,6.3,8,1,94,55.67
4,93,4.5,6.2,9,46,69.45
13,82,7.4,2.3,4,92,91.09
18,82,7.9,3.6,0,58,73.72
9,45,5,1.6,1,44,54.28
18,80,4.5,1.1,5,40,80.67
8,50,5.6,2,9,30,58.74
15,42,6.5,4.7,9,65,85.41
13,69,4.5,6.9,8,88,88.37
3,41,5,3.4,5,79,57.21
16,48,8.7,2.4,5,90,92.24
2,69,7.6,1.2,3,87,66.76
20,80,6.9,9.3,8,87,95.42
8,55,7,7.4,6,66,61.42
13,59,4.4,8.5,0,58,50.24
15,62,5.2,1.6,10,35,76.81
13,55,4.4,8.5,1,33,51.39
20,65,7.2,3.7,1,51,71.66
13,42,5.9,3.6,0,65,58.77
17,65,6.3,3.7,8,78,97.71
19,92,6.6,3.4,4,96,98.05
1,97,7.2,4.6,1,33,51.05
15,91,6.3,7.8,7,92,100
8,81,6.4,6.2,4,55,68.24
2,68,6.6,2,1,86,57.8
14,93,4.3,1.3,9,33,77.15
3,57,5.4,1.8,5,72,67.42
14,68,5.4,3.1,10,96,99.42
19,86,6,7.3,5,77,96.98
8,76,8.9,5.3,10,33,75.4
8,63,5.2,1,0,69,62
19,77,4.9,6.6,5,57,83.46
4,87,7.1,6.8,7,60,64.12
15,53,8.8,8.8,6,49,67.59
16,85,7.6,9.4,3,74,85.32
13,94,5.6,7,9,49,86.51
13,75,6.3,1.8,1,60,67.49
7,90,4.6,7.9,9,79,81.3
2,67,4,4.3,10,42,58.78
8,92,5.6,6.5,1,45,54.08
11,41,6,8.3,8,54,70.06
12,88,5.3,3.7,3,98,90.79
15,40,4.5,3.7,10,71,82.93
1,94,8.4,6.4,3,62,62.02
16,84,8.2,1.9,8,80,100
19,49,5.8,2.1,10,37,80.36
20,99,4.9,9.9,0,36,67.13
4,82,7.9,1.5,5,84,73.97
3,94,6.9,2.7,4,62,72.8
20,80,6.6,2.3,1,59,75.43
18,72,4.7,7.9,8,68,89.53
13,93,6.9,1.5,10,81,100
7,83,8.7,1.7,4,63,74.34
16,83,8.4,9.8,10,61,92.97
14,94,8.5,4.3,5,83,89.44
5,48,8.9,7.9,8,100,75.51
5,41,6.1,7.8,8,80,70.73
4,70,5.9,6.7,10,58,73.02
5,52,6.1,7.9,10,85,77.21
14,72,4.9,9.2,9,38,69.65
15,67,5.4,8.5,2,58,68.21
3,85,6.9,3.1,2,73,60.21
18,49,8.4,6.7,6,88,95.97
6,64,8.4,3.2,9,63,78.14
20,76,5.6,8.7,2,70,75.64
20,66,7.8,3.3,10,96,100
8,91,8.6,6.7,8,85,90.06
4,44,5.5,9.7,3,35,33.61
1,78,7.5,1.2,8,93,83.35
11,60,7.5,6.3,10,37,74.25
13,84,8.4,8,8,91,100
2,50,8.6,6.2,2,32,39.38
9,64,8.8,5.2,1,82,66
13,65,7.6,2.9,3,71,77.07
3,74,8,2.6,5,74,72.49
19,76,8.8,5.2,3,88,100
19,52,7,4.2,7,70,92.26
3,76,8.8,8.3,4,87,66.59
3,44,4.3,7.1,6,88,56.1
17,67,4.7,4.2,10,89,100
4,46,4.8,9.5,4,50,39.02
1,90,4.1,1.4,6,61,59.5
17,84,4.7,9.7,10,62,95.17
18,48,6.6,3,2,44,60.39
16,83,7.6,5.7,1,51,72.41
8,85,6.1,4.2,4,99,82.96
6,40,6.4,1.1,9,87,84.32
18,58,4.7,5.2,10,38,78.38
6,71,7.1,4.9,3,80,66.88
6,79,7.7,3.9,5,41,63.7
1,41,8.8,9,0,95,46.69
10,84,6.7,3.3,2,46,62.69
6,53,7.5,1.1,6,31,61.7
5,48,5.2,1.3,10,97,82.01
7,82,5.4,2.3,10,65,79.55
15,61,8,6.2,6,48,77.74
18,41,8.3,2,6,80,87.06
14,93,8.5,4.8,6,90,100
10,40,5.2,8.7,4,77,59.48
9,44,8.7,4.5,6,80,72.81
15,40,4.2,5.9,4,72,69.87
4,61,7.6,1.9,6,68,64.58
14,93,7.5,5.6,9,46,83.4
4,62,4,8.4,10,82,74.08
14,46,7.7,8,1,72,68.78
11,63,4.8,3.2,2,47,59.94
18,99,4.2,5.5,8,54,96.3
15,80,5.5,4.1,4,37,74.06
10,71,9,2.6,5,55,75.1
2,89,4.5,2,5,50,63.45
11,72,7.4,8.5,7,87,87.53
18,74,4.9,1.4,1,86,83.9
19,41,8.8,1.2,5,98,100
17,40,7.5,6.3,1,99,79.18
10,92,8.5,2.6,3,77,88.49
11,84,7.8,6.9,5,53,66.7
12,76,6,3.9,7,41,67.38
7,90,6.2,6.3,8,58,69.16
10,88,5.7,4.7,2,86,82.43
11,89,8.3,1.9,6,30,72.6
12,73,6.9,9.2,0,43,57.07
6,51,4.6,2.8,6,96,77.21
13,43,4,5.6,4,88,72.64
3,48,7.4,6.7,8,59,53.96
16,57,6,2,1,61,72.82
19,78,7.8,5.3,9,46,89.86
11,84,6,1.4,3,57,72.95
16,87,6.7,5.7,5,48,78.45
18,95,7.1,4.6,10,43,94.42
9,89,5.2,6.2,6,61,68
19,40,7.2,5.2,7,66,85.13
20,94,7.9,7.6,4,65,87.93
9,95,8,3.5,0,87,76.99
6,87,6.1,4.5,5,66,72.82
10,89,6.3,4.2,9,43,79.88
1,99,8,3.3,5,95,78.06
20,73,5.6,6.6,9,36,82.11
20,85,7.9,9.7,5,94,100
15,72,7.8,9.3,7,72,83.76
18,44,5.9,5.7,3,69,75.71
16,93,8.8,2.9,7,42,90.79
15,69,8.8,1.8,10,54,89.91
1,81,7.1,5.4,8,57,63.92
6,49,5,7.4,8,71,63.24
8,97,4.9,6.2,9,73,80.49
18,61,7.4,1.4,2,58,72.37
5,99,8.1,8.2,5,55,62.67
8,60,7.5,7.4,1,66,58.68
5,56,7,1.5,2,46,48.15
16,71,4.4,4.8,9,72,95.46
19,55,7.6,3.8,5,87,99.21
2,98,8.9,1.3,6,44,67.32
3,52,6.1,3.8,5,65,61.61
13,47,7.8,2,9,61,87.94
20,45,8.8,2.3,10,31,88.02
11,41,6.2,4.6,2,51,58.82
18,81,5.2,7.4,0,76,75.12
10,66,6.8,4.2,10,30,74.7
12,63,5.6,9.5,9,72,74.18
14,53,7.5,4.9,7,93,90.8
18,78,8,3.8,3,59,84.25
16,66,8.3,2.7,9,37,79.51
14,42,4.1,2.6,3,81,73.61
5,100,8.8,9,9,32,62.86
6,49,4.3,5,5,32,44.01
15,89,7,4.9,7,33,81.86
3,61,7.4,2.6,0,56,49.44
7,56,5.5,1.3,6,90,83.73
4,64,4.9,1.7,10,54,72.01
8,77,7.7,8.7,1,50,54.93
13,90,7.2,2.3,0,73,74.23
16,45,4.8,9.3,0,37,51.28
5,96,4.7,3.1,7,86,86.82
6,69,7.9,3.8,9,71,80.02
18,74,8.4,8.1,8,48,79.03
7,49,4.8,6.9,0,40,43.38
6,66,8.9,6,4,63,63.17
14,63,6.5,3.9,4,92,85.15
19,66,8.1,8.4,10,84,100
9,68,4.8,6.6,5,52,59.8
7,68,6.8,7.3,7,93,81.53
18,56,4.1,1,9,64,89.32
16,69,6.3,8.8,6,41,65.32
20,72,6.5,5.1,2,99,92.38
13,73,4.3,6.4,8,48,78.03
3,85,7.2,4.4,1,86,60.91
11,52,8.3,1.7,8,84,83.36
13,86,7.6,5.9,0,55,61.11
13,64,5.5,5.2,9,77,89.13
5,69,6.9,2.7,1,52,56.46
9,48,6.8,4.2,5,64,61.06
13,90,4.1,6.2,1,63,68.79
17,68,4,7.3,7,30,69.71
13,71,8.4,1.9,2,35,63.58
4,86,8.7,5.2,4,37,53.76
8,67,8.9,6.2,7,78,79.27
5,81,8.6,4.7,10,36,67.7
3,45,4.2,8.5,0,36,28.81
2,92,4.5,6,5,33,52.32
1,63,4.2,4.1,4,90,58.95
8,85,7.4,2.6,1,31,60.01
6,79,8.5,5.2,9,90,86.78
15,83,7.5,7,5,59,84.27
14,60,7,7.7,7,69,76.75
6,62,4.8,7,10,63,72.49
6,43,5.4,4.6,1,74,56.77
7,68,5.5,9.5,10,76,72.11
7,55,6.3,8,9,59,71.63
14,90,7.8,7.7,10,87,100
4,87,7.4,4.4,0,97,68.87
16,89,4.4,8.2,4,35,69.73
17,59,7.1,4.5,8,40,75.17
19,79,4.2,1.5,5,94,99.2
10,87,4.2,4.2,4,63,69.56
19,79,6.9,4.9,2,63,79.72
8,60,4.7,5,9,43,59.81
4,45,7.5,1.5,8,77,76.76
3,74,5.3,7.1,8,100,81.88
11,78,5.1,2.5,3,75,80.14
14,47,6.5,2.9,10,88,97.53
7,81,5.4,9.4,8,31,62.36
2,96,4.8,6.9,6,63,60.12
20,100,6.5,9.4,0,72,86.42
10,74,8.1,8.4,8,91,93.88
18,95,4.5,6.5,1,66,77.9
9,78,7.6,3.5,4,79,73.08
6,77,5.2,5.1,1,91,70.64
9,83,6.4,8.1,2,40,51.38
3,69,4.9,4,0,64,47.36
5,79,8.2,2.6,7,84,84.93
17,73,7.2,5.1,8,97,100
16,61,5.5,4,4,87,88.55
3,55,5.4,2,9,47,63.99
19,84,8.9,4.7,0,72,89.83
14,51,7.5,4,1,56,60.36
8,73,7,2,4,97,81.69
10,70,7,4.8,10,74,86.59
3,63,6,8.2,2,46,44.46
8,95,8.5,9.7,7,33,66.74
11,79,5.3,1.3,5,59,71.14
2,48,7.5,5,4,60,48.78
7,93,6.2,7.1,10,92,87.7
14,80,7.2,3.6,7,75,90.46
3,91,8,2.2,1,56,59.77
1,71,6.7,2.7,7,99,82.69
2,97,6,1.7,4,74,72.62
17,61,6.6,4.4,5,85,87.18
10,45,6.6,1.3,10,100,97.04
6,61,4.7,9.4,10,96,83.35
13,67,6.9,9.2,5,64,70.61
20,73,7.8,2.6,8,50,98.53
18,58,6.2,1.3,2,35,62.95
8,93,7.4,8.3,8,88,83.72
6,53,7.7,9.3,3,85,68.13
17,67,8.9,2.1,7,91,100
5,67,8.7,7.3,5,53,59.24
17,69,7.7,9.8,3,49,62.47
16,68,6.8,8.5,7,40,77.54
1,66,4.9,5.8,3,64,51.93
12,92,8.4,7.8,10,77,95.84
11,97,6.1,2.7,10,46,90.08
15,71,7.2,7.9,0,62,63.76
11,73,5.8,6.3,3,37,62.11
15,54,7.7,7,2,51,63.65
15,99,8.6,3.8,2,62,77.47
5,61,5.7,3.6,6,96,78.83
8,77,8,9,7,34,58.37
4,66,6.4,6,1,76,60.24
14,80,7.9,3.6,10,88,100
13,93,7.9,8.9,6,31,66.49
9,72,7.4,9.1,10,85,87.27
8,53,4.9,2.6,1,50,48.13
20,61,5.8,5.2,7,33,69.74
14,97,4.8,7.1,4,70,81.7
19,83,8.2,9.6,6,65,83.07
14,41,7.2,6.4,3,37,49.91
2,54,8.3,3.2,8,33,56.39
8,86,8.7,5.5,6,48,71.37
8,62,6.1,6.6,5,100,82.52
3,42,6.7,1.2,1,76,58.26
7,69,5.4,8.3,5,81,68.83
5,80,7.3,5.4,8,88,78.51
11,99,5.9,6.5,10,77,94.18
19,82,8.5,4.2,7,73,100
20,76,5.9,4.3,5,71,95.94
8,84,7.1,2.2,10,40,76.64
10,72,5.8,9,4,39,56.07
20,62,8.7,7.2,2,76,79.26
2,100,6.3,7,8,94,79.73
3,65,7.3,1.9,1,53,46.12
12,71,5.5,3.7,2,37,61.5
2,90,8,2.2,10,79,89.68
9,69,5,5.6,8,48,65.55
2,52,8.1,4.3,3,52,51.5
3,90,4.8,9.9,4,31,46.9
6,77,5,8,3,67,61.38
1,76,5.3,2.6,1,100,71.27
12,85,8.2,2.5,7,70,90.99
2,85,4.1,9.3,7,62,55.13
8,97,4.8,3.7,0,41,55.35
20,45,8.8,8,3,68,80.5
8,56,8,7.4,7,38,55.23
20,89,7.4,4.9,2,89,95.36
14,45,4.9,3.2,2,44,60.15
5,41,7.9,6.6,3,94,59.83
8,42,4.5,6.3,4,34,39.95
17,100,7,6,10,97,100
19,64,7.4,3.7,5,50,76.94
19,46,7.4,8.8,0,95,73.93
7,52,5.6,9.7,3,42,43.23
5,54,7.8,8.9,10,81,75.73
10,99,7.6,7.3,1,91,75.19
7,84,6.7,6.1,9,44,75.49
16,58,4.2,8.3,0,44,49.71
7,90,4.8,7.9,3,64,68.49
9,77,5.8,1.3,7,39,66.48
17,70,7.8,4.1,7,88,97.02
5,62,7.5,6.9,2,58,47.6
13,88,7.7,2.1,0,55,72.59
17,86,4.4,6.9,10,37,79.97
15,94,8.9,9.6,9,78,100
7,43,6.1,8.8,0,31,30.31
20,57,6,6.4,6,80,92.49
8,95,7.6,9.9,3,57,66.65
2,41,6.5,7.7,5,96,66.58
1,77,6.5,9.2,4,36,43.26
7,55,4.9,3.7,0,81,56.88
18,89,6.5,3.6,8,97,100
20,96,7.3,3.2,5,30,86.65
16,51,4.7,8.7,5,99,88.35
5,83,5.9,9.5,4,75,62.43
4,53,7.1,2,9,83,82.15
7,98,5.6,8.8,3,84,73.07
18,98,5,7.4,3,80,93.24
7,49,8.8,5.8,0,63,55.05
14,56,6.2,5.7,6,83,87.92
9,73,6.2,5.3,4,42,58.2
16,89,4.4,1.3,3,43,73.52
12,96,4.8,5,6,34,65.02
12,72,5.5,5.6,1,64,61.84
3,63,6.2,5.9,4,57,55.83
3,44,6.1,4.4,1,69,46.86
1,95,5,4.4,1,96,68.74
13,87,7.7,8,5,73,85.2
9,64,8.9,9.2,2,80,67.39
8,64,6.5,3.3,3,93,75.72
9,91,4.1,3.6,10,64,86.75
11,57,9,8.6,5,82,80.21
1,40,5.2,1.1,1,41,36.45
14,81,8.9,2.4,2,58,82.75
13,91,6.9,9.2,10,46,84.02
15,87,8.4,2.9,8,59,93.05
2,100,6.9,8.5,10,87,78.84
19,52,5.3,8,9,40,74.54
12,42,6.7,1.6,6,63,77.61
1,55,5.4,5.7,4,64,46.7
16,92,6.3,1.1,6,52,91.19
19,61,7.6,6.2,1,69,80.21
20,62,5.3,6.5,6,84,93.07
10,48,8.2,9.8,7,75,76.58
5,70,5.7,5.5,0,44,42.92
3,81,9,2.8,4,89,78.11
10,84,7.8,6.3,3,70,75.75
14,85,5.1,3.1,2,84,80.61
17,78,6.4,1.8,10,35,81.52
15,40,6.3,9.7,1,46,53.16
20,58,7.2,4,6,39,80.79
8,42,8.3,8.9,9,68,71.27
3,84,8.6,3.6,10,61,76.38
12,89,4.7,10,8,55,77.17
16,50,7.4,8.3,5,81,82.38
19,75,4.6,2.9,2,83,92.09
13,57,7.2,9.6,7,42,68.93
11,73,6.8,9,1,97,79.29
15,42,7.4,5.7,9,65,76.86
1,71,7.6,2.1,6,45,52.38
13,56,5.3,7.4,1,43,57.85
17,55,4.3,6.2,5,68,72.48
10,95,8.6,2.9,10,96,100
11,85,4.9,5.5,10,91,100
18,83,8.2,7.6,7,30,72.07
18,75,8.4,6.7,5,61,80.6
4,50,4.4,6.8,8,33,48.39
6,88,4.8,5.3,9,37,67.43
13,66,7.6,2.3,6,76,91.35
7,75,9,8.5,10,76,83.46
14,59,6,8.4,8,47,76.65
1,93,4.1,7.1,7,31,54.35
19,93,8.9,5,3,92,100
2,73,7.2,7.8,6,85,72.31
19,54,4.8,5.5,0,95,77.07
17,57,7,7.1,6,92,93.72
18,68,8.3,9.4,2,82,79.93
16,91,5.4,8.8,5,80,85.23
5,67,6.4,4.2,4,41,56.21
17,50,6.5,5,9,64,86.18
19,62,4,9.3,0,54,58.79
5,88,4.7,2.7,2,80,70.18
8,43,5.1,8.6,6,62,56.41
12,100,6.2,3.2,9,34,86.63
15,88,7.9,3.3,0,78,78.61
3,67,6.6,2.3,2,64,56.45
16,63,4.6,4.1,8,55,80.56
19,77,8.9,1.6,5,56,89.02
14,78,8.7,2.7,7,85,94.41
9,48,4.7,9.5,6,50,58.12
17,54,6.3,9.1,3,93,83.35
6,61,7.8,2.9,0,59,58.03
16,92,7.8,7.3,0,30,61.58
19,59,4.7,2.9,0,56,71.31
1,57,5,3.1,3,45,44.84
18,96,8.1,2.9,4,76,95.8
3,48,5.8,5.4,8,31,45.29
8,68,4.5,5.7,10,77,84.53
4,70,8.7,6.1,6,99,74.84
13,58,5.8,7.4,4,68,72.29
5,46,5.8,7,8,58,59.32
6,67,5.4,3.9,2,87,63.91
20,67,6.6,4.3,3,63,84.88
5,73,9,2.9,9,34,63.7
15,79,8.6,5.2,10,96,100
7,45,7.5,1.2,2,42,51.88
12,88,6.9,7.1,5,76,85.93
1,48,5.7,4.6,6,97,66.6
2,65,7.2,3,4,93,69.9
3,95,5.5,6.1,10,98,89.09
5,75,6.9,7.5,1,30,38
11,51,5.6,8.7,6,51,56.7
11,62,6.8,4.6,10,86,89.5
19,83,8.9,3.1,9,62,100
20,58,4,6,5,71,86.15
10,66,5.8,8,10,77,79.64
16,43,6.6,3,0,49,62.13
3,41,7.3,7.6,7,56,52.27
13,54,7.4,9.8,5,79,76.56
15,53,7.6,8.4,2,56,60.69
17,68,5.3,2.9,1,84,83.77
1,91,4.5,2.1,9,31,57.38
17,67,6,9.7,0,86,70.64
5,66,5.5,9.3,7,55,60.67
17,62,7.1,6.7,4,41,67.83
14,90,4.3,8.3,10,32,76.35
16,46,8.6,3.6,10,76,96.28
18,46,4.1,4.2,7,61,81.61
14,67,8.8,8.5,4,93,89.32
8,74,6.2,5.9,0,71,56.01
19,41,7.3,4.5,5,41,71.05
15,74,8,3.7,7,86,91.79
17,99,7.8,5.5,7,65,92.46
9,62,4.2,8.4,8,70,72.67
17,42,6,7.7,0,49,51.98
17,95,6.9,6.3,10,79,100
20,100,7.2,3.4,3,68,97.33
8,62,5.3,4.7,5,52,66.92
6,92,4.5,4.2,0,60,57.25
3,40,6.6,1.4,5,69,58.66
10,64,6.1,9.1,9,37,60.36
13,56,6.2,5.1,9,45,75.52
3,67,4.4,2.6,5,35,54.75
8,86,6.9,7.1,5,74,75.89
14,85,6.5,9.3,1,35,51.46
10,47,5.6,6.4,3,57,54.94
18,66,7.6,7,0,42,66.2
17,60,5.6,1,0,51,67.65
16,52,7.9,1.1,0,38,56.79
10,91,5.8,5.2,8,41,78.44
18,43,5.9,9.2,1,67,65.92
19,47,4.9,4.6,5,34,70.66
11,47,6.9,7,9,58,76.53
19,66,6.7,1.7,6,93,96.66
1,74,4.1,3.8,2,56,50.41
18,98,7.6,8,5,32,76.3
4,78,6.1,2.4,9,58,69.91
5,44,7.8,3.5,5,50,60.9
2,76,8.4,8.7,4,35,48.17
7,70,8.4,1.7,7,93,87.34
18,62,5.9,7.4,4,99,84.66
13,46,4.3,9.3,2,83,67.93
5,86,4.2,3.1,0,79,63.64
12,100,4.4,3.9,10,41,78.8
4,75,6.2,8.5,1,99,60.47
4,82,7.6,8.8,10,59,76.92
20,94,7,3,0,53,77.99
19,95,7.7,7.9,9,47,86.9
5,54,4.6,3.6,10,73,75.32
18,82,7.4,7.3,1,32,68.66
13,80,4.5,7.9,8,36,74.6
12,41,5.7,1.8,2,36,56.2
14,40,6.6,4.6,4,43,65.62
18,89,4.1,3.3,6,35,82.59
3,84,7.1,9.2,4,34,50.87
18,93,5.2,4.8,5,63,85.26
12,41,8.1,1.1,10,72,91.61
17,42,6.1,2.2,7,63,79.81
14,78,6.8,7.2,10,99,100
12,76,7.3,5.4,2,65,65.7
5,82,7.1,1.1,9,75,84.67
15,98,6.2,3.8,3,98,93.89
13,88,6,1.8,9,74,92.64
4,65,8.7,9.7,7,47,57.48
13,47,6.3,3.6,6,96,84.65
1,48,8.8,9.7,6,46,47.27
15,64,4.4,7.8,6,47,71.2
18,65,6.2,7.9,4,96,85.52
13,96,6.7,9.3,10,82,96.84
2,47,6,4.4,7,92,73.61
10,42,4.8,9.1,7,46,52.44
5,60,4.7,2.6,3,73,57.16
13,93,4.2,5.7,8,69,88.49
3,68,4.9,4.3,0,73,55.55
1,80,5.8,7.6,3,72,52.65
3,52,7.6,5.6,5,82,59.02
20,93,7.1,3.6,2,61,82.76
4,40,7,8.9,9,64,65.9
8,86,4.5,8.3,10,39,65.57
1,91,8.5,9.3,7,95,75.22
7,83,8.2,5.2,7,99,86.7
10,42,7.8,1.9,1,84,73.93
5,54,4.5,5.4,9,96,74.17
4,81,4.1,1.4,10,79,79.18
10,50,8.9,4.1,7,96,91.15
14,91,5.1,4,8,90,98.89
10,89,8.7,4.1,2,83,77.75
10,72,6.6,5.8,3,93,82.81
5,60,5.6,7.7,2,71,50.75
4,44,8.5,9.7,10,53,61.34
11,42,8.9,3.3,5,59,69.63
17,51,6.6,5.2,0,63,65.47
16,67,5.9,4.4,0,98,78.17
18,71,5.5,7.4,8,87,91.3
5,43,7.1,3.8,1,57,50.57
13,75,5.8,2.7,5,47,71.06
4,82,7.3,5.3,4,40,51.84
9,54,4,8.4,0,79,49.98
10,62,4.7,8.1,9,78,84.22
12,85,6.3,3.4,3,57,67.64
20,94,6.4,8.3,10,76,100
8,96,5.4,6.2,7,51,73.55
20,69,4.1,1.2,0,56,76.87
10,54,5.5,6.4,7,76,77.37
18,84,5.8,6,6,38,80.16
17,72,4.5,9.4,8,81,84.14
5,47,5.8,6.3,7,62,56.72
14,98,5.1,2.1,4,35,77.75
7,53,4.6,2.5,3,71,58.94
2,99,8.4,1.1,7,56,76.76
10,86,8.7,7.6,8,57,83.31
18,69,5.5,5.2,7,62,79.93
1,54,6,4.7,5,81,55.05
15,64,8.8,2.3,8,49,79.4
6,90,7.4,5.8,1,57,63.88
17,66,8.3,5.8,7,63,89.91
5,67,5.3,8.1,9,56,61.08
1,98,5.5,8,10,85,81.44
2,97,6,6.9,6,34,59
18,62,8.9,1.9,3,62,84.52
9,53,9,5.7,4,41,52.4
17,82,5.5,8.7,6,74,81.88
9,51,4.6,8.9,3,89,65.76
3,70,7.8,1.2,8,58,74.43
9,80,8.7,1.9,6,73,85.39
12,87,8.9,6,10,77,98.1
9,50,4.4,3.2,9,55,74.94
7,88,8.3,2.7,6,73,83.07
6,71,6,4.8,7,90,80.41
19,53,5.8,6,1,56,71.31
10,45,6.4,10,1,74,52.37
18,41,8.8,6.9,4,52,69.7
16,94,4.7,2.8,9,31,84.69
16,94,6,4.3,0,34,59.13
3,54,7,4,8,30,49.69
6,87,5,9.7,7,50,65.55
9,77,7,1.8,8,80,84.12
13,89,8.1,8.4,7,32,69.01
20,76,8.8,4.1,7,58,94.42
1,64,6.3,9.4,6,89,66.46
13,68,4.9,1.3,10,80,90.5
6,88,5,2.6,4,58,68.5
2,63,6.5,4.5,9,86,82.02
9,98,5.8,9.9,1,76,66
15,79,5,7.9,7,89,85.44
4,83,5.7,7.1,1,89,66.4
7,80,8,7.6,6,30,61.51
19,67,6.5,4.7,8,98,100
18,66,7.8,1.3,8,73,100
16,52,8.7,5.5,7,67,88.09
7,94,6.1,3.4,7,36,63.74
7,49,6.5,8.6,10,84,82.17
12,78,6,8.8,4,72,73.72
13,64,7.1,8.4,10,63,88.49
3,62,5.8,6.7,3,65,57.1
9,95,5.6,1.3,10,46,80.11
12,55,6.2,2.5,10,30,71.4
9,83,8.2,5.7,6,70,84.13
20,56,5.7,1.2,7,74,92
2,89,8.8,5.7,5,59,65.1
7,86,6.7,9.3,9,54,68.38
20,47,5.2,6.4,4,97,83.7
9,91,7.9,5.3,7,56,72.89
9,45,5.8,7.5,6,57,56.33
9,93,4.1,1.9,2,82,75.3
8,95,6.7,6.7,6,56,69.12
10,99,6,3.5,6,64,84.55
13,95,6.2,1.3,3,47,79.63
7,92,7.9,6.6,4,44,60.81
5,90,4.3,9.6,9,66,75.58
3,43,8.4,1.2,10,92,82.16
16,91,6.7,7.1,9,71,91.27
10,73,5.3,8.9,7,90,78.54
7,55,8.3,1.2,1,63,57.43
11,68,8.3,4.3,7,97,94.44
11,41,8.7,9.2,10,53,70.11
6,88,6.3,7.5,8,90,82.67
16,43,6.4,6.7,8,45,76.63
20,51,5.2,7.5,1,57,67.33
5,52,6.5,3.3,9,96,88.78
4,84,7.7,2.9,3,93,76.07
17,68,4,9.2,8,31,67.97
3,88,4.2,8.2,6,76,62.37
1,92,6.1,1.4,0,88,65.95
18,83,7.2,5,4,95,100
1,54,5.3,8.6,5,89,55.92
11,82,5.4,7.1,4,63,71.82
16,51,6.6,6.5,3,45,67.17
18,95,8.1,3.2,10,79,100
9,55,7.7,1.7,7,96,86.5
20,72,8.1,9.5,4,35,71.63
19,97,5.6,7.7,3,33,67.97
6,80,4.2,6.6,5,85,66.5
11,49,6.1,6.6,0,45,50.39
6,53,8.2,6.8,2,81,60.66
8,41,8.8,8.4,2,61,51.51
13,62,5.3,1,3,33,59.44
19,47,8,3.5,0,53,69.74
7,99,4.8,2.1,10,75,87.49
18,98,5.6,1.2,2,55,78.36
18,48,7.5,7.8,6,96,87.32
2,59,6.6,2.1,0,60,52.49
2,98,8.8,3.7,4,87,74.57
17,62,6.2,8.4,9,87,99.26
19,91,6.6,7.7,4,72,90.73
11,55,6.6,1.9,1,98,73.55
5,95,7.4,7.9,2,85,75.81
5,77,5.8,9.6,8,73,67.13
12,63,7.2,7.2,8,97,93.53
3,61,8.5,6.3,3,36,49.89
4,76,6.1,7.5,9,72,77.56
9,87,6.5,4.5,10,73,83.93
10,72,6.8,6.3,1,71,68.31
17,76,4.7,3.3,6,67,81.33
11,41,6.2,8.7,9,76,73.85
12,78,7.5,8,3,77,80.23
17,72,4.4,1.6,2,49,70.54
11,59,6.2,8.5,10,93,94.6
9,63,6.9,2.6,4,45,57.24
17,68,4.7,3.6,9,61,88.53
16,79,4.2,5.4,4,72,85.7
20,58,6.7,3.8,6,89,100
4,67,6.1,2.8,9,73,79.73
16,47,4.8,4.3,3,73,77.83
6,89,6.3,5,9,32,64.92
4,90,4.8,8,2,92,63.23
16,65,5.8,8.2,4,77,83.99
7,57,4.5,9.2,10,36,52.02
10,63,5.7,3.2,4,75,71.46
11,96,8.2,9.3,2,45,62.53
18,82,5.1,4.4,10,91,100
14,66,6.5,6,9,75,92.2
10,91,7.7,1.8,8,83,99.1
2,58,5,5.3,5,72,60.17
18,60,7.8,1.8,9,88,100
8,65,6.8,9,9,61,76.05
14,42,6.6,9.6,8,94,85.58
1,45,4.2,4.3,8,55,54.26
3,46,5.8,2.8,0,50,39.03
2,42,7.1,2.7,10,60,67.81
19,67,5.2,6.3,2,30,63.58
8,74,6.8,5,2,38,53.98
20,53,6.6,3.5,7,96,96.66
14,89,6.3,4.6,4,47,76.68
18,54,5.5,7.3,2,67,67.24
13,67,5.5,3.5,6,69,77.45
1,56,6.3,6,10,51,62.6
20,92,6.2,3.2,9,71,100
18,70,6.2,8.7,4,51,70.17
17,68,7.3,3.8,4,79,91.65
7,90,6.8,7.3,3,41,60.58
11,91,6.2,3.8,2,55,70.67
1,100,4.8,4.4,9,31,64.22
19,91,5.9,7.9,9,79,100
17,44,8.8,2.1,8,53,87.84
19,90,8,3.2,10,47,95.4
18,71,4.7,9.1,3,89,79.98
16,85,6.8,3.4,6,38,74.86
14,71,8.6,7.4,8,71,87.62
8,43,8.6,8.1,5,79,69.81
11,83,7.9,7,10,77,96.44
15,72,5.9,7.1,0,75,68.53
5,98,6,7.7,10,84,84.23
9,100,7,2.9,6,58,76.39
2,63,6.1,3.3,6,75,62.28
9,91,5.3,1.4,4,49,64.66
17,67,6.2,5.1,1,77,73.24
8,60,4.4,6.2,9,97,82.85
1,91,5.7,4.4,1,60,49.58
18,60,4.2,1.8,4,54,80.59
6,85,6.8,8.8,7,84,77.54
7,51,8.3,7,0,65,47.76
7,75,4.5,4.6,8,39,66.09
16,42,4.2,2.4,9,40,73.28
12,69,8.5,6.9,4,82,78.49
20,41,5.7,2.2,0,53,64.31
20,67,4.5,2,4,57,79.55
17,92,5,3.8,0,91,86.85
12,47,5.1,4.9,0,49,55.34
5,46,6,6.3,4,73,61.54
7,92,6.3,3.5,7,60,82.56
5,42,5.4,1.7,2,86,58.96
3,51,6.1,4.7,6,35,43.18
7,65,4.4,4.7,5,73,67.65
14,88,4.7,5.1,5,73,79.54
15,100,4.7,1.5,3,81,92.19
16,87,4.3,5.1,5,44,68.5
12,97,7.7,8.6,10,85,99.49
2,67,6.9,3.9,1,39,47.59
3,84,6.6,8.6,7,55,65.94
8,63,8,2.7,3,59,59.05
12,57,6.6,7.6,5,40,64.02
14,61,6.4,1.5,7,67,80.89
4,85,6.6,1.3,4,52,62.22
9,66,7.7,8.1,10,72,84.81
19,41,4.7,1.3,1,38,58.37
10,74,6.5,8,1,36,51.18
7,58,6,4.3,3,58,63.47
7,88,5.2,3.8,5,68,69.46
2,40,6.9,5.9,4,45,41.05
9,54,6.3,5,10,48,65.91
15,40,8.1,7.7,7,37,60.06
6,61,7.5,8.9,2,100,73.53
8,95,5.1,9.2,9,90,83.58
18,63,5.9,2,6,86,93.93
12,78,4.5,9.6,3,60,58.27
3,43,7.4,7.5,9,40,55.72
20,89,6.7,3.2,10,39,94.55
7,96,5.9,6.8,0,96,74.41
9,86,5.5,4.5,10,67,91.04
12,92,4.7,7.7,9,55,85.92
12,69,4.1,5.5,6,77,72.75
9,65,4.9,1.1,8,71,79.63
6,68,4.6,7,2,82,56.03
5,99,8.2,6.9,1,45,56.12
17,95,8.3,7.7,0,58,73.94
1,77,7.2,6.3,9,30,58.66
3,81,6.3,1.4,3,47,56.31
13,82,4.8,1.2,10,97,100
16,94,6.5,1.4,4,89,93.91
13,72,4.6,9.6,1,72,63.54
20,98,6,4.9,7,87,100
11,78,5.8,7.3,9,44,78.95
6,49,4.2,8.8,1,56,40.51
8,94,8.6,8.5,10,88,98.08
17,90,7.4,2.6,0,36,68.63
4,67,6.3,3.4,8,83,79.38
7,63,6.7,6,1,92,70.01
9,72,6.2,9.8,7,87,80.63
12,95,8.9,9.4,10,72,95.69
10,53,6.7,4.4,9,90,90.71
6,62,4.7,1.3,1,55,47.78
13,97,5.3,6.8,1,49,63.69
16,47,6.9,6.1,9,54,75.86
8,83,4.2,6.6,3,91,74.87
2,60,7.2,5.8,8,91,73.33
8,61,8.2,2.6,2,36,48.92
9,89,6.7,5.4,7,94,86.88
6,75,4.8,6.3,10,55,68.69
12,47,6.3,6.1,2,46,49.66
8,45,6.2,5.1,6,72,72.46
1,90,5.2,6.9,10,86,78.22
2,60,5.6,5.3,10,93,81.32
19,45,6.3,2.8,2,68,72.65
11,53,5.7,5.5,1,38,50.77
16,62,4.2,6.3,7,50,68.24
9,72,4.2,8.1,6,77,71.85
12,66,4.9,6.5,3,55,63.4
14,74,5.9,8.4,7,30,69.26
18,60,5.6,4.6,4,59,79.81
19,81,8.6,3.4,1,37,76.1
3,41,5.5,8.7,9,90,65.58
7,62,5.4,6.3,1,30,35.66
17,91,4.4,5.9,10,83,100
20,81,4.6,9.6,10,61,91.01
11,53,6.6,8.2,10,39,62.28
11,85,6.5,8.7,4,88,79.28
2,81,4.5,9.8,6,66,62.55
6,64,4.9,8.5,5,71,59.19
6,40,8.6,9.7,3,73,57.93
13,79,7.5,2.5,10,61,92.99
1,71,8.2,1.8,7,61,69.09
8,57,5.9,9.2,9,73,77.13
9,70,7.4,7.5,0,83,60.19
8,99,6.9,8.7,1,36,52.23
12,46,6,4,1,63,61.69
3,87,4.9,9.2,2,67,55.73
16,61,6,4.4,0,73,70.48
3,73,7.7,9.2,4,45,45.89
7,67,6,7.6,0,47,45.86
20,91,8.6,4,6,70,100
15,81,7.1,7,7,100,95.72
2,85,5.6,7.6,4,52,49.01
19,95,4.6,7.2,10,66,94.89
19,98,7,5.5,4,44,79.71
3,53,8.1,9.7,6,54,53.54
10,94,4.8,3.9,0,45,62.31
1,46,6.3,9,2,36,31.79
17,81,5.5,3.8,9,94,100
17,65,6,6.6,8,39,77.84
5,69,4.9,8.2,1,61,50.97
15,96,7.3,9.5,1,83,78.91
9,84,7.2,2.1,5,54,77.19
4,75,7.3,9,1,54,43.05
11,96,4.7,1.9,6,98,99.85
8,58,4.9,3.3,0,46,43.25
9,65,4.9,4.5,1,61,63.72
6,40,9,3.8,4,50,51.7
14,68,8,8.3,7,79,80.66
5,79,8.6,2.8,10,98,95.89
14,85,6,5.2,0,99,86.26
16,71,8.3,1.7,7,73,90.75
10,93,7.4,1.2,3,34,70.72
12,94,4.4,7.2,9,93,100
5,58,8,8.2,2,74,54.72
14,62,5.4,1.6,10,98,100
7,77,4.9,10,6,59,63.4
11,84,4.9,6,1,100,75.61
17,76,5,4.4,3,51,76.42
15,75,7.3,5.6,7,35,71.1
8,62,8.5,5.1,10,59,73.15
20,78,5.8,3.1,1,84,91.34
19,51,7.4,6.9,5,61,76.38
15,86,4.3,1.1,7,30,75.41
12,40,7.6,6,4,66,68.22
20,79,8,4.6,5,88,99.48
14,85,8.8,2.1,1,60,77.47
1,91,5.6,6.2,1,62,52.4
12,57,7.7,2.5,5,72,76.83
7,92,8.2,2.7,0,71,70.39
12,58,4.5,4.7,10,75,80.52
4,41,7,5.5,5,43,49.42
14,54,6,4.2,9,31,75.01
11,86,4.2,1.6,3,93,89.83
5,49,5.2,2.2,7,94,80.23
15,95,8.8,1.4,3,52,79.41
18,47,4.7,1.7,1,97,87.48
19,88,5.2,9.5,4,86,93.34
11,96,4.7,8.4,1,50,59.23
11,100,6.9,3.2,7,57,79.62
10,78,8.2,2.9,1,32,62.4
17,65,4.8,3.2,6,72,89.69
19,96,5.3,8.5,0,60,78.13
18,46,6.5,1.2,6,68,86.07
12,85,4.5,1.3,0,46,56.56
5,59,4.4,3.3,8,41,57.6
5,73,5.3,4.8,6,100,80.16
15,81,8,2.7,1,66,79.06
19,70,8.3,8.7,3,46,77.81
9,52,7.2,7,4,57,62.43
10,59,4.6,1.4,5,38,64.52
1,58,8.2,1,0,67,46.97
4,55,5.7,4,7,68,60.79
16,88,8.9,2.3,10,46,96.93
20,62,6.1,8.7,7,46,79.8
16,64,8,1.7,8,100,100
18,97,8.2,5.1,6,90,100
12,95,4.3,5.5,7,39,67.96
7,78,6.7,5.8,9,58,76.62
6,42,5.4,5.3,0,65,45.01
19,56,5.6,7.7,6,95,96.42
3,81,7.7,5.1,3,65,56.85
18,97,7.4,5.5,9,81,100
2,55,7.1,8.2,5,92,68.53
17,61,7.1,9.2,1,99,83.52
8,82,6,2.3,5,65,78.33
20,52,7.8,6.3,7,40,79.55
11,56,4.2,4.7,8,70,80.61
15,40,4.7,1.5,7,39,70.85
7,69,6.8,3.5,0,74,60.32
12,86,5.7,3,5,64,77.33
2,68,7.8,9.3,9,82,72.13
17,95,6.6,9.7,9,51,89.4
5,91,4.5,9.3,0,88,64.91
1,99,5.4,7.9,9,69,72.16
3,47,7.9,3.7,1,86,57.03
16,74,7.5,9,4,42,73.41
1,100,7.5,3.8,6,82,77.5
17,66,5.3,3.5,6,46,79.7
10,92,8.7,5.5,4,100,90.71
3,47,8,9.8,8,89,68.84
1,54,5.2,3.9,0,66,45.66
8,90,7.8,5.2,2,69,74.74
14,89,6.7,9.9,7,62,82.8
2,88,5.1,8,4,59,55.68
4,91,6.3,6.6,8,48,63.64
19,50,5.4,1.2,8,45,77.14
7,43,4.5,4.8,4,61,50.68
3,92,5.3,4.2,6,77,68.82
4,50,6.3,6.4,7,37,44.12
9,55,8.5,5.1,3,49,56.8
13,91,7.4,3.7,5,56,79.39
11,45,8.4,7,3,45,50.31
11,56,4.5,1.6,9,33,68.98
1,64,4.1,1.9,6,56,50.75
2,63,8.4,2.6,10,69,73.01
14,90,8.6,6.9,3,76,87.72
18,56,7.3,3.8,6,45,72.64
14,46,8.8,3.8,9,69,83.9
5,66,8,1.8,4,72,67.18
15,88,7.9,8.9,8,49,81.1
5,86,7.2,4.3,8,43,65.38
20,77,8.1,6.9,0,53,76.86
5,52,5.7,4.3,3,74,59.37
7,100,7.3,9.4,5,51,66.36
1,61,4.1,8.3,5,35,42.84
17,45,6.9,8.9,10,87,96.63
12,56,7.9,8.4,2,75,63.65
16,71,6.4,3.3,4,79,83.7
19,55,4.2,4.8,0,36,56.11
13,76,6.7,5.6,2,79,74.51
14,48,8.8,7,5,76,81.59
16,69,7,8.1,8,75,93.99
10,81,8,1.2,1,47,60.11
9,41,6.3,8.7,4,75,64.18
20,67,4.2,7.8,0,58,62.89
9,69,4.2,6.1,6,47,60.02
4,85,6.4,2.8,10,80,89.42
7,48,5.9,6.8,3,68,53.54
20,72,8.7,3.3,4,49,83.06
19,62,4.8,9.3,6,41,73.5
16,77,8.6,6.1,4,73,90.59
10,78,7.5,9.1,9,75,88.31
17,96,4.6,5,3,43,73.74
10,83,7.6,6.9,2,86,79.52
17,54,4.7,2.3,10,65,95.17
6,53,7,2.9,10,46,67.86
4,69,6,8.3,0,65,53.89
9,86,8.6,4,5,42,64.09
18,64,5.2,1.7,1,32,60.74
5,85,8.3,2.2,9,50,70.76
10,83,7.2,6.3,2,97,87.02
5,68,7.9,9.1,7,91,80.22
6,53,7.1,3.9,4,57,63.4
8,92,7.2,8.9,3,47,62.73
17,53,7,7.9,9,53,75.21
12,47,4.2,2.2,0,92,68.68
6,44,5.3,9,10,62,69.61
17,64,8.8,6.1,6,73,84.96
16,44,5.8,4.2,3,44,67.6
12,51,4,6.1,3,38,51.92
8,41,7.3,6.1,5,36,50.03
7,93,5.2,5,3,43,64.58
20,70,8.9,9,4,40,76.88
17,61,4.3,9.8,2,88,77.75
12,78,7.2,9.1,0,97,71.63
18,85,4.1,6.5,7,49,77.74
18,81,7.1,1.8,2,45,76.64
9,62,4.9,6.4,10,71,79.72
2,48,5.2,1.7,5,96,71.6
12,47,6.3,5,9,33,61.68
7,40,8.1,6,8,37,60.15
1,96,7,9.5,7,73,63.14
9,47,8.7,9.4,0,86,60.85
18,67,6.5,4.1,7,71,89.34
18,61,8.7,1,5,42,77.13
2,58,7.1,9.2,2,61,44.31
20,58,7.4,2.2,2,94,92.33
11,46,6.7,2.1,2,35,50.04
8,81,6.8,7.9,5,35,59.69
9,98,6,2,6,63,83.55
10,78,8.3,8.7,4,43,60.87
13,68,5.3,1.3,8,83,93.12
12,74,5.6,3.4,1,41,53.08
14,69,7.2,9.8,4,41,62.34
20,55,7.3,5.1,9,70,91.81
16,43,4.4,2.4,9,57,84.78
4,67,7.7,4.2,10,96,94.17
9,55,8.9,4.9,0,64,57.91
10,42,6.4,6.3,6,74,64.5
17,93,6.2,4.5,9,52,98.12
19,48,7.8,8.5,3,50,67.6
7,61,7.9,2.1,5,79,80.42
6,44,4.8,3.2,0,100,65.93
15,82,6.5,6.2,9,44,80.41
5,85,5.5,4.1,6,78,69.89
19,74,7.9,8.7,5,92,99.31
7,66,7.3,1.4,3,33,50.59
9,44,8.1,9.8,10,81,76.88
7,48,6.9,3.9,8,64,71.48
20,94,6.2,7.5,7,33,84.88
2,67,4.2,5.5,6,42,53.27
8,55,8.4,1.3,0,65,63.33
3,86,8.3,5.4,4,66,62.12
18,68,4.4,7.6,6,60,78.92
15,67,4.9,1.7,5,91,93.32
10,93,4,3.9,5,94,87
4,73,4.7,7.8,7,69,59.89
6,71,6.5,8.9,10,38,59.86
20,72,6.5,2.6,3,63,87.23
6,45,7.2,2.2,3,97,76.85
6,47,5.6,8.1,0,89,57.35
4,53,8.3,2.2,0,67,56.43
17,56,8.6,4.2,7,91,92.27
9,47,7.7,5.2,6,79,68.17
11,66,6.7,8.5,9,40,73.04
13,83,8.1,3.8,7,81,93.87
15,88,8.1,9.4,7,85,92.84
9,70,8.9,1.4,5,46,63.78
11,94,7.2,6.3,4,72,84.51
6,44,6.5,1.6,9,98,85.43
17,48,7,5.5,2,89,78.73
9,49,4.8,4.9,10,100,86.95
2,66,8.5,2.5,8,89,83.8
8,81,6.6,8.1,4,34,49.21
16,48,5.5,8.7,6,55,70.11
8,50,8,1.8,3,37,50.03
18,84,4.9,6.1,3,60,82.23
3,46,8.6,8.2,8,63,62.94
13,62,5.3,5.8,5,96,84.94
12,48,7.5,4.2,9,80,81.85
3,57,5,6.5,4,74,56.11
17,53,5.6,9.4,9,99,91.87
17,69,7.6,1.8,3,72,83.66
13,67,8.6,4.9,3,56,74.36
18,85,8,4.2,8,85,100
3,69,7.3,9.3,5,79,68.66
4,78,7.1,6.2,1,85,59.57
14,99,7,6.7,6,51,82.15
13,91,8.4,9.4,4,47,69.71
12,93,4.6,9.7,7,54,73.28
19,86,8.2,9,0,41,70.99
1,48,7.3,9.4,7,39,45.14
2,83,7.9,6.6,10,46,71.07
7,74,8.8,5.1,1,46,50.55
12,80,4.4,1.4,4,75,83.45
13,50,8.1,8.3,4,83,77.68
5,42,4.5,4,6,57,56.99
8,78,5.1,7.1,0,96,64.79
7,86,4.7,2.2,3,98,76.34
9,40,5.2,6.8,5,70,67.27
20,88,6.6,3.6,10,65,100
2,49,8.4,5.8,3,74,50.32
9,63,4.1,9.6,9,57,70.02
8,100,4.9,1.5,9,89,91.07
9,57,4,9.4,3,41,40.44
20,40,6.3,1.9,8,52,80.89
11,84,7.4,9.4,2,92,77.88
8,71,6.2,4.1,7,80,75.27
5,68,5.8,9.5,5,71,59.08
4,58,6.3,1.9,6,82,71.3
11,97,7.4,6.2,9,46,82.92
6,69,7.5,8.5,1,74,53.26
4,53,8.4,8.5,3,61,52.66
14,50,6.4,8.7,8,72,78.93
10,91,6.2,2.7,9,38,81.47
20,95,7,1.4,7,44,96.01
4,49,8.9,4.1,3,76,59.61
3,100,5.4,2.6,1,83,74.06
6,51,4.2,9.3,6,71,60.27
2,40,7.6,8.5,3,80,49.23
7,65,5.3,3.3,2,83,68.47
9,49,4.8,7.8,0,37,38.07
5,50,8.6,9.6,6,94,68.39
6,69,6.5,8.6,8,87,82.91
11,82,6.4,1.5,3,54,71.86
12,53,4.2,1.4,0,37,51.68
7,80,8.9,4.1,6,90,91.46
11,58,6,6,1,91,66.79
10,69,7.3,3.2,4,83,81.46
8,51,7.6,8.4,5,82,73.54
17,58,8.7,7.9,5,67,83.32
7,61,4.6,3.8,3,70,67.74
3,92,8.9,4.3,7,80,82.11
13,62,7.5,6.1,9,82,88.43
14,40,4.2,9.4,3,58,55.81
11,49,4.9,8.6,4,96,70.31
5,45,4,2.4,2,71,49.06
9,61,5.8,9.3,10,77,83.28
7,69,7.2,3.1,6,82,73.83
3,58,4.7,4.9,3,37,37.36
16,42,6.7,3,7,49,70.69
18,49,4.6,6.6,3,76,76.83
5,59,8.5,7,9,49,60.84
12,42,4.4,9.9,10,69,74.29
5,75,5.3,5.1,6,72,65.89
2,98,6.7,5.8,3,67,66.16
13,69,7.4,1.2,7,94,93.3
10,65,6.2,4.5,9,69,83.84
8,67,8.6,8.4,10,69,76.79
14,72,4.8,7.1,5,32,61.81
11,77,4.9,8.1,6,51,67.98
6,64,5.9,7.8,2,56,54.77
5,60,6.2,8.3,7,61,63.02
10,85,8.1,4.7,8,51,78.95
2,86,7.4,5.2,3,60,55.82
9,96,8.4,4.9,6,43,67.63
4,99,8.8,6.4,6,41,65.07
13,95,6.6,2.5,8,79,100
17,84,6.6,5.2,9,51,86.68
9,78,8.5,3.3,0,61,66.46
20,63,4.4,9.6,9,71,88.64
3,54,7.3,3.5,8,99,77.19
8,95,4.5,3.2,0,45,54.69
7,57,6.3,6.3,2,56,52.74
16,78,8.8,3.2,9,100,100
3,89,7.4,2.4,0,39,47.46
4,72,7.8,2.6,0,49,47.25
4,63,4.8,1.7,3,61,60.57
13,80,7.8,3,1,67,78.08
19,75,4.9,2.5,0,53,68.76
18,78,8.6,5.4,0,44,65.22
12,78,4.1,8.6,3,42,59.18
15,71,7.2,4.6,9,31,70.58
1,84,4.5,6.2,1,89,58.01
11,93,8.8,2.9,2,67,82.81
17,55,5.3,3,8,91,91.97
3,60,5.4,5.4,6,44,46.74
2,97,7.6,6,0,47,48.96
18,51,8.5,8.6,0,35,56.83
17,40,8.3,5.9,3,66,74.09
19,81,4.6,8.5,2,44,66.34
1,41,5.9,6.4,3,52,37.01
3,74,5.2,7.1,5,53,56.88
13,50,5.8,6.9,0,50,47.12
4,46,6.2,6.1,4,51,48.39
7,50,8.5,5.4,0,42,47.59
3,65,6.2,2,6,89,78.53
18,66,7.7,9.6,0,52,61.78
11,52,6.5,8.9,2,85,66.11
1,50,4.9,6.5,4,40,37.98
11,53,7.2,1.2,10,31,69.92
7,44,7,3.5,1,37,45.38
1,68,5.6,3.9,8,63,64.14
6,75,5.5,9.4,7,37,51.94
16,72,5.3,5.1,7,36,75.87
18,81,7.6,10,10,87,100
10,93,4.2,9.4,3,71,66.82
1,45,6.5,2.5,2,88,59.34
15,55,8.6,2.2,2,33,57.38
18,98,5.2,1.1,1,41,78.26
3,92,5,1.2,3,79,70.91
3,96,7.1,1.4,0,52,54.05
13,60,4.3,7.1,10,64,84.43
16,91,4.4,1.8,0,80,79.49
12,100,8.1,5,6,95,99.59
7,80,7.3,2.5,4,37,59.73
20,41,5.5,3.7,10,40,86.43
18,82,6.6,6.2,1,42,74.18
9,92,8.5,7.3,7,81,86.78
14,97,4.4,8.7,2,64,72.6
1,46,6.4,6.1,1,87,50.65
11,44,8.7,5.3,7,35,57.59
5,82,5,1,5,59,65.26
17,95,4.8,5.1,2,71,87.05
5,43,7.1,4.2,9,53,63.96
17,76,6.8,8.1,5,94,93.15
15,50,7.1,8.9,3,57,65.56
11,84,6.4,7.2,0,50,60.38
9,41,8.5,6.5,9,94,83.66
14,52,7.6,8.2,4,79,72.75
10,57,4.7,5.1,9,59,71.02
13,90,7.4,2.2,3,39,71.52
18,66,7.3,4.6,2,90,85.05
8,93,5.2,3.8,0,79,70.86
2,94,4.5,4.8,3,64,62.65
4,56,7.5,2.2,5,80,72.08
9,96,7.4,4.1,6,57,77.09
17,75,6.1,9,3,76,79.08
10,57,5.3,4.3,1,69,57.55
10,99,4.7,1.7,7,73,85.47
19,56,5.5,6.1,7,66,80.8
3,80,6.8,7.5,2,68,55.3
17,47,8.5,1.7,9,44,78.63
14,57,7.8,6.8,2,62,68.94
10,51,6.9,8.9,7,52,60.37
7,60,5.1,9.2,9,97,85.61
12,88,7.2,8.3,5,60,79.59
2,69,5.6,2.1,5,39,55.03
8,94,5.4,9,2,60,55.96
15,92,8.4,2.5,5,55,92.05
1,86,6.5,2.3,6,68,73.75
8,87,6.4,6.8,6,51,65.93
2,92,7.2,9.3,10,83,74.7
14,87,7.7,4.5,0,78,82.4
20,80,6.1,7.7,4,43,80.19
5,91,8.3,1.6,7,34,66.24
1,67,4.4,8,7,40,45.13
1,46,4.5,2.5,0,47,37.43
7,45,6.1,1,4,36,47.52
16,50,6.8,8.3,8,83,90.63
17,54,7.2,2,2,37,65.49
3,56,7.7,6.6,4,48,47.6
15,79,6,4.4,9,87,99.71
9,50,4.2,1.6,1,66,53.06
9,48,5.3,1.1,7,58,73.47
6,55,7.5,5.8,6,38,56.97
12,77,5.8,5.7,5,64,74.59
11,82,6.4,4.9,7,94,88.83
8,41,5.7,5.5,9,90,81.31
20,81,6.7,8.5,6,86,96.6
16,59,7.6,1.9,5,57,81.03
18,46,5.6,7.9,3,37,64.42
11,91,6.2,1.2,2,97,86.96
18,80,6,6.7,6,84,96.9
20,66,5.1,3.8,7,80,90.43
16,60,8.2,8.2,1,37,52.7
10,48,5.9,7,6,69,71.94
10,98,4.5,1.2,2,65,72.24
10,43,6.5,9.8,9,59,65.01
12,55,5.7,8.2,10,61,76.44
15,88,7.6,6.3,0,87,84.79
14,98,7.4,4.3,5,88,100
16,96,8.3,6,5,49,80.52
6,50,8.7,9.4,8,67,65.97
19,94,7.2,1.7,7,71,100
6,94,6.4,7.8,2,65,63.53
14,60,8.4,2.9,9,80,94.94
19,100,8.7,6.5,2,37,80.48
17,61,5.3,4.9,0,63,70.53
11,76,7.6,9.5,4,48,62.1
11,70,8.4,3,8,73,82.71
7,83,8.7,8.8,6,61,68.49
20,58,6.1,3.8,6,51,75.88
2,72,5.8,1.2,3,56,52.92
14,44,4.3,6.4,8,93,81.83
5,73,4.9,4.4,5,54,61.74
17,42,5.4,7.4,9,38,69.85
13,43,9,2.8,10,59,78.58
12,58,5.4,5.8,4,61,65.42
14,43,7.3,7.1,10,55,72.46
16,98,6.8,1.4,2,38,69.24
8,99,6.1,7.5,6,93,92.24
15,69,5.2,4.7,7,78,85.62
12,59,5.7,9,3,62,66.78
17,47,7.1,8.3,4,55,66.57
4,46,8.5,2.3,9,56,68.49
12,53,5.2,1.4,9,47,71
8,52,7.3,8.9,3,76,64
3,59,8.9,5.7,5,33,48
5,64,5.3,4.9,6,31,49.19
10,85,4.5,6.7,1,68,62.02
17,70,6.2,2,6,66,88.79
8,87,8.9,6.9,7,88,85.12
6,77,5.4,4.9,5,91,82.25
12,50,7.3,2.4,5,94,86.9
15,69,7.8,2.4,8,53,85.95
17,89,6.8,9,9,68,97.87
12,100,4.4,7.1,5,38,70.37
19,57,5.6,8.3,10,67,95.95
14,56,7.8,2.3,9,30,68.22
3,63,4.8,8.9,8,78,65.86
12,61,5.3,9,1,94,71.47
16,78,7.4,7.9,1,68,72.39
2,87,8.7,7.1,3,84,68.17
11,97,4.2,2.2,8,33,69.08
10,82,4.4,5.4,0,93,69.48
14,42,7.4,2,1,58,65.74
1,87,6.4,6.6,10,41,61.35
9,62,6.4,8.6,7,74,70.54
6,85,6.5,9.3,3,46,56.87
13,71,7.4,5.5,1,75,74.99
14,98,8.4,5.7,8,38,80.85
15,47,7.5,4.3,6,83,80.32
14,66,6.8,6.2,4,35,63.05
14,99,7.7,4.5,6,31,74.19
12,60,4.6,4.7,1,58,55.7
11,66,8.9,2.7,4,77,85.75
17,49,5.9,6.5,1,46,53.91
5,81,7.5,9.1,7,69,71.35
13,77,6.4,3.7,7,94,97.26
14,87,5,6.1,3,37,62.22
16,80,4.3,7.4,6,53,72.33
12,92,6.8,1.7,4,47,71.88
4,48,6.4,4.6,0,44,38.53
7,46,7.8,1.8,8,84,77.68
1,93,6.6,7,3,79,57.92
5,51,5,4.7,5,83,65.4
12,71,6.3,4.5,4,51,71.21
17,59,8,1,4,31,74.11
2,53,8.3,2.4,3,32,39.83
5,59,7.8,2.6,7,68,75.99
13,53,7.7,3.9,10,59,87.13
14,45,4.6,5.6,2,31,54.55
18,40,7.4,4.9,10,72,91.85
14,48,7.3,6.1,3,38,59.98
4,81,8.7,5.5,1,89,68.8
20,41,8,2.9,6,84,92.37
8,65,7.3,9.4,4,91,68.91
3,81,5.2,4.7,5,95,72.65
1,52,5,7.2,9,36,50.11
20,57,8.9,1.3,3,92,95.36
12,80,7.4,7,1,55,59.94
9,87,5.7,8.6,7,72,76.66
4,77,7.2,1.4,3,36,51.92
17,69,6.8,5.1,1,46,68.82
13,61,4.8,8.6,9,67,82.06
20,44,6.5,2.4,9,94,100
17,97,4.8,1,1,71,80.56
19,69,6.2,4.7,9,41,81.64
3,66,8.3,5,5,47,55.86
6,48,7.5,8.2,6,43,56.28
11,82,5.3,9.4,10,33,73.83
5,76,5.5,8.7,9,67,67.28
9,87,8.3,5.1,6,80,80.23
8,98,6.7,8.6,5,73,70.34
2,85,8.5,8.7,5,74,68.99
15,72,4.9,9.5,9,76,92.59
19,88,4.9,8.3,1,66,71.72
15,41,6.1,2,5,59,71.59
17,71,6.7,10,7,47,69.5
5,41,8.5,9.1,10,57,64.26
18,46,8.7,2.4,9,84,98.69
16,67,8.9,5,0,55,70.19
8,58,7.9,5.5,6,76,73.13
1,69,7.2,6.2,0,74,49.66
11,71,8,8.6,3,82,74.52
2,60,5.3,8.4,3,61,41.87
9,86,7,6.3,5,64,79.55
18,81,6.7,7.7,3,36,71.65
17,72,6.1,2.1,2,72,78.47
4,48,8.8,8.2,6,83,62.29
9,71,7.9,9.1,10,34,67.99
17,43,5.5,8.6,4,79,70.12
11,78,7.9,7.9,0,35,45.89
19,82,4.3,9,0,87,76.48
17,100,5.6,4.5,3,69,89.66
10,55,8.2,7.8,3,34,51.64
9,46,5.1,6.2,5,78,67.09
17,54,4.7,2.8,0,74,68.97
18,80,5.3,8.1,2,75,81.22
4,45,8.8,6.2,0,55,46.68
20,59,8.3,1.1,4,51,84.75
10,44,8.1,3.8,7,34,63.66
8,88,7.9,3.2,8,87,94.83
15,64,8.3,1.3,10,79,100
17,76,8.7,9.1,1,55,73.41
10,41,7.2,6.1,7,100,79.8
15,58,5.5,7.3,3,32,56.04
17,52,6,2.4,9,56,87.1
15,85,4,4.5,6,61,81.77
1,70,4.6,9.4,8,40,49.33
4,54,5.1,8.8,1,90,55.13
2,61,6.2,5,7,93,68.15
5,85,7.9,8.3,8,100,88.81
2,95,5.1,9.3,8,86,73.41
15,57,4.2,5.5,2,60,66.84
1,53,6.1,4.4,7,97,71.66
20,95,7.2,3.4,9,90,100
6,64,5.6,7.8,7,38,50.79
13,58,6.9,4.7,4,76,71.92
10,60,5.1,4.2,2,75,65.64
10,91,5.5,8.3,8,98,88.6
11,48,7.6,6.9,9,36,67.41
17,63,8.7,7.9,1,44,61.37
14,70,8.5,8.1,8,74,82.69
15,67,5.4,4.8,0,77,66.45
14,88,8.3,9.9,0,99,79.09
7,44,8.3,3,6,71,72.49
6,88,6.4,5.6,6,36,57.66
10,87,7.7,4.1,3,60,76.74
18,76,4.8,3.7,5,47,75.21
11,68,4.3,1.7,5,90,88.2
5,65,5,5.9,10,55,71.5
9,83,7.7,9.2,7,41,64.62
17,87,7.4,8,8,78,97.89
15,87,5.3,4.8,2,57,74.6
1,53,7.4,4.1,4,90,65.05
15,88,8.4,2.7,8,42,87.13
7,98,4.6,6.5,2,65,59.5
6,99,8.8,3,8,30,75.31
13,51,5.7,7.2,4,42,62.43
12,57,5.7,3.5,8,51,71.41
17,96,8.6,3.2,4,30,72.03
8,62,6,1.3,2,94,71.21
16,52,5.6,3.7,9,31,69.92
15,77,8.1,5.9,6,76,88.49
14,93,8,6.3,6,47,74.66
5,89,7.7,4.3,8,83,81.56
18,66,8.5,3.8,4,56,78.68
13,43,7.4,5.7,8,52,68.36
19,50,8.3,5.9,2,96,89.04
10,65,6.3,8.9,3,80,65.02
13,52,5.2,8.7,4,79,64.94
16,50,7.7,9.7,2,95,81.67
8,100,5,9,4,36,57.39
10,90,8.4,5.5,9,40,79.46
14,91,9,3.3,10,58,100
2,54,8.7,1.5,1,79,58.18
13,67,4.9,7.8,2,97,74.82
11,59,4.4,7.8,8,72,74.57
13,49,4.8,6.2,1,43,52.32
17,59,6.6,1.7,6,83,95.84
2,51,8.3,9,4,83,59.8
4,68,5.3,6.9,3,95,71.01
20,46,8.5,7.5,2,69,73.53
1,66,5.9,5.4,8,66,61.51
16,95,8.6,8.6,2,39,68.64
2,95,4.9,7.1,2,57,56.02
19,52,5.7,7.7,0,88,70.76
3,81,8.6,7.2,2,96,69.17
6,55,7.3,1.2,5,33,58.6
14,68,4.5,5.9,3,58,69.18
4,71,7.8,3.3,9,70,75.89
3,50,6.8,8.2,8,51,52.47
19,51,4.8,8.4,2,94,86.11
18,44,5.8,6.9,0,95,77.1
12,48,4.6,5,6,100,77.76
6,66,7,2.5,0,71,62.91
16,87,5.1,7.4,4,38,65.25
20,58,5.2,3.2,2,76,76.89
6,71,5.3,4.6,2,60,57.64
17,58,5.5,7.8,10,59,84.18
13,62,5.3,6.4,9,64,76.21
18,88,5.8,5.7,3,58,85.88
17,66,7.2,8.4,4,82,85.7
5,77,7.2,5.6,0,72,64.29
9,99,7.4,8.7,10,43,75.64
1,93,5.6,6,3,89,67.53
4,43,7.1,5.3,4,62,53.22
8,76,4.5,1.6,1,92,79.08
1,41,5,3.3,6,97,68.61
17,84,5.4,9.5,6,72,87.57
16,88,5,3.6,4,78,87.26
1,68,4.7,4.5,0,67,50.65
16,56,4.5,1.1,1,99,78.12
14,73,7,5.5,2,75,80.63
5,90,6.7,9.5,10,66,71
7,77,5.2,4.3,6,32,53.33
20,89,7.5,5.3,7,77,97.74
14,66,6.8,9.5,0,57,60.96
4,67,5,5.2,1,88,58.73
9,93,7.2,1.6,5,61,79.04
9,50,7,8.9,8,59,69.77
8,40,5,6.6,5,60,57.59
5,87,7.5,8.6,0,96,69.89
12,52,4.9,8.3,7,60,65.46
1,45,4.4,6.6,9,92,72.06
10,69,8.9,3.5,7,55,78.89
15,94,6.3,3.5,9,35,84.77
14,69,6.7,6.4,5,79,88.21
11,76,6.4,5.1,9,79,84.61
2,82,5,7.2,0,73,51.14
13,74,8.5,7.6,1,36,57.43
1,58,8.1,7.4,7,70,60.87
9,96,5.1,5.3,2,43,64.69
17,82,8,5.1,7,38,83.23
14,100,8.6,6.3,6,70,91.3
6,54,6.1,3.8,1,45,40.6
18,94,5.7,10,6,87,100
4,100,4.7,3.9,7,50,68.73
3,75,8.8,8.6,9,45,59
16,88,6.8,6.8,8,95,100
6,56,6.9,7.1,1,81,53.09
17,58,4.5,7.3,10,72,93.41
7,69,7.6,1.6,4,57,66.34
14,53,4.6,3.9,9,81,93.72
1,71,8.1,4.9,9,62,65.73
4,57,7.7,1,0,64,48.52
15,63,6.1,2.3,1,36,62.59
10,89,4.2,7.9,9,92,86.9
14,73,7.7,2.6,8,94,100
11,87,8,2.4,3,64,74.75
19,85,6.4,8.4,9,49,93.18
12,47,8,6.8,9,91,91.03
14,66,7.2,8.9,4,87,83.63
12,72,8.5,5.2,8,61,88.46
16,98,4.3,1.5,5,54,90.45
5,62,7.2,6.3,6,93,75.26
18,60,5,4.6,10,43,82.31
8,84,4.1,1.6,2,74,68.84
2,42,5.5,2.8,1,82,54.48
16,69,5.8,5.3,0,86,72.64
5,96,6.2,9.9,7,43,60.91
7,87,8.8,1.1,4,52,77.3
15,50,6.8,6.5,0,67,59.99
18,80,4.5,9.2,6,89,90.77
6,94,8.4,1.3,5,69,76.84
3,65,7.2,9.9,9,38,52.31
10,66,5.4,5.3,5,83,71.53
10,64,8,9.9,8,50,74.07
2,83,5,6.6,6,43,51.39
12,42,7.3,2.7,1,60,57.85
20,95,9,3,2,49,89.07
2,92,8.1,4.9,7,85,79.09
11,58,7.3,3.9,10,52,75.99
4,84,8.3,9.8,4,58,57.18
6,100,8.8,7.7,1,89,75.26
1,63,6.8,1.6,8,34,60.45
15,54,4.9,3,7,79,83.44
11,93,5.9,4.7,5,45,65.49
1,87,5.7,4.3,7,31,51.96
6,79,8.7,1.3,6,98,90.2
9,58,4.5,8,5,99,77.07
6,99,8.7,6.1,9,49,81.98
8,60,6.2,1.3,10,53,74.36
12,44,5.8,5.3,9,87,87.6
12,44,8.3,2.8,8,62,79.62
7,44,8.2,2.6,3,64,64.12
9,91,8.3,5.8,0,38,57.1
16,67,7.4,2,4,83,92.79
13,57,7.4,1.7,2,85,82.57
8,49,8.1,2.1,10,63,83.91
15,42,7.7,5.6,0,43,51.08
4,50,6.9,5,9,98,78.05
18,78,8.4,6.9,3,87,94.3
10,75,7.3,9.3,10,45,76.92
13,72,4.5,7.8,9,61,73.4
1,73,8.3,3.9,8,31,53.77
17,42,6.7,3.4,3,57,67.43
1,61,9,6,1,36,36.22
8,61,8.8,5.7,10,85,91.83
19,77,4.2,2.7,1,60,82.29
4,66,7.5,6.1,6,32,56.08
3,50,8.6,8.9,6,87,70.37
9,49,6.5,2.3,10,74,83.64
7,65,7.9,1.5,4,95,85.41
9,77,8.5,7.5,9,39,75.02
13,40,8.3,2.3,3,58,61.91
9,87,6.2,4.8,10,75,89.84
4,88,6.1,4.2,8,42,62.05
10,76,7.1,8.6,4,60,71.85
19,83,7.8,3.6,1,80,86.46
2,73,5.9,8.9,9,71,63.91
5,89,4.6,3,7,48,72.79
18,98,6.4,3.3,2,82,88.26
7,82,8.3,4.3,5,92,81.48
18,65,4.6,7.7,5,94,86.07
8,59,8.4,1.3,3,77,70.19
9,93,4.7,6.8,8,97,90.22
18,99,6.5,6.3,0,85,88.59
12,64,7.1,2.6,10,83,98.84
15,67,7.4,2.2,6,98,95.16
6,70,5.7,9.2,1,98,62.01
20,85,7.8,4.1,5,90,100
2,50,8.5,8.1,2,95,54.21
15,71,4.4,9.8,6,46,68.1
12,95,8.6,2.2,6,66,86.68
8,89,5.8,2.9,1,66,69.27
20,44,4.2,3,3,45,71.56
14,93,7.3,4.8,7,36,82.67
14,80,6.4,7.7,7,91,94.53
5,88,4.3,9.3,1,37,39.9
18,54,6.5,3.2,7,52,80.03
3,81,6.7,5.2,7,74,74.32
7,95,8.7,9.4,2,47,56.38
19,54,8.7,2.2,4,46,75.76
16,70,6.3,2.6,7,62,85.01
11,43,4.8,2,8,97,91.94
6,45,4.5,9.3,8,69,60.73
2,54,7.6,2.7,3,80,64.06
18,71,6.7,5.5,4,52,80.63
1,88,7.7,7,7,72,74.74
19,89,6.8,4.3,8,69,99.17
16,43,8.4,6.2,3,52,66.34
8,48,7.2,1.5,5,69,68.63
14,85,7.3,6.8,9,67,89.75
15,81,6.3,7,1,96,89.83
19,73,7.9,2.9,6,40,87.01
19,60,7.1,3.6,10,71,100
19,48,7.5,1.6,8,72,97.28
6,54,8.8,4,10,36,60.51
9,69,5.1,5.4,6,47,62.28
7,72,8.6,6.3,5,67,73.51
19,100,7.1,5.4,7,40,90.52
18,80,7.2,8.3,2,32,59.07
4,41,7.9,1.9,4,52,53.49
14,82,6.1,1.5,2,70,74.75
16,60,6.9,2,9,35,79.86
13,68,4.5,7.3,10,31,70.97
1,40,7.6,6.7,5,95,65.26
6,57,4.8,2.6,10,67,79.73
19,65,6.1,7.3,2,68,80.16
7,94,4.2,9.9,1,88,62.03
15,49,7.7,1.6,10,57,91.57
9,53,7.8,3.1,3,85,73.17
15,83,6.4,5,4,46,71.79
11,74,8.3,3.9,3,38,56.97
19,68,7,3.3,7,91,97.3
6,95,6.6,9.6,6,40,65.55
19,78,4.2,8.6,6,80,94.29
14,78,7.8,8.5,4,90,81.98
3,69,4.6,9.4,4,59,48.69
14,72,7.3,3.2,0,57,63.2
7,64,8.7,8.6,9,77,81.52
12,60,6.7,7.5,6,92,80.02
1,70,8.8,7.8,0,93,55.07
8,81,7,8.3,6,64,76.52
14,87,7.4,9.5,2,78,72.79
20,84,7.2,6.5,10,81,100
8,46,7.9,4.6,7,72,71.31
10,56,5.1,8.8,0,70,49.08
20,93,5.7,9,6,57,93.08
2,81,6,4.5,1,36,40.85
3,64,5.3,5,7,37,56.51
17,46,4.5,7.7,5,55,72.18
16,87,7.2,7,3,83,85.57
6,70,8.6,9,9,70,76.59
18,65,6.2,5.2,0,72,72.62
17,77,6.9,7.9,7,41,82.76
19,98,7,6.5,9,42,89.41
18,51,8.9,9.5,0,36,57.21
19,55,5.1,7.3,1,57,71.84
13,72,6.9,5.2,4,83,76.82
3,55,6.2,5.9,8,66,58.7
16,70,4.4,2.2,9,38,79.9
6,84,7.1,4.4,9,75,87.48
3,70,6.2,9.9,5,73,60.44
6,49,5.1,4.3,2,99,64.95
16,82,4.1,9.9,6,54,68.39
5,89,4.7,8,2,58,58.56
12,100,4.7,8.7,8,93,89.99
7,62,8,6.4,6,68,69.41
6,66,6.6,3.8,7,64,69.57
12,60,4.2,7.2,8,61,68.07
1,99,8.8,10,5,36,52.53
2,99,6.7,3.8,4,74,73.39
11,74,4.6,1.1,8,31,64.73
18,97,7.2,9,6,92,100
9,56,6.5,1.7,3,87,75.38
18,67,5.9,8.5,10,67,89.79
11,55,8.7,3.1,7,86,84.71
19,66,8.9,2.8,7,48,83.35
14,98,8.5,5.5,9,39,83.74
6,53,6.4,2.9,10,93,83.17
11,43,5.6,2.5,9,67,72.17
1,56,6.4,7.8,0,91,56.15
19,67,4.8,1.7,5,92,96.52
14,64,4.1,5.8,5,44,66
3,68,7.8,5.4,3,79,62.89
7,79,6.2,5.8,5,97,81.09
10,72,7.7,7.1,5,76,75.97
8,47,8,6.5,4,63,58.02
20,99,6,9.3,3,70,83.42
16,56,6.4,5.4,3,86,82.96
3,49,5.1,3.5,7,86,67.6
3,90,8.3,6.6,8,96,85.99
12,71,7,7,3,46,64.92
20,42,7.2,1.3,0,71,77.31
11,58,5.8,2,3,78,71.63
12,58,4.2,7.6,1,58,52.67
6,58,6,8.7,7,43,60.37
7,79,5.2,9.4,0,82,57.92
7,63,8.4,2.8,5,90,78.3
19,82,6.7,6.1,2,94,89.17
4,78,6,1,7,92,87.07
11,80,6.4,6.9,8,48,77.42
16,52,6.3,9.5,3,36,57.12
16,69,5.1,6.8,8,61,86.98
13,66,4.1,5.5,9,93,92.46
11,99,5.7,1.1,0,67,71.12
12,82,4.2,7.3,9,81,84.32
20,97,8.9,9.9,0,40,65.24
15,79,5.2,2.6,2,81,80.96
15,73,4.8,3.6,3,32,60.3
10,82,4.4,4.2,7,45,64.79
15,60,5,6,7,51,70.64
11,75,4.5,8.9,8,88,86.6
17,82,6.5,1.1,5,70,94.88
18,91,4,2.8,6,73,95.57
16,49,6.2,3,9,77,85.69
15,87,7.5,1.2,1,54,80.07
14,78,6.1,2.6,2,98,84.1
13,75,5.2,5,0,53,60.49
17,99,5.7,5,8,49,84.63
19,50,5.6,3,1,91,80.22
14,84,5,1.3,8,77,95.47
2,66,6.8,7.2,8,56,66.19
14,89,8.7,5.6,1,84,83.21
7,74,6,4,6,35,64.61
16,70,5.9,9.4,9,75,88.37
8,87,8.6,8.1,4,42,65.3
11,100,7.7,6.7,7,91,100
5,62,8.9,3.6,2,72,65.54
18,81,7.1,5.5,1,33,67.21
11,91,5.6,5,3,73,76.58
10,88,5.8,5.3,2,35,57.38
5,58,8.7,1.1,4,40,54.58
15,87,8.7,7.9,9,61,86.39
13,40,6.6,2.1,10,44,69.95
12,80,5.9,4.9,3,66,67.38
9,68,7.3,4.2,0,35,53.52
10,61,6.8,1.3,10,100,100
5,80,6.4,4.7,9,34,69
13,59,7,3.8,3,72,73.5
12,87,7.5,9.1,8,35,76.29
8,90,7.3,2.9,3,81,76.87
5,95,4.8,4.3,8,42,66.92
17,86,5.1,4.1,4,53,76.15
20,80,8.1,4.7,3,34,78.46
2,56,5.8,6.3,8,32,45.34
18,95,7.8,8.2,6,93,100
11,46,5.5,7.2,6,44,61.06
2,76,6.9,9.5,3,39,42.95
1,100,6.9,9.7,6,82,76.59
18,46,5.1,1.2,10,99,100
20,46,7.4,5.9,5,36,65.09
9,60,5.3,4.7,2,77,64.63
4,49,8.3,3,1,46,45.11
19,72,6.3,2.5,2,75,91.09
19,100,5.5,3.5,0,37,72.97
17,79,7.9,2.1,3,58,77.5
11,89,6.5,9.4,0,65,59.22
3,56,8.2,7.9,7,41,57
11,42,8.2,3.4,1,77,62.66
9,58,8.8,7.1,8,48,69.46
14,87,7,7.6,5,62,74.39
19,91,8.4,8.5,7,35,79.28
17,71,8.1,2.2,9,54,95.9
7,68,5.2,4.5,5,51,58.39
6,92,6.4,4.8,7,66,78.6
4,59,6.2,8.6,4,30,43.95
14,84,4.6,4.2,4,49,69.63
11,64,4.4,2.8,6,49,71.75
7,74,5.3,2.1,5,74,68.73
1,76,7.3,3.5,2,76,63.83
16,61,4,4.6,8,94,96.31
17,97,5.4,8.9,2,31,63.39
16,44,4.8,2.7,4,34,62.77
6,82,7.1,5.4,1,61,55.04
16,50,6.3,3.2,6,46,71.85
14,68,5.5,8.9,5,94,87.82
4,77,7.2,3.6,6,98,88.32
15,88,5.5,7.2,9,67,87.72
20,52,7.9,2.8,7,74,96.33
16,50,8.9,8.5,6,82,84.74
20,96,4,7.2,3,81,92.39
15,81,6.5,7.9,0,54,59.16
4,97,7.6,8,1,91,69.37
1,61,5.2,1.4,3,100,70.36
8,52,5,6.9,10,42,63.05
4,65,6,5.9,0,50,40.54
5,74,4.3,2.1,9,58,72.07
20,81,8.4,9.6,1,44,68.77
8,76,6.4,9.2,5,92,74.23
3,95,5.6,8.2,0,78,61.27
1,72,6.1,2.7,6,75,62.04
13,42,8.8,4.7,10,52,82.38
10,95,8.8,6,9,46,77.25
11,46,7.2,6,2,84,74.18
4,100,8,3.2,0,83,66.1
2,73,5.4,1.7,7,93,83.71
1,65,4.7,6.5,8,38,44.14
20,70,7.2,2.7,6,97,100
12,43,8.9,2.9,8,41,73.68
18,99,8,9.4,1,67,75.45
8,70,8.9,1.5,10,88,90.87
9,88,5,1.2,9,31,73.73
5,41,8.6,4.1,10,80,74.09
2,70,4,2.6,10,66,71.01
17,92,5.6,6.9,9,96,100
17,79,4.9,3.1,7,59,87.43
11,100,4.9,6.4,3,52,64
15,82,7.4,9.7,5,62,72.43
10,77,7.4,7.1,8,67,80.3
12,58,5.2,1.8,8,81,90.39
12,78,5.3,5.9,0,90,77.73
19,51,7.7,3.4,6,57,81.89
20,93,6.6,5.3,5,76,100
12,81,4.1,8.5,5,99,82.2
16,63,4.2,8.9,7,89,92.52
20,77,4.3,2.7,7,48,81.45
3,90,5.1,4.3,9,94,80.25
7,53,5.2,8.3,5,83,66.86
9,41,4.6,1.8,6,33,48.96
20,83,5,9.3,3,71,78.68
14,50,8.9,8.3,6,36,65.72
7,44,8.9,7.7,2,79,59.26
8,54,4.6,1.9,0,100,74.56
7,46,4,5.3,7,45,56.12
19,58,5.6,9.3,4,35,61.23
4,78,7.3,6.2,0,100,62.94
1,40,8.2,7.8,5,82,60.6
8,80,5.8,8.2,3,76,68.94
3,70,8,3.1,2,63,53.41
1,49,7.5,8.3,8,78,63
4,43,6,3.9,6,32,42.07
19,50,8.8,4.3,7,86,96.39
3,82,5.5,1.4,7,40,61.58
7,49,4.6,5.5,10,93,84.3
12,50,6,2.1,8,89,94.13
17,79,7.5,8.6,8,44,79.66
18,95,5.2,5.3,1,70,86.28
4,45,4.3,2.5,4,44,42.2
17,59,9,9,6,86,86.25
7,68,4.4,7.7,4,41,51.16
1,83,6,6.4,4,70,61.71
18,62,6.4,8.3,3,62,67.37
4,81,8.9,1.8,7,81,87.53
3,69,4.1,1.9,10,34,55.73
5,68,5.1,3,1,96,69.8
3,69,4.8,9.4,5,90,66.16
12,93,6.1,1.1,1,38,66.86
11,58,8.3,8,0,86,68
5,94,5.5,2.1,4,56,63.95
6,59,8.8,7.4,1,45,44.15
16,60,8.4,6.9,6,48,71.88
17,49,4.6,9.6,0,84,72
10,48,7.7,8.2,6,95,76.38
2,54,6.6,9.5,9,74,59.49
11,79,4.7,3.5,6,80,81.41
3,94,7.8,3.6,4,71,67.22
8,46,8.7,7.8,4,70,57.05
2,89,5.6,8.4,1,42,44.86
7,70,8.9,9.4,1,58,56.38
10,81,6.1,9,3,43,60.45
1,100,6.5,6.4,10,35,65.57
18,67,6.9,7.2,5,87,93.6
2,47,6.8,7.9,3,31,31.3
11,80,8.3,3.5,4,92,86.24
16,55,5.2,7.3,5,90,80.67
20,70,4.2,7,8,76,89.41
12,93,5.2,7,7,70,78.48
1,90,6.8,5.3,1,44,46.88
20,65,6.8,7.3,4,32,71.56
12,50,6.8,3.9,10,75,81.15
12,70,8.6,2.4,1,97,81.62
5,64,6,1.4,3,52,54.16
14,100,7.2,1.8,5,64,83.86
13,51,7.7,5.6,9,33,69.02
18,87,7.7,1.5,8,55,91.16
4,49,8.8,8.4,7,72,65.84
18,49,7.9,8.9,3,60,75.9
6,61,6,5.5,5,30,52.84
7,73,8.3,9.5,6,45,59.51
15,84,4.6,9.7,1,54,60.47
6,71,7.3,5.5,2,55,54.2
16,54,7.5,8.8,2,42,61.01
10,86,4.8,6.5,2,34,53.03
8,97,6.4,2,10,95,100
20,85,7.1,2.3,0,72,92.23
5,82,8.8,8.1,3,30,53.42
19,63,5.8,8.6,10,100,100
20,91,8.8,6.5,6,67,98.87
6,71,5.1,6.3,7,49,58.24
4,67,8.8,8.1,1,46,46.81
3,55,5.6,1.9,10,39,57.54
7,43,4.5,5.3,3,77,64.1
2,51,8.3,4.6,9,65,72.37
10,85,7.7,1.9,3,47,72.86
5,51,5.1,2.5,0,91,63.69
17,88,5.6,7.3,7,37,82.41
19,59,5,8.5,1,61,67.11
17,62,6.8,5,8,56,83.92
6,47,5.1,9.9,6,100,66.4
13,81,4.3,1.1,9,56,85.37
12,46,7.1,1.7,7,99,88.94
20,74,6.8,8,3,99,88.9
15,80,5.4,6.9,3,99,83.76
8,90,5,1.6,4,64,72.05
10,93,5.8,3.8,7,92,98.2
1,40,5.6,3.1,5,71,56.32
17,73,4.7,2.8,4,100,98.07
4,89,6.6,7,2,59,57.38
11,43,8,2.2,8,65,78.16
19,75,7.8,9.7,8,92,100
8,69,4.4,4.3,4,42,53.68
8,53,7.7,5,0,78,59.62
16,43,7.2,7,6,57,75.58
8,45,4.5,8.1,1,85,59.11
4,77,5.7,7.7,0,61,48.67
4,93,5,7.2,3,92,71.36
3,69,4,9.5,7,57,49.58
4,91,6.7,2.2,0,31,44.43
12,73,4.6,5.3,1,80,66.86
9,68,8.9,3.7,4,85,80.99
16,55,4.7,8.9,5,37,63.5
11,93,4.7,6.9,0,72,69.89
8,64,8,9.5,9,45,61.45
15,50,8.5,7.7,0,74,66.82
20,41,8.2,3.8,5,31,74.73
18,46,6.8,7.8,6,99,95.98
9,57,5.6,3.9,7,98,88.53
15,56,5.5,2.7,5,63,71.27
12,97,4.4,9,5,71,76.97
9,40,6.8,2.6,1,80,65.01
11,78,7.7,7.1,0,33,46.2
9,95,7.1,3.7,0,74,74.52
18,43,5.9,5.3,9,39,79.04
9,67,5.8,5.7,0,36,40.07
10,42,4.1,7.4,4,75,58.84
15,64,6.6,2.9,8,86,93.73
12,66,4.1,9.9,8,48,70.64
13,67,4.7,5,0,40,58.48
17,42,7.5,6.4,1,41,63.05
4,50,7.3,2,6,75,64.58
12,43,6.8,2.1,9,72,84.63
10,55,4.5,9.5,7,39,58.96
9,44,7.2,7.2,7,91,82.02
13,96,4.9,7.9,1,35,59.97
8,89,8.1,7.3,1,88,72.89
2,50,5.8,9.7,1,82,47.88
10,57,5.9,4.8,5,94,81.41
6,56,7.4,1.8,10,99,88.42
17,97,7.9,8.8,3,86,93.02
9,100,7.7,7.1,7,50,79.41
15,87,7.6,9.8,1,64,76.36
10,73,8.5,6.2,4,32,63.52
19,82,5.5,4.1,8,62,98.66
8,96,8.9,6.2,10,67,90
17,71,6.8,6.8,7,61,84.15
16,66,8,8.7,7,56,78.63
2,60,5.2,8.7,5,44,44.89
18,69,4.6,2.1,8,87,97.75
14,91,6.3,4.8,6,37,76.81
3,77,4.6,2.7,5,50,56.14
9,48,5.7,6.9,9,56,63
14,95,6.9,8.6,0,97,86.75
14,88,8.3,3.9,1,33,66
14,86,7.9,8.2,9,83,96.6
10,94,5.4,5,7,44,70.24
12,91,6.3,8.6,0,47,64.14
1,84,4.4,4.3,4,62,58.49
2,80,8.2,6.6,9,98,83.09
11,48,5.9,9.9,3,92,66.18
9,99,7.7,3.4,5,73,86.8
16,64,8.7,9.5,10,82,92.27
11,84,5.4,2.7,5,33,71.48
11,100,5.1,1.1,7,50,81.57
16,48,6.6,7.4,2,90,75.59
11,83,6.5,6,0,64,68.75
6,87,8.4,9.8,6,32,53.85
14,91,7.1,1.3,10,53,97.5
14,83,8.4,3.4,2,66,75.59
12,42,4.3,5.3,6,43,57.95
8,70,6.5,8,10,97,87.17
9,71,4.5,9.9,9,38,62.79
13,52,8.7,4.9,5,32,66.09
16,91,4.9,6.5,5,34,65.92
20,44,5.7,6.5,8,37,73.5
17,49,5,5.3,0,32,51.54
7,53,7.8,7.7,9,32,53.71
16,59,5.2,8.5,6,52,73.58
9,79,5.4,6,1,78,69.2
12,98,7.1,2.1,10,52,92.59
10,66,8.5,1.4,1,43,60.21
18,69,9,9.2,4,85,93.63
19,62,4.5,1.7,2,33,69.02
8,76,8.1,7.7,0,77,65.05
13,67,7.4,6.8,4,49,63.33
10,92,4.9,7.1,7,75,86.75
10,96,4.8,5.5,6,61,76.55
16,55,5.5,5.9,5,36,66.67
1,92,8.9,2.6,7,90,87.46
3,69,6.9,8.3,6,50,53.22
11,62,5,4.8,9,48,69.54
10,83,7.9,5.6,7,48,72.96
18,85,6.3,7.4,9,60,95.02
17,76,8.2,8.7,1,51,72.5
14,68,4.8,5.4,4,93,87.82
13,98,7.1,1.5,0,86,83.97
6,78,5.9,6.6,6,70,66.37
10,46,7.7,5.4,1,95,65.14
1,58,4.1,1.7,0,88,58.09
19,44,4.7,8,4,61,73.78
8,69,4.3,9.3,6,76,67.96
4,58,7.1,3,5,70,59.38
19,53,5.9,9.1,10,40,72.09
4,86,5.6,3.7,6,86,82.24
3,92,5.1,1.5,0,38,53.17
15,57,6.8,1.8,7,76,87.89
1,91,6.5,3.1,2,43,53.02
15,53,6.3,3.1,9,91,100
2,45,8.2,8.9,1,67,44.98
14,50,4.4,8.2,8,50,73.21
6,100,7.6,9.1,0,30,45.01
7,73,5.9,3.4,9,84,90.95
2,50,8.6,3.8,1,64,46.81
18,86,4.2,3.5,7,40,76.21
18,85,8.3,9.9,0,68,73.58
3,97,5.6,3.2,1,44,52.94
11,79,8.8,9,10,82,87.31
5,70,6,8,4,93,76.16
20,67,6.1,8.6,4,94,95.98
11,64,4.7,5.2,0,64,54.57
10,65,8.3,7.8,6,63,73.77
17,66,7.8,8,7,73,92.19
4,87,6.6,5.5,7,43,66.29
10,75,6.8,8.1,6,37,60.24
18,41,8.7,6.1,10,72,90.64
16,42,6.8,4.6,8,78,91.06
11,96,4.2,3.4,4,41,72.17
9,87,4.7,9.8,4,48,62.07
16,90,7.1,5.8,0,74,83
3,61,8.1,3,10,95,88.37
6,66,6.5,8.9,7,35,51.32
9,44,6.1,6.1,8,44,58.46
1,68,8.9,6.9,1,86,60.72
2,67,6.7,9.1,3,84,57.21
16,49,7.4,3,10,89,98.43
4,83,4.2,3.3,7,40,57.76
1,90,6.5,1.1,7,74,78.79
4,85,7.7,8.9,0,87,67.34
18,56,4.9,3.6,5,76,84.16
4,73,7.1,9.3,7,35,52.07
16,48,7.4,6.4,2,52,64.32
8,59,6.9,2.1,3,31,57.34
19,90,4.8,4.3,7,52,91.6
20,71,6.7,2.8,7,65,97.81
2,97,6.6,6.2,2,35,45.51
19,91,5.3,3.6,7,80,100
18,95,6.7,1.8,10,51,97.5
13,91,4.6,5.8,6,42,74.89
18,74,4.2,4.2,10,34,85.45
13,95,7.2,7.5,10,80,100
15,43,5.1,4.3,5,75,80.69
20,46,5.6,4.5,6,39,71.75
14,49,8.9,4.7,5,99,94.15
7,64,8.3,1.5,5,61,76.13
13,72,6.4,9.3,0,48,51.21
9,63,4.2,5.9,0,79,61.36
1,79,6.2,8.2,7,56,62.16
18,71,8.6,8.4,8,55,87.9
10,97,4.6,1.5,0,30,54.51
11,74,5.5,3.6,3,59,73.66
1,57,6.2,3,5,83,58.41
18,78,7.5,9.6,7,34,73.51
19,95,8.2,3.2,5,30,79.31
15,96,7.1,1.5,5,100,100
2,56,6.3,2.1,10,97,84.18
6,94,6.3,3.4,1,54,54.51
2,60,8.6,8.2,1,99,67.05
11,98,6.5,3.7,3,99,91.4
1,74,5.4,5.4,0,78,48.2
6,72,5.6,1,2,74,64.5
6,40,5.9,2.3,8,76,66.66
12,97,4.3,2.7,2,62,73.53
3,91,6.2,5.6,10,74,74.85
12,47,5,8.8,1,97,69.57
3,72,4.1,7.7,4,43,41.25
1,71,5.3,9.3,4,77,50.72
14,77,7,8.5,3,49,66.02
20,49,7.9,4.4,9,63,91.71
17,69,8.2,2.8,9,49,91.28
6,94,5,1.4,0,76,66.45
14,91,4.2,1.7,4,45,70.33
7,79,8.2,6.5,2,70,66.41
3,76,5.1,4.9,9,66,75.36
14,59,5,4.8,10,54,75.56
10,97,7.7,3.8,9,65,88.96
14,75,7.8,4.3,8,70,96.32
10,64,7.5,8.1,1,98,72.67
18,77,6.4,4.7,3,60,85.54
2,48,5,3.5,3,60,51.86
17,73,7.2,3.2,10,79,96.84
5,60,4.1,7.5,10,49,61.47
9,40,4.1,3.8,8,85,81.37
14,72,5.5,1.4,7,49,77.86
6,69,5.6,7.6,9,83,83.8
7,66,6.5,4.2,7,54,67.96
18,89,6.6,9.6,3,54,80.37
2,76,6.3,1.8,9,99,83.2
15,71,4.3,7.2,5,42,66.29
13,48,4.5,6.1,10,82,89.67
13,69,6.6,9.9,2,94,78.56
3,96,6.1,9.5,6,31,46.09
13,94,8,7.1,8,38,82.8
6,71,6.9,3.8,2,77,62.49
9,64,5.6,9.4,6,99,82.93
15,78,4.7,6.7,1,88,84.26
15,40,5.1,1.4,0,97,72.57
18,86,4,5.9,5,63,80.69
17,69,6.8,1.4,4,98,94.47
9,66,8.5,3.9,6,88,89.69
5,64,4.3,1.9,1,94,68.81
14,85,6.1,7.5,4,37,63.51
20,96,6.9,6.7,4,58,89.26
17,71,7.6,1.1,3,86,92.56
11,85,8.6,3.2,1,46,64.49
17,73,6.5,3.6,1,72,82.39
11,71,6.7,6.7,3,86,72.99
3,58,8.1,9.8,1,91,59.54
13,48,5.4,6.3,4,62,62.24
4,71,8.9,2.4,3,34,50.45
20,70,6,2.2,8,69,100
15,73,5.4,9.2,4,31,62.4
11,68,6.2,4.7,6,47,63.64
20,84,6.4,7,6,73,95.65
11,97,5.7,8.7,2,63,66.5
14,65,6.3,6.5,9,37,78.84
6,48,8.9,4.8,9,64,66.8
1,46,5.6,8,1,59,37.72
15,85,8.6,3.1,6,98,100
8,79,4.7,2.8,8,97,89.67
5,62,7.2,3.3,10,94,90.82
6,76,6.1,4.9,1,37,44.14
13,63,6.5,6.8,0,69,60.26
3,85,5.5,7.9,2,82,57.4
8,80,5.8,6.8,0,36,49.32
5,92,6.1,8.8,6,34,56.85
14,44,5.4,8,9,40,60.36
20,46,6.1,4.2,10,71,92.73
10,99,7.6,1.3,1,90,90.39
9,94,6,6.9,7,68,84.25
6,91,8.1,9.2,5,53,68.33
5,61,7.3,5.9,8,88,80.65
7,43,6.5,9.6,2,43,39.99
13,63,8.1,9.1,9,43,67.42
15,43,7.1,7.1,6,38,67.44
16,45,5.1,9.2,0,48,49.66
1,66,5.3,2.3,7,83,75.56
9,55,5.6,6.2,4,82,67.43
14,83,7.4,4.2,5,54,76.44
16,83,8.2,1.7,6,31,74.37
12,84,6.9,4.2,8,98,100
11,62,7,9.1,7,70,75.47
6,43,5.3,1.6,5,71,59.87
17,87,7.9,9.3,3,36,72.1
4,65,8.6,3.5,3,32,53.39
8,80,8.8,2.2,7,88,93.42
10,81,7.9,3,2,69,71.87
15,73,6.1,9.3,7,66,85.11
2,58,9,9.1,7,46,50.14
13,86,5.4,6.6,2,95,79.81
10,46,6.8,1.1,7,39,58.82
20,76,6.2,3.6,2,95,91.22
19,55,4.3,6.7,2,45,58.65
5,67,5.8,4.1,9,90,88.55
2,98,8.3,2.6,8,39,62.08
12,70,6.8,6.1,5,97,90.28
8,56,7.4,4.2,6,74,79.02
5,89,5.1,2.8,4,65,62.54
15,84,4.1,7.9,6,57,71.37
8,77,5.6,6.8,3,71,71.37
18,87,7.9,9.2,5,32,75.74
7,84,7.6,2.1,8,50,71
4,90,4.4,4.5,10,49,66.02
17,45,5.6,3.4,7,100,95.53
7,89,6.3,9.7,0,92,62.11
1,68,4.1,4.3,10,32,55.58
5,64,7.3,2.7,6,52,68.74
7,48,6.1,5.1,0,93,63.2
2,56,7.7,1.4,8,60,65.73
17,71,6.5,4,10,54,92.09
20,67,8.2,2.8,9,43,94.52
10,63,5.4,2,10,99,98.91
17,98,5.8,9.8,9,49,86.89
13,91,4.7,6.4,1,83,80.53
12,46,5.6,7.5,5,51,59.9
10,68,8.3,5.9,7,42,66.59
11,87,5.1,9.7,1,87,72.56
8,44,8,2.9,4,93,73.65
13,96,4.3,8.5,1,89,76.51
2,49,4.6,1.2,0,35,29.63
17,67,5.5,6.5,9,75,96.8
17,82,8.6,8.8,7,37,80.94
12,47,7.2,9.5,3,95,78.26
2,95,7.2,4.8,1,30,42.76
7,96,6.5,9.1,9,56,71.45
18,69,7.2,9.2,10,51,88.6
16,58,7.4,8.1,2,52,63.22
17,83,7.1,3.9,1,39,71.63
12,50,7.3,7.8,3,98,77.16
1,68,5.6,6.4,1,69,52.95
10,56,7.3,3.4,1,78,69.68
11,83,6.9,9.7,10,79,85.54
9,82,5,3.5,9,48,78.7
15,100,7.3,8.6,7,59,88.65
14,73,5.7,6.8,0,71,69.78
18,49,5.7,6.8,1,33,59.94
3,81,6.7,5.1,0,91,62.35
4,57,5.4,7.7,6,84,71.25
3,79,6,4.6,7,78,77
3,86,5.7,7.4,3,64,63.58
3,40,8.9,4.5,5,73,60.32
10,69,5.9,8.6,6,76,77.28
7,86,4.7,6.8,7,68,68.44
2,61,4,5.7,9,32,53.46
5,55,5.2,6.5,4,84,66.52
6,47,5.6,5.4,0,83,59.32
13,100,8.2,3,7,58,93.98
1,60,5,8.9,4,51,43.32
1,100,6.5,5.8,10,83,79.49
7,43,8.7,8.2,6,44,52.51
2,70,4.6,8.6,6,80,58.08
20,43,5.1,8.6,7,37,66.45
2,57,4.6,5.1,9,90,72.79
14,83,5,6.3,4,82,82.37
19,99,7.1,7.1,8,89,100
14,92,4.3,2.3,9,95,100
17,82,7.8,5.9,4,90,93.69
19,74,6.5,5.5,4,57,80.36
20,65,8.9,7.7,8,85,100
15,56,8.6,2.7,3,31,67.59
2,76,7.6,1.6,5,62,65.18
11,77,8.9,1.1,3,57,73.35
5,86,7.3,1.6,5,78,77.71
17,44,5.4,5.8,8,53,81.35
13,59,8.7,6.8,1,60,63.48
14,90,5.6,6.1,10,51,88.49
7,82,4.5,9.2,6,60,64.03
18,45,8,2.1,10,38,81.32
17,86,4.4,3.2,9,32,76
15,78,4.2,4.9,4,66,78.52
2,89,5.7,8.2,1,72,50.07
8,79,5.3,2.4,8,41,75.71
3,79,8.9,2.4,8,36,58.78
17,94,9,9.6,0,84,87.72
17,44,8.5,8.5,4,40,62.15
14,95,7.6,1.9,7,89,100
20,57,4.8,1,7,36,79.5
1,61,7.7,7.7,5,100,65.13
1,56,7.1,5.3,10,71,71.54
6,58,9,1.3,0,55,50
3,87,7.9,8.8,1,87,62.1
18,78,6.2,8,10,69,96.87
15,66,5.3,9.6,9,64,82.24
12,95,6.5,2.9,5,39,74.44
2,45,4.1,8.7,6,59,43.82
20,93,4.7,2.3,7,90,100
11,76,5.5,7.1,6,94,81.87
20,82,7.7,7.7,4,55,85.17
9,74,7.9,1.8,8,30,64.69
11,81,8.3,5.3,9,65,90.55
12,95,8.9,2.9,8,76,100
8,50,8.5,2.8,5,31,55.35
7,79,6.5,2.1,5,51,71.14
5,83,8.9,3,4,60,65.74
5,46,7.7,6.1,7,85,69.45
14,50,6.8,5.4,3,77,67.89
14,85,5.3,7.2,5,96,85.34
10,90,6.6,6.5,4,35,61.43
18,50,6.6,2.7,5,96,93.41
6,76,4.9,7.6,7,32,57.67
6,80,7.2,8.8,7,57,65.61
17,43,5.8,5.8,10,47,77.23
7,99,7.5,1.7,6,88,89.43
1,44,4.4,2.8,2,87,57.15
7,93,5.5,1.9,4,86,81.37
11,88,5.9,7.3,8,83,85.62
16,45,5.2,5,9,98,95.16
17,41,8.3,7.2,5,61,73.98
18,99,6.9,7.6,1,52,77.88
8,82,8.3,4.5,5,87,86.02
12,94,5,6.8,6,64,83.18
11,47,4.8,3.9,6,49,68.18
5,40,6.7,8.9,3,65,52.5
9,83,5.3,9.8,9,79,77.67
17,43,6.2,6,6,35,69.88
14,76,7,6.9,9,63,84.58
2,100,5.9,8.6,3,96,74.13
20,49,4.4,2.3,9,96,100
13,40,5.5,2.7,8,77,84.21
4,88,4.3,4.8,3,31,45.68
20,61,7.3,6.9,6,52,78.9
2,83,6.9,6.5,1,47,43.1
6,75,6.6,6.5,10,30,65.3
18,96,6.6,7.9,6,33,77.72
3,96,8.5,5.1,4,52,68.17
7,85,6,3.2,6,95,81.3
11,75,7.3,3.6,4,56,75.24
16,48,7.9,8.6,2,85,79.59
16,71,8.3,2.9,8,58,92.92
3,85,6.9,7.2,8,37,62.84
8,72,8.5,7.3,0,90,69.74
16,61,8.8,4.4,4,52,70.42
4,75,7.8,1.3,8,90,83.76
6,78,4.5,9.6,3,43,43.58
13,62,7.1,5,6,30,60.33
5,83,5.1,2.2,7,97,81.73
1,59,4.9,3.2,2,93,64.8
17,74,6.8,8.9,8,70,90.19
6,41,6.1,1.2,4,44,50.34
5,95,6.3,8.9,1,100,76.77
4,40,6.9,3,0,32,39.76
3,69,7,8.6,5,38,44.46
6,49,5,6.9,1,57,47.3
2,51,4.1,6.1,8,41,52.56
10,40,4.4,9.2,4,79,62.87
3,95,7.5,8.3,0,89,64.49
16,50,4.2,7.7,5,36,61.59
19,75,4,7.6,3,74,77.39
7,63,4.1,9.6,2,83,54.75
3,42,5.6,8.5,4,78,58.48
16,55,4.2,9,10,39,75.11
11,46,5,6.9,0,80,58.42
2,95,8.3,6.3,2,67,67.32
16,59,4.5,8.6,5,83,78.73
8,55,6.8,3,6,58,69.24
17,100,5.8,3.5,3,42,78.42
17,41,7.5,1.2,8,68,83.57
5,83,5.9,4.2,1,69,60.1
8,81,4.6,4.5,0,32,42.77
9,89,7.2,9.9,5,95,86.09
10,64,8.3,3.6,2,37,51.73
4,88,7.2,6.4,2,57,53.47
4,64,8.9,1.9,8,100,93.56
1,65,7.7,8.6,1,92,60.58
2,69,8.8,2.1,9,50,67.19
15,70,7.2,8.2,4,81,76.77
13,81,4.8,2.3,10,95,100
10,52,7.7,7.1,5,84,75.2
18,93,7.8,5.5,2,31,66.62
1,56,8.2,9.5,7,40,51.92
8,64,7.9,4.1,4,92,77.5
10,45,5.3,8.1,7,44,59.74
19,99,6.2,3.7,3,38,83.15
12,77,5.8,1.1,8,36,69.71
20,97,4.1,4.8,9,74,100
7,60,6.1,9.3,2,87,64.98
19,56,5,6.7,0,33,55.79
6,56,5.6,6.8,1,63,52.84
10,68,4.2,8.5,6,30,53.02
4,71,4.3,4.9,2,52,47.57
11,60,8.5,2.8,10,40,73.16
3,68,6.1,9.9,8,33,54.61
12,59,8.6,5.4,4,34,55.22
8,68,7.1,4.2,8,64,77.17
18,47,6.2,6.5,3,81,80.11
4,41,7.8,9.6,8,50,57.23
14,81,7.3,4.2,1,47,70.56
13,58,5.9,7.5,7,78,77.3
18,92,5.8,2.5,0,63,84.72
2,87,7.4,6.8,4,61,63.56
19,77,6.8,4.2,0,51,72.29
4,40,4.7,4.1,5,43,42.75
17,83,8.3,3.9,5,48,76.64
6,100,8.6,8.8,8,82,83.97
19,47,6.7,9.7,9,97,91.61
12,51,6.7,2.8,9,35,73.99
11,52,4.1,4.9,3,31,51.33
18,54,8.1,3,8,67,85.84
14,80,6.4,8.1,9,48,81.93
3,77,8.3,2.1,0,72,54.56
16,96,4.5,5.1,9,75,100
10,98,7.8,4.1,4,33,70.96
19,100,8.9,2,4,61,95.5
14,70,5,6.8,3,44,65.16
11,87,8,4.7,6,70,85.54
15,79,4.8,4.4,6,59,76.38
16,53,4.8,3.4,3,92,86.08
7,83,8.3,6.5,9,35,66.43
13,88,5.6,8.3,1,63,62.07
8,59,5,9,6,96,77.17
8,49,8.7,8,7,79,77.42
18,45,7.2,7.7,0,75,72.91
3,77,4.5,8.1,2,64,47.28
8,67,7.7,5,10,57,77.34
18,42,4.3,9.7,8,63,72.07
3,52,5.7,7.1,1,85,56.44
5,66,4.6,2,4,89,70.5
6,41,6.2,3.3,8,91,82.02
8,86,5.7,2.1,5,74,82.36
14,95,5.5,9.1,3,38,65.87
13,72,6.7,6.3,6,81,81.62
1,40,6.7,6.8,9,64,54.82
7,42,4.6,5.9,5,90,67.71
4,65,5.9,4.9,8,97,86.45
9,97,4.3,7.2,0,46,51.49
13,91,7.6,6,2,85,78.56
7,56,7.5,1.3,8,88,81.61
14,93,5,3.4,3,41,70.05
7,68,8.6,7.9,9,55,71.96
1,59,5.7,6.8,0,97,58.54
8,57,6.8,6.9,6,66,66.99
9,77,4.9,5.3,8,82,84.39
4,53,8.4,9.3,7,46,58.49
6,80,6.4,7.3,8,43,64.88
12,62,8.5,6.9,2,76,73.86
18,55,4.2,2.6,3,80,81.63
14,43,7.3,3.2,4,39,66.68
16,88,6.6,4.6,2,95,91.64
20,40,6.4,4.7,10,62,90.15
3,40,5.7,1.3,9,41,55.25
18,44,4.9,5.6,3,86,80.59
8,78,7.2,4,10,58,86.64
2,89,6.8,2.4,2,87,71.96
17,46,5.4,6.1,3,70,68.92
14,77,6.6,2.3,2,35,63.53
10,92,6.6,1.9,10,40,80.11
6,54,9,8.4,6,93,75.93
3,83,6.9,4.5,0,40,42.35
3,94,4.8,9,0,62,47.1
4,96,8.3,1.3,8,55,81.35
5,58,6.7,3.8,5,81,65.87
15,74,7.2,6,1,91,87.36
5,91,6.3,9.7,0,83,67
7,79,8.4,7.2,10,38,72.8
14,75,6.8,6.2,6,76,88.58
10,44,7.5,6.3,4,58,66.2
14,65,8.7,3.2,3,90,89.99
12,66,7.9,9.2,8,64,76.22
11,70,6.3,7.4,8,76,82.91
20,57,8.8,5.5,6,39,78.54
17,98,7.5,5,4,99,100
6,52,7.8,9,6,34,46.54
9,57,5.6,2.6,6,93,83.96
5,47,8.9,8.3,2,72,58.3
19,75,6.7,1.6,6,43,86.77
8,68,7.6,2.9,2,67,60.45
17,92,7.6,1.3,3,92,96.79
6,67,7.1,8.4,0,95,66.64
11,60,8.3,1.1,6,43,72.14
19,69,8.6,1,7,94,100
7,83,4.4,2.2,4,34,52.73
16,90,5.8,3.6,5,35,69.65
13,63,6.2,4.3,7,68,81.25
7,80,4.7,1.6,0,93,73.78
1,90,5.7,1.5,5,70,68.09
17,85,7.1,9.6,4,44,66.68
13,40,7.9,7.7,6,44,60.98
3,82,5.7,9.9,7,78,67.41
6,58,5.5,4.4,9,89,83.53
3,72,4.4,2.9,6,87,70.82
11,94,8,3.4,0,79,78.48
9,89,9,4.8,5,54,71.18
17,74,4.8,6.7,9,85,97.92
13,86,4.3,7.3,10,44,78.63
11,73,6.8,3.6,4,32,57.23
8,100,5.5,5,5,43,62.46
13,47,8.5,8.9,7,37,67.14
6,81,7.7,6.5,0,67,56.32
3,83,4.8,8.1,4,71,58.07
15,78,7.1,1.3,0,90,81.45
13,64,7.9,8.7,8,92,86.25
8,43,5.9,2.9,6,74,69.09
17,52,6.2,1.7,10,77,92.35
2,58,4.5,4.6,7,91,75.55
16,78,5.8,6.2,10,55,91.18
5,57,8.4,4.4,3,89,64.58
14,70,5.6,8,9,45,78.73
1,93,7,4,10,33,69.42
18,85,7.1,7.2,4,56,81.49
17,48,5.9,6.3,6,65,82.95
8,83,5.9,5.4,8,96,89.55
17,78,9,4.5,0,96,92.89
17,67,5.2,9.2,4,45,66.56
8,60,6.9,7.7,9,66,75.1
10,90,5.5,5.2,2,88,73.14
5,63,5.5,4.1,2,91,67.28
3,43,7,3.3,10,50,62.95
9,97,4.3,3.9,1,61,66.94
9,64,8,3.2,8,51,79.68
1,54,5.6,5.7,9,44,55.53
1,75,7.3,4.3,7,91,76.02
16,62,4.1,2.7,10,57,90.58
20,80,4.9,3.9,7,91,100
10,89,7.4,4.5,3,41,67.79
16,89,6.4,5.7,2,82,84.31
15,87,7.8,5.7,1,81,87.33
8,88,6.8,2.9,8,45,71.76
7,49,7.7,4.7,4,96,73.55
1,79,5.3,4.6,4,92,68.04
11,54,6,3.4,3,62,70.79
11,58,4.5,2,7,78,77.04
18,81,4.2,1.7,2,97,95.18
9,98,6.5,5.8,0,50,63.87
12,55,8.3,3.9,4,75,75.4
14,79,6.1,1.4,1,51,73.79
7,45,7.9,3.8,4,31,54.03
4,99,5.6,5.1,8,64,77.91
5,69,6.1,4.8,1,52,50.03
19,87,8.3,8.2,3,60,86.56
14,100,8.2,3.8,2,32,64.36
9,56,8,5,6,40,60.27
6,96,6.9,8.5,5,36,60.96
10,44,4.1,1.7,4,38,54.86
16,96,5.2,2.6,6,77,99.56
7,56,7.2,4.9,5,66,64.79
3,48,8.1,8.2,3,99,61.59
14,69,7.4,4.9,4,36,60.34
20,100,8.1,5.6,2,95,100
4,97,5.5,2.9,5,57,65.83
9,92,4.9,6.7,6,46,71.23
18,82,8.3,8.3,10,30,83.12
17,45,8.2,3.2,8,66,93.02
15,90,5.7,1.7,4,35,72.5
9,79,4.4,8.8,5,32,52.02
18,96,8.8,7,0,74,86.22
11,89,5.3,7.4,1,46,53.02
20,41,7.3,6.8,1,42,62.7
12,89,7,3,7,49,78.59
1,54,4.6,5.8,6,69,52.25
20,90,5.3,9,2,100,88.46
11,56,7.4,1.6,2,56,59.87
12,99,8.6,9.6,8,93,95.19
11,83,4.9,1.2,0,60,69.04
7,100,4.9,6.6,6,48,61.48
11,83,5.8,7.4,5,78,82.84
17,59,7,4.3,5,86,90.31
8,93,8.9,3.1,3,67,72.72
1,77,7.4,1.7,8,94,83.23
15,75,6.2,9.3,8,31,71.54
19,61,6.4,7.5,8,61,87.18
17,52,4.1,8.7,8,85,90.08
19,94,7.8,5.7,6,32,85.65
10,61,8.3,2.4,5,78,81.69
1,97,5,2.4,1,98,74.44
17,68,5.8,5.1,5,36,73.3
18,95,4.2,2.2,7,73,100
5,42,5.3,8.1,9,36,55.1
10,53,6.9,6.7,4,98,74.85
16,52,7.1,1.4,4,62,81.62
9,40,7.4,3.1,1,91,62.85
18,81,7.1,7.1,1,38,62.24
7,88,6,9.2,9,39,68.72
20,91,7.2,9.4,6,40,86.94
13,66,7.3,3.5,1,33,56.52
19,54,5.7,5,6,76,83.06
1,74,5.2,9.6,3,31,37.46
3,87,5.9,6.7,8,58,63.57
11,50,8.9,9.4,0,93,65.02
13,96,5.9,7.3,3,34,64.08
1,91,5.5,6,10,60,66.01
16,48,5.1,8.7,4,78,77.46
9,57,6.4,1.3,0,80,60.87
15,81,5.2,9.2,8,98,100
6,44,5.3,5.9,0,37,34.77
20,41,6.5,3.3,9,98,100
4,81,4.5,1.5,5,80,70.41
14,87,5.7,6.7,7,76,88.09
1,96,5.1,7.6,6,89,77.27
11,80,6.9,7.6,4,92,87.96
3,93,8.9,8.4,9,57,75.54
16,73,5.4,7.4,6,70,78.48
2,74,4,3.8,3,54,47.87
7,41,5.3,8.4,2,33,39.76
2,40,4.1,4.5,7,74,56.47
15,62,5,7.4,9,85,94.06
3,100,6.1,5.8,5,40,53.27
5,92,8.9,2.8,3,74,74.66
3,70,8,2.6,6,58,67.62
1,74,7.8,1.5,4,100,81.86
1,74,8.4,5.6,6,40,48.97
12,72,4.1,3.7,3,37,57.39
11,83,8.1,5.2,7,46,70.68
5,68,4.5,4.6,1,30,40.28
4,94,7.3,5.1,6,84,85.65
12,48,4.4,2.4,6,91,78.9
15,47,4.4,5.1,0,80,66.84
17,81,6.2,4.8,4,42,71.48
8,62,8.4,8.6,6,100,83.01
7,80,6.3,9.8,5,52,57.87
15,99,5.9,6.2,9,92,100
8,83,8.1,4.4,6,79,77.28
6,82,7.3,6.9,0,42,45.34
1,96,7.1,7.4,0,86,64.57
3,62,7.2,7.9,9,78,74.48
8,49,5.1,6.9,7,92,71.48
19,66,4.4,1.8,10,74,100
8,54,8,5.5,4,41,53.52
19,83,8.9,9.1,0,85,81.05
17,45,5.6,7.3,6,80,76.01
7,41,8.9,6.2,0,74,60.13
17,53,5.3,2.8,9,56,83.4
11,67,6.6,7.2,8,93,88.09
8,58,6.4,3.7,4,42,58.53
15,64,4.7,8.2,7,67,75.04
20,66,5.4,3.7,9,55,86.76
17,55,7.6,5.7,0,52,64.47
11,46,6.1,2.5,9,35,67.3
12,56,6.6,2.4,2,86,76.04
7,54,4.5,9.3,5,96,64.65
18,98,6.3,9.8,3,64,75.54
4,79,6.2,8.8,4,63,63.43
15,67,5.7,2.6,2,68,73.9
20,65,6.6,4,1,82,86.28
3,70,5.9,5.2,3,77,63.53
5,80,6.8,3.9,10,88,83.31
11,40,7.1,4.2,7,63,73.62
17,42,6.4,4.8,8,88,91.89
4,54,6.7,3.2,2,88,63.17
16,74,7.9,2.8,9,66,95.87
5,98,5.3,2.1,8,98,88.48
1,82,4.9,4.3,3,69,53.07
14,84,8.1,3.8,1,63,70.5
19,81,4.5,6.9,4,89,96.02
19,81,7.3,9,10,51,94.85
17,92,7.3,9.5,5,96,94.16
18,97,7.6,7.1,2,88,92.57
5,96,6.2,5.4,1,71,62.76
17,61,5,8.5,0,42,57.22
10,57,6.4,9.2,4,31,53.88
1,82,5,8.1,8,50,53.5
2,95,6,8.5,9,79,74.76
10,42,4.8,6.1,7,83,70.78
5,92,6.1,3.9,7,46,68.02
6,55,6.8,4.5,6,52,66.3
2,40,6.8,4.3,8,33,49.69
4,95,6.6,6,0,30,46.06
1,40,5.7,2.8,8,49,53.29
13,95,6.6,5.3,2,49,64.48
7,40,6.3,1.6,8,38,64.06
14,76,7.7,9.5,3,89,80.48
13,50,4.6,3.4,5,38,66.03
18,43,6.2,8.5,10,46,76.54
5,79,7.3,8.5,9,69,79.1
5,82,6.8,2.9,8,60,72.54
6,85,8.4,2.8,9,99,96.78
9,79,5.6,6.5,0,48,55.92
8,100,5.2,4.3,8,94,92.32
5,97,6.6,3,6,57,74.44
20,46,8.4,1.7,9,33,81.08
18,71,5.8,1.2,10,49,93.15
3,57,7.6,6.4,0,68,43.44
15,76,5.6,6.9,10,35,73.57
20,89,8.6,6.5,1,65,82.21
9,99,6.7,8.3,8,45,73.27
6,72,5.4,8,4,98,76.34
9,77,5.3,8.6,9,52,70.16
18,98,7.9,9.7,5,99,100
16,82,4.9,1.2,0,32,60.25
1,45,6.8,5.5,3,71,49.77
5,82,8.5,2.2,5,77,82.28
14,72,4.1,7.2,4,84,82.94
1,40,4.5,7.3,8,44,40.33
7,64,8.3,3.5,2,67,65.61
10,90,6.4,1.3,2,74,73.27
2,65,8.5,5,2,69,58.78
14,43,7.1,4.2,7,92,93.04
10,74,6.4,3.6,6,61,80.61
2,100,7.4,2.9,7,46,69.81
20,41,8.7,1.9,10,37,80.03
14,55,5.3,5.1,10,40,74.07
9,96,7.9,1.4,2,50,66.32
11,89,8.3,5.3,5,88,86.6
14,75,7.9,7.8,8,91,93.97
15,63,7.6,4.1,5,95,91.23
11,100,5.9,5.9,0,84,79.43
9,72,6.4,2.5,6,69,81.98
17,70,4.6,1.4,0,52,66.04
9,65,7.2,4.1,3,60,62.32
20,72,5.7,6.3,10,95,100
15,40,5.4,2.1,4,77,70.9
13,53,7.8,5.3,6,72,80.6
3,73,4.5,4.5,1,55,48.27
15,94,8.4,6.9,5,71,89.35
6,51,6.9,9.5,10,54,61.08
5,58,4.4,7,7,89,73.91
3,73,4,2,6,86,75.52
15,58,8.7,2.7,0,63,70.49
1,95,7,4,2,86,63.64
9,54,7.4,6.2,4,90,71.51
20,53,8.8,3.8,7,79,99.38
17,74,6.9,7.4,6,40,72.77
3,84,8.6,7,7,79,73.51
11,73,7.4,5.9,3,40,63.8
14,80,5.6,7.5,7,34,70.9
1,95,5.6,7,2,83,56.81
11,84,8.2,3.7,2,98,90.27
10,99,5.7,4.3,7,84,92.17
12,76,8.4,1.8,2,83,83.07
8,42,6.5,3.2,3,43,54.28
8,62,6.9,3.8,2,60,63.56
9,60,6.9,2.6,2,77,71.7
2,87,4.9,4.1,7,39,62.53
13,51,8.1,5.2,3,72,67.4
10,78,4.6,8.4,3,47,56.97
2,49,5,5.2,10,34,47.21
3,42,8.8,1,10,92,82.01
10,57,5,3.5,6,30,53.13
13,53,5.2,4.3,4,39,61.61
6,77,8,7,7,34,63.59
11,49,4.5,7.5,1,64,56.59
8,100,5.8,8.9,7,46,70.66
13,99,6.5,1.4,10,69,100
6,64,4.3,9,2,61,47.97
16,49,8.4,3.3,5,76,88.06
8,42,7.8,9.1,1,58,49.51
1,57,5.8,5.8,9,47,55.19
6,52,5.3,5.6,0,77,52.59
8,54,5.7,9.6,6,60,60.05
19,75,4.3,7.9,8,63,91.91
20,76,7.9,3.7,6,35,76.51
12,85,5.8,7.4,3,55,72.3
1,69,7.1,7.6,2,81,58.03
1,76,7.4,1.1,4,88,76.89
12,41,4.5,8.3,0,72,53.1
13,62,7.9,5.6,9,34,74.03
11,74,8.7,8.8,7,47,66.81
6,58,4.9,3.3,0,37,39.67
3,76,4.5,1.3,6,90,80.86
4,87,8.2,4.4,3,73,70.09
3,94,5.5,7.5,0,49,47.27
4,48,8.1,2.9,8,82,77.37
4,57,4,7.9,10,66,70.71
10,48,4.7,7.6,2,51,47.29
1,49,5.2,2.2,0,31,24.52
7,48,6.2,9.4,2,99,66.45
6,56,7.3,4,10,92,87.37
8,61,5.2,2.5,5,78,68.59
16,66,4.9,3.5,8,65,85.37
16,91,5.9,1.5,8,88,100
12,53,5.9,9.1,0,100,65.5
15,42,7,4.5,3,78,69.36
16,100,4.9,2.1,5,84,97.02
6,66,4.3,7.7,3,84,59.4
5,58,5.6,6.4,8,90,78.41
15,52,6.7,7.7,4,54,71.6
5,44,5.4,2.5,2,51,43.51
6,100,6.7,3,8,40,69
11,51,7.6,3,9,33,66.99
16,83,4.1,6.2,4,35,70.8
4,57,5.5,2.5,5,50,51.58
5,56,8.1,4.5,10,33,62.19
19,54,6.9,3,10,74,93.3
14,98,4.8,9.7,3,55,71.87
15,57,4.6,9.3,5,100,87.8
8,53,7.6,5,10,76,85.22
3,86,8.5,9.3,0,73,53.01
2,77,7.2,3.4,8,91,79.83
12,43,6.5,9.9,5,91,69.6
6,87,7.5,2.7,0,91,67.5
14,95,8.4,6,9,68,95.87
10,65,7.4,3.6,10,74,84.15
20,46,5.3,3.2,5,78,91.29
2,75,7.2,4.4,2,47,48.69
1,87,4.9,8.4,10,77,77.16
9,97,7.1,8.2,10,37,79.58
12,62,7.7,2.6,4,39,60.25
14,68,6.1,6.8,0,63,69.12
11,76,6,5.4,3,55,64.99
9,50,8.2,8.6,5,55,65.98
5,41,6.2,3.4,3,47,52.93
3,58,8.9,3.7,0,56,48.12
12,49,8.4,7.4,3,45,52.05
3,61,7.4,9.4,8,61,63.04
1,79,8.6,7.6,3,39,49.14
6,50,9,2.5,6,65,70.04
10,68,6.7,1.6,7,78,82.53
6,72,6.1,9.4,3,34,44.72
1,69,6.6,7.6,1,34,30.18
10,93,8.8,5.7,0,77,72.61
10,100,4.6,2,8,91,95.21
19,81,4.1,3.5,9,38,89.09
2,68,4.8,2.7,1,67,57.07
6,41,5.4,6.4,0,83,50
9,45,4.7,1.5,0,65,57.11
7,44,4.1,4.1,0,57,40.18
17,72,6.3,3.8,6,83,87.85
14,68,8.8,4.2,1,64,67.55
17,54,5.7,1.6,6,32,71.04
4,57,7.6,9.4,7,36,51.99
3,61,7.9,5.9,1,43,48.31
4,47,4.4,7.4,2,90,60.18
9,53,7.8,6.5,4,44,50.44
4,81,8.3,9.7,0,62,56.76
16,51,8.7,4.1,1,34,58.85
16,97,4.4,2.3,7,48,83.69
2,74,7.2,3.8,2,68,63.06
18,73,6.2,8.1,9,84,100
5,60,7.8,3.1,3,82,62.63
1,99,8.7,7.6,9,60,76.28
19,46,8.7,7.3,4,37,61.05
20,79,7.4,2,9,87,100
4,90,6.9,7,10,53,73.18
15,94,8.5,7.6,5,62,85.87
12,56,7.2,3.7,5,35,57.72
14,56,7.2,5.3,8,85,91.44
13,93,6.2,3.5,1,40,59.34
3,100,7.8,6.1,2,89,68.54
9,52,4.1,4.8,7,93,80.63
8,82,5.9,5.1,1,31,49
17,84,8.5,3.3,0,94,92.32
8,80,5.8,7.4,3,54,62.67
4,62,6.3,2.6,8,53,67.32
14,64,4.4,7.4,10,50,71.07
15,92,8.9,2.4,5,44,84.53
13,81,8.2,4.6,10,83,100
14,89,4.6,1.8,0,100,84.22
8,79,4.1,6.1,10,91,87.66
16,53,7.8,1.2,8,83,92.95
7,53,8.1,6.4,5,35,50.76
13,81,9,4.9,5,75,80.89
1,81,4.2,8.5,0,36,33.27
2,66,7.1,2.7,0,94,66.87
12,63,8.5,9.4,4,39,59.97
10,89,4.3,2.1,3,83,74.9
2,63,4.1,2.6,10,35,56.35
3,77,4.6,6.7,1,69,53.71
18,53,6.1,5.7,9,31,70.91
3,68,6.2,6.1,1,45,46.24
14,68,5.7,1.2,10,35,76.99
16,61,7.2,2.8,1,72,79.91
12,81,8.7,8.7,2,71,67.42
18,55,8.1,4.5,3,37,63.92
16,58,6.8,5,5,80,84.32
12,94,5,8.2,1,70,66.48
16,58,5,9.4,7,30,62.72
6,43,6.3,1.4,0,56,48.22
3,94,4,1,10,48,76.63
1,72,4.8,3.2,1,81,50.78
20,41,6.9,4.1,8,98,100
12,47,8.4,4.6,9,32,67.81
13,56,5.6,9.1,0,65,53.8
19,58,7.7,7.4,6,39,72.85
5,48,7.4,9.9,7,46,51.46
1,61,5.3,6.8,0,51,39.4
1,87,8.2,5.7,4,82,67.26
11,77,4.7,1.8,8,70,83.79
17,91,6,3.3,9,57,98.95
19,68,8.9,4.2,9,38,87.37
6,54,6.7,6,6,40,57.16
10,59,5.3,7.6,3,86,74.36
13,89,7.2,1.3,0,95,85.04
11,54,7.9,5.2,4,86,76.19
7,46,6.6,3,4,53,59.45
1,40,4.8,9.4,2,92,49.51
11,50,8.2,3.7,10,40,70.95
6,47,7.8,4.8,6,30,54.36
20,66,4.2,1.2,6,70,91.61
20,68,6.5,2.4,4,46,82.42
14,63,6.8,7.8,3,72,69.52
2,80,7.3,7.5,10,73,69.67
8,96,6.9,4.6,8,55,82.24
13,100,9,6.4,0,96,82.74
9,58,7,4.5,0,47,51.96
13,90,5.7,3,10,58,95.43
12,82,8.7,1.2,0,89,88.04
4,79,4.2,3.6,8,93,82.19
1,44,5.8,5.6,10,58,64
8,99,9,8.3,1,52,63.52
5,78,9,7.7,5,64,69.74
17,53,5,5.5,8,43,71.7
16,88,8.5,3.8,5,33,76.09
10,54,6.6,2.2,3,75,74.73
2,81,7.6,1.5,8,84,81.44
11,61,4,8,3,70,62.96
13,85,4.3,3,7,56,77.32
13,44,5.3,9.7,7,65,63.57
12,88,8.1,8.5,3,49,68.81
14,66,7.5,6.8,8,50,82.83
9,81,5.2,3.7,5,39,62.21
6,84,6.2,4.3,7,90,80.98
13,44,5.3,9.2,0,40,43.57
9,89,4.4,4.4,0,37,46.17
19,49,5.6,7.1,3,72,80.9
14,93,4.6,5.7,10,90,100
13,61,5.3,2.2,4,90,86.85
10,62,4.6,2.7,4,30,57.47
18,81,7.9,4.8,5,85,100
6,76,5.1,7,7,76,71.58
15,63,7.8,4.1,4,31,61.52
10,77,7.2,5.6,9,61,82.75
12,79,5.8,3.1,10,68,92.35
6,51,7.4,8.7,4,86,59.53
9,96,5.3,8.8,5,94,88.18
7,79,7.3,7.9,0,38,51.65
15,64,7.9,8.9,2,87,73.03
8,72,6.7,9.1,2,96,71.15
12,89,7.4,3.1,10,64,90.33
5,92,6.9,7.2,7,60,71.57
10,57,8.4,2.6,4,37,56.2
9,92,8.4,7.9,4,84,81.27
13,84,7.6,6.7,8,35,74.99
15,65,5,9.1,4,52,65.1
10,68,8,1.9,5,87,86.1
7,70,7.9,5.8,5,82,70.95
13,50,4.3,5.4,6,90,85.1
8,87,6.6,5.5,1,67,59.41
7,97,4.4,7.2,1,80,66.13
4,67,4.8,7.7,10,80,76.22
18,73,7.6,6.8,6,91,100
13,51,8.7,1.7,2,53,64.33
19,80,7.1,2.1,7,81,100
18,67,6.2,9.9,7,43,72.6
15,45,7.2,5.7,9,75,86.01
5,61,6.3,4.3,2,54,57.49
5,78,6.5,9.8,0,54,44.11
3,54,7.9,3.2,5,64,56.42
10,70,8.2,8.4,1,38,49.49
11,73,9,8.7,1,44,60.57
11,45,6.2,8,0,87,65.86
14,69,6.4,4.8,10,55,89.05
4,53,4.5,8.6,4,70,49.78
7,52,6,3.7,5,71,72.25
8,63,5.2,7.2,2,41,41.99
6,61,8.7,7.3,7,71,74.42
20,44,5.5,6.3,9,75,95.29
15,70,4.2,1.9,7,30,68.86
18,82,7.6,4.3,3,53,74.61
9,91,8.6,4,5,79,88.83
7,90,6,5.2,8,95,92.84
8,67,6.5,3.1,10,68,88.45
10,86,5.5,6.2,1,33,54.24
7,88,4.7,4.7,7,54,71.21
1,64,8.1,8.1,4,47,51.13
19,58,4.7,6.5,2,39,57.21
6,57,6.2,9.6,10,73,66.89
20,82,6.4,9.1,0,56,71.51
5,95,4.6,2.2,0,57,57.51
19,79,6.5,6.3,9,35,78.81
1,89,7.3,8,5,74,70.39
16,67,4.4,6,0,79,71.78
8,42,5.6,9.7,0,30,35.89
11,83,8.9,3.4,6,96,90.33
7,47,8.1,9.1,3,60,52.47
12,71,5.3,2.7,1,45,64.53
12,57,6.9,6.6,10,46,75.27
16,78,7.7,2,6,36,79.57
3,55,5.9,1.6,10,83,76.73
19,48,4.1,8.6,5,68,75.52
7,90,6,9.1,0,39,45.75
17,40,4.5,1.7,10,57,89.88
14,41,7.1,3.6,9,68,81.54
7,81,5.3,6.5,3,46,50.32
19,66,4.2,2,3,72,79.86
1,62,5.1,8.1,5,85,62.96
10,83,8.9,6,8,99,91.84
10,78,6.5,3.4,4,100,92.3
11,60,5.8,9.9,10,81,83.8
7,50,7.6,1.3,5,87,79.7
10,46,4.4,6.8,3,77,58.77
4,80,4,5.6,9,39,62.92
13,71,6.2,1.2,10,76,91.75
17,98,8.2,7.1,6,97,100
2,56,7.5,2.7,4,48,52.38
2,90,6.6,6.9,9,48,63.44
18,93,7.2,5.4,3,99,94.23
16,41,5.1,5.2,1,49,51.59
18,90,6.8,6.1,4,96,97.02
2,69,5.3,5.1,8,39,58.36
9,41,7.6,4.1,10,45,73.86
1,60,4.3,1.6,1,61,49.19
13,44,6.5,1.3,0,65,63.18
12,59,7.6,2,2,54,67.86
17,99,4.5,8.9,9,66,95.09
6,60,5.6,3.2,9,79,74.67
12,67,4.4,3.4,2,99,79.98
3,98,8.2,6.5,10,46,68.19
5,77,5.3,5.5,6,44,53.74
10,72,8.8,2.4,0,81,76.55
5,99,7.4,8.3,2,45,53.89
14,85,6.8,5.6,10,37,75.63
3,50,7.5,3,0,45,40.04
19,92,5.9,9.8,10,79,100
8,51,5.1,7.5,3,79,61.63
4,58,5.2,3.5,2,52,52.06
1,87,6.4,7,10,37,58.5
7,72,7.4,8.7,9,31,58.99
20,63,4,7.9,4,50,71.75
3,67,6.7,4.6,5,87,70.39
3,41,7.5,5.4,7,66,65.59
4,43,8.2,4.4,1,74,56.88
19,72,7.7,7.7,1,77,79.11
3,75,5.6,4.2,5,51,58.64
9,55,7.1,2.3,1,91,68.45
18,59,4.7,8,7,51,75.99
2,82,4.8,9,9,39,57.38
15,51,5.9,8,10,61,83.36
5,42,5.6,4,7,96,77.56
8,46,5.5,9.6,6,47,55.16
8,43,5.1,9,4,38,40.51
1,47,4.6,1.6,6,68,61.56
6,45,5.4,5.2,7,94,76.66
1,94,5.9,7,9,47,66.55
16,70,4.1,6.9,6,36,70.01
19,69,6,9.4,7,96,100
6,62,6,6.3,10,69,69.93
7,62,4.1,5,6,67,67.34
13,68,4.8,5,6,54,68.67
14,72,4.1,1.4,1,43,63.31
10,71,5.6,6.9,5,53,60.31
4,44,4.7,8.6,7,31,44.63
5,48,8.8,4.3,9,58,65.59
5,53,7.8,1.8,4,59,57.26
14,97,8.9,1.7,6,90,100
10,98,8.4,6.2,0,92,75.55
20,73,8,6.2,1,44,66.86
16,74,8.5,2.2,9,37,90.06
16,47,5.6,4.3,8,81,82.3
13,59,4.7,4.6,2,68,64.96
17,74,7.6,3.6,6,56,84.47
9,69,7.2,5.5,0,96,74.33
12,81,7.5,6.6,1,93,80.39
10,57,4.2,2.4,7,63,75.78
20,56,4.8,3.8,3,86,88.25
7,65,5.9,9.6,4,69,61.09
13,90,9,5.1,1,98,89.39
14,44,6.6,7.7,7,58,68.37
15,69,5.4,4.8,8,67,84.33
5,69,8.5,7.2,3,43,53.24
17,46,5.6,5.5,4,45,68.85
11,57,7.1,8.9,5,73,72.51
20,69,7.2,1.3,7,37,84.5
15,81,4.3,3.8,10,77,94.96
7,41,9,1.6,3,43,57.06
9,46,4.8,2.5,5,52,55.36
6,76,7.1,4.2,7,46,63.22
12,63,5.7,6.8,10,50,73.71
4,71,6.3,6.7,5,85,67.46
13,59,8.6,7.8,4,57,67.62
5,72,7.7,8,0,53,43.47
9,44,4,3.6,9,81,72.4
6,64,5.7,7.4,10,43,66.33
17,69,6.1,6.6,7,59,81.74
12,42,4.3,3.1,2,45,55.78
11,64,7.6,9.9,3,52,53.83
1,67,7.6,1.4,9,79,82.29
4,83,7.6,9.8,8,96,79.11
12,48,5.1,3.3,4,39,52.46
1,91,4.2,9,2,34,38.74
13,71,6,1.3,0,82,71.68
6,46,8.2,2.1,7,70,67.14
13,70,7,2.6,9,82,89.73
17,67,5.8,1.7,4,57,76.36
6,51,4.2,8.4,4,57,44.93
2,99,6.3,2.5,2,89,69.86
20,95,5.7,5.6,3,81,93.83
10,50,6.7,4.6,1,92,73.23
16,82,8.3,5.1,3,94,96.72
17,43,4.6,1.6,3,34,62.2
6,83,8.7,2.4,3,97,79.86
6,49,5.1,5.4,0,64,45.01
17,91,4.1,6.9,10,53,86.64
18,83,7,5.9,6,34,74.39
4,99,8.7,2.5,1,80,75.58
12,60,7.2,2.2,9,61,80
19,76,6.3,2.2,4,78,87.79
13,79,8.1,7.8,4,90,88
3,43,4.7,6.5,6,76,55.15
3,77,7.7,7.8,4,55,55.86
2,50,7.1,4.7,0,72,42.25
11,66,7.9,8.5,3,87,79.19
9,65,7.3,7.9,6,31,53.74
12,95,4.4,6.3,0,81,70.97
13,86,5.2,8.8,10,81,92.66
3,88,4.6,8.3,8,73,65.89
12,78,7.6,7.1,2,39,58.39
10,100,4.7,2.3,9,48,87.43
8,74,5.3,6,5,91,83.86
13,45,6.4,4.4,7,50,65.35
9,95,8.6,4.3,8,96,100
8,67,6.2,5.5,8,57,67.91
10,43,6.6,7.6,3,90,68.8
13,94,7.2,4.2,10,53,94.86
14,73,6,6.8,0,99,84.58
16,77,5.8,4,0,33,54
5,71,9,1.1,3,82,76.26
1,57,6.4,1.1,2,34,37.15
8,68,8,3.4,10,44,71.39
16,58,6.2,2.6,9,59,87.69
5,83,6,7.5,8,65,76.04
11,56,4.8,8.4,2,61,59.41
8,100,6,6.2,8,57,74.1
10,41,7.4,2.6,8,40,68.51
20,93,5.7,5.5,10,83,100
17,41,6.9,5.6,0,98,78.37
2,56,4.1,2.9,6,52,52.27
9,89,5.5,8.5,2,91,72.96
9,48,5.9,3.1,2,91,66.43
5,46,8,10,3,48,42.24
4,65,7.1,6.2,2,86,60.41
4,45,7.5,4.6,1,84,51.5
13,51,7.9,3.7,9,71,90.77
8,52,6.9,4.8,0,73,61.62
11,94,4.7,6.2,6,69,85.12
16,44,8.9,1.8,1,57,73.83
5,82,4,2.4,9,45,69.2
3,74,5.3,4.6,5,36,53.46
7,67,6.9,7,8,73,81.29
3,64,6.3,7.6,6,76,62.32
20,100,7.8,1.7,9,78,100
14,77,6.2,1.6,2,47,65.66
9,59,6.9,6.2,5,43,62.7
8,68,7.3,7.6,3,62,67.25
10,78,4.5,4.8,6,55,65.74
15,70,7.8,7.4,4,48,66.13
4,94,4.9,3.7,10,43,74.6
19,93,6.4,9.8,1,33,70.03
9,68,5,5.1,1,34,49.14
19,99,5.8,3.1,8,71,97.29
7,55,4.8,1.9,4,70,61.4
11,45,8.8,3.9,6,55,75.43
10,54,4.3,5,1,38,50.79
13,54,8.6,2.8,5,63,76.07
3,84,5.8,3.3,3,61,65.4
17,100,8.5,3.9,1,92,99.41
18,76,8.8,7.2,2,34,66.14
18,48,6.8,6.8,4,73,81.63
2,51,8.6,9.4,5,88,58.29
18,66,6.9,7.2,1,95,90.44
14,87,4.9,9.5,9,55,76.21
10,60,5.2,4.8,1,55,52.24
17,67,4.6,3,7,67,91.15
3,67,4.5,8.4,5,64,51.74
15,83,4.1,7.8,3,78,77.81
5,71,7.5,5.4,6,77,78.41
3,51,4.5,8.1,9,68,65.83
13,79,7.8,2.3,9,84,99.07
5,94,4.3,1.8,6,51,69.31
3,79,7.8,2,6,86,79.83
15,60,7.7,9.4,6,63,75.64
9,40,8.4,9,9,48,65.24
12,55,8.4,5.1,5,71,79.72
9,65,8.2,4.9,4,59,67.59
9,43,5.1,8.9,2,78,56.79
10,62,6.2,8.4,10,37,67.32
3,56,4.6,9.4,0,75,43.33
14,83,7.7,3,5,71,83.32
17,51,4.9,9.5,2,84,72.46
7,97,8.1,3.8,5,98,93.26
12,79,6.9,8.8,7,89,87.14
17,63,6.6,4.5,10,48,81.57
9,54,6.4,4.7,6,81,71.7
16,46,4.4,8.3,6,77,80.81
11,78,7.8,4.1,3,64,78.56
2,67,7.3,5.7,5,94,74.75
5,78,5.3,4.7,0,89,66.71
17,61,5.6,6.7,1,87,78.73
20,59,8.6,1.8,9,45,88.23
3,62,5.3,7.5,0,81,50.81
13,49,5.6,2.3,5,93,81.51
10,41,8.7,4.3,10,92,91.83
15,99,8,2.8,4,89,97.62
8,43,8.8,8.1,10,86,82.45
20,71,5.6,7,0,33,59.41
12,89,8.1,9.2,9,66,81.25
6,92,8,3.1,6,43,67.25
2,57,4.6,7.7,7,36,45.03
19,49,4.7,6.3,5,41,70.57
7,79,4.1,2.6,5,35,52.34
3,59,6.2,9.1,7,52,55.19
2,85,5.7,4.3,2,60,54.97
7,84,7.1,3.3,7,74,81.48
10,60,5.9,5.9,4,47,62.68
8,52,5.1,9.5,10,99,87.92
14,61,4.3,9.3,3,67,66.25
2,75,4.7,1.8,0,45,42.66
2,65,7.3,8.1,10,63,70.76
2,52,5.8,7.7,3,67,53.79
4,71,7.4,7.7,10,54,64.98
8,99,7.8,6.7,7,44,72.97
5,93,8.9,6.6,8,50,67.53
13,82,4.1,4.9,3,51,72.56
3,73,8.6,5.2,10,96,83.63
3,82,8,1.2,0,49,58.11
8,98,6.7,3.2,6,91,95.86
5,91,8.2,8.1,7,70,72.27
12,67,5.5,6.9,1,54,56.43
15,84,4.9,4.5,9,80,92.63
1,82,4.8,5.5,4,48,44.95
3,70,7.2,6.6,4,71,55.36
2,78,7.2,6.9,9,76,77.65
5,73,8.5,6.5,9,73,75.28
3,41,5.9,7.5,3,58,40.69
17,51,6.2,9.7,5,57,75.17
10,74,7.3,8.7,4,79,72.65
20,76,7.5,3.1,8,76,100
11,87,4.9,1.7,10,44,87.81
12,83,5.6,8,8,69,82.57
5,40,6.2,1.5,1,100,69.91
15,40,8.9,7.1,2,43,60.35
15,69,5.6,6.5,2,74,77.3
20,100,9,3.2,1,33,83.53
7,51,4,3.5,0,59,49.83
5,72,7.8,1.5,2,88,69.03
11,92,8.2,3.9,5,44,69.91
7,69,4.3,1.5,9,84,88.05
7,53,7.5,8.2,2,74,53.79
13,67,6.2,5.8,9,52,73.91
6,71,5.4,2.4,3,57,57.86
19,96,7.6,6.1,10,77,100
12,65,4.8,6.2,2,71,70.75
2,77,8.5,6.1,4,39,53.76
16,63,8.6,7.8,6,55,80.53
18,98,7.5,8.4,5,83,100
17,62,6.7,9.2,7,85,88.25
12,97,7.3,7.1,7,30,69.17
18,66,8.3,9.5,0,80,75.53
19,66,8.6,8.8,1,42,64.01
1,60,7.1,8.9,5,82,59.96
1,59,8.4,4.8,6,93,73.34
2,94,7.6,1.4,4,80,73.91
1,84,8.8,4.5,8,53,67.41
2,85,5.5,4.8,7,72,64.25
6,41,7.2,2.4,5,52,52.61
8,75,4.1,6.2,10,66,75.06
13,96,8.2,9.1,6,61,79.73
4,96,8.4,5.6,4,90,80.84
11,82,4.5,7.1,5,65,70.74
18,78,5.2,9.9,5,58,81.81
8,61,6.5,6.9,9,38,62.35
12,54,8.7,9.3,10,73,79.56
18,85,6.4,7.1,1,46,75.33
19,84,4.2,5.9,7,68,94.29
15,55,7.8,2.1,4,84,82.78
14,94,4.1,5.9,1,36,57.89
1,58,7.4,7.8,9,79,70.1
4,79,7.3,9.1,4,37,43.35
12,79,6.5,8,3,63,74.28
10,62,7,3.5,1,32,52.99
6,41,7.4,9.1,1,95,55.47
14,60,5.4,1.3,7,100,95.9
11,61,4.2,4.4,1,72,69.3
4,78,4.2,2.8,5,87,76.65
1,93,8.3,8.5,9,78,79.1
1,94,7.4,1.8,10,84,88.72
4,53,7.8,8.3,2,99,61.46
18,53,5.9,6.4,5,76,82.79
6,71,6.3,1.6,6,46,68.94
14,78,8.2,2,5,79,91.7
9,78,4.1,9,8,52,67.29
4,41,4.1,7.4,5,39,42.27
1,99,7.1,8.8,5,79,69.57
11,100,7.9,2.8,4,63,86.75
18,62,8.6,6.9,3,56,74.64
19,95,6.6,7.5,9,40,85.38
18,87,6.4,7.4,7,30,71.79
17,45,7.1,7,10,41,72.11
8,54,8,6.5,10,50,67.1
4,57,5.2,3.5,10,86,73.54
15,96,7.8,1.9,7,94,100
20,66,5.2,7.7,7,35,78.54
3,52,7.4,2.5,0,94,66.74
6,96,4.3,3.5,4,60,71.8
4,78,6.5,8,8,42,58.68
9,77,5.8,2,0,67,70.18
11,79,7,1.1,10,53,86.88
6,48,5.4,1.9,0,45,44.05
8,94,7.1,1.9,7,93,96.83
7,56,4.2,9.9,0,73,51.71
16,76,4.9,7.4,10,41,79.86
8,55,8.6,5.7,3,82,69.78
6,43,4.4,8.9,2,92,58.73
18,63,9,4.6,1,41,66.17
15,40,7.2,4.8,0,95,69.98
4,92,4.7,1.1,10,78,85.93
11,82,8.1,4.5,9,46,75.82
8,96,7.6,1.4,1,43,60
9,99,7,5.9,9,71,83.27
5,92,6.8,8.6,8,66,74.16
19,99,7,4.2,10,65,100
15,49,5.8,5.2,2,37,53.18
9,90,8.2,9.9,10,43,74.51
12,66,5.2,3.3,0,63,66.4
11,46,8.4,3.7,4,83,78.71
12,71,5.5,1.6,4,70,73.47
5,85,8.4,7.8,8,80,78.21
11,95,4.1,6,3,33,55.97
3,70,8.6,3.6,1,60,60.19
4,54,7.9,7.3,9,93,76.76
17,54,7.1,5.4,7,46,78.9
15,87,4.6,4.3,2,50,66.96
6,60,8.9,9.9,0,56,51.4
7,57,7.8,2.7,7,47,61.78
15,98,4.7,5,1,91,84.39
16,43,8.7,1.5,6,60,76.82
20,98,8.6,6,10,92,100
7,54,8.8,2.4,0,97,69.06
17,52,8.8,5.1,5,99,99.27
6,66,8.7,2.4,1,97,75.78
12,96,4.5,1.5,8,74,96.28
19,85,7.4,5.6,10,41,91.76
4,91,8.8,6.6,2,45,55.07
18,55,5.4,8,0,82,69.09
7,82,8.6,7.7,5,73,70.08
10,52,4.9,6.1,7,42,63.2
15,48,7.1,3.4,9,57,78.44
5,57,7.9,8.5,0,33,37.28
3,83,7.7,7.9,3,44,49.3
8,48,5.5,3,10,96,89.86
16,88,8.8,3.8,7,94,100
19,87,4.1,5.4,2,40,75.1
6,63,6.5,8.3,9,85,83.26
3,43,4.7,8.7,9,94,73.62
6,70,7.8,10,4,76,61.18
2,68,5.9,6.2,1,75,48.8
18,53,4.4,9.4,9,89,91.45
19,62,4.5,4.7,0,43,66.45
2,43,5.9,3.7,0,48,35.93
13,43,4.6,8.8,3,42,49.04
11,93,6.4,1.8,0,32,55.02
14,88,6.7,5.2,4,60,79.67
16,81,5.2,3.4,7,41,81.83
18,57,8,4.3,1,79,77.07
2,99,4.9,2.6,1,98,68.34
14,52,8.9,5.3,2,72,76.48
3,48,7,5.7,0,56,47.06
3,43,4.8,2.4,7,33,45.57
13,90,6.3,3.7,2,74,75.78
5,76,4.8,3.5,6,73,76.6
9,71,5.9,8.3,6,41,57.19
12,97,7,8.6,3,79,78.31
12,87,8.6,9,2,56,67.16
9,67,6.1,8.8,2,51,52.48
16,64,4.4,3.7,7,31,66.71
12,88,5.7,2.5,2,67,78.23
6,84,4.2,6.4,6,63,72.68
5,63,5.4,5,0,78,53.19
16,45,7.1,9.5,10,80,82.75
7,58,8.3,8.2,9,92,88.31
8,44,4.5,1.4,5,78,73.35
8,96,8.4,6.4,2,41,55.63
11,57,8.1,3.3,1,74,63.24
9,53,8.2,5.2,0,97,69.18
18,41,6.7,5.6,5,97,92.11
12,97,5.8,5.5,3,84,81.04
9,80,6.8,4.4,9,87,92.75
16,56,4.7,7.6,2,37,58.01
10,53,5.9,2.5,7,71,75.47
9,77,8.9,9,8,71,75.17
15,73,8.3,8.9,7,53,81.57
8,43,7.8,2,8,30,60.23
13,68,6.6,8,9,63,79.9
4,94,8.8,6.4,3,50,63.9
14,70,4.4,7.4,9,49,75.35
6,53,6.2,1.9,0,48,49.73
20,90,5.8,6.5,6,54,85.58
18,94,6.4,5.1,5,56,90.26
2,76,7.6,4.4,3,32,40.9
10,91,6,8.1,1,91,71.34
19,93,8.8,3.6,10,37,92.05
16,60,6.7,1.1,9,58,84.78
17,97,7,1.4,1,88,89.08
7,96,4.2,3.2,7,33,66.37
4,73,5.3,8.5,9,37,57.33
16,91,7.5,5.3,10,43,95.35
19,90,4.7,4.1,2,92,91.45
2,45,4.2,9.7,10,86,65.64
2,40,7,5.2,1,95,52.98
12,80,7.4,8,6,39,68.21
13,46,4,9.2,3,88,62.89
16,43,8.1,1.9,2,47,61.36
4,50,7.5,6,3,35,39.92
2,47,8.6,8.5,8,38,52.18
19,52,7.9,7.5,1,30,61.07
15,67,7.1,9.1,1,35,58.94
4,58,7.1,1.7,6,59,68.15
18,49,7.7,4.3,9,78,92.28
5,98,8.8,6.3,5,94,86.43
4,67,6.2,2,7,32,60.8
5,92,5.6,8.7,9,79,77.71
2,50,7.5,9.3,2,40,39.73
5,98,5.6,8.2,10,97,85.92
15,100,5.7,8.5,5,30,74.63
6,58,4.7,3.3,2,83,60.02
12,51,5.1,6.9,10,71,77.82
15,71,8.7,8.6,3,49,62.32
1,65,4.5,2.9,10,46,54.82
4,89,6.6,5,7,65,70.26
6,51,6.6,5.4,0,93,66.41
20,43,4.2,8.5,4,85,76.85
19,98,5.9,4.5,7,85,100
13,42,7.2,9.5,9,85,88.29
10,94,7,1.6,10,35,78.38
16,47,8.9,3.7,9,71,95.31
11,80,6.5,3.4,4,82,80.63
15,85,8.7,3.2,10,87,100
7,56,4.8,5.5,9,57,68.99
6,73,8.5,5.2,3,48,63.3
6,91,6.3,4.4,5,62,73.78
18,80,5.4,5.5,4,67,89.35
10,61,7.1,6.8,3,33,54.41
5,81,4.5,3.7,6,83,73.77
19,58,5.8,9.2,8,100,94.43
7,48,8.9,3.8,5,61,61.4
13,66,6.6,2.5,2,97,85.8
14,92,5.8,5.4,5,68,85.02
5,82,4,8.1,3,100,65.31
7,54,8,5.2,6,39,60.71
3,97,5.8,5.1,0,42,52.38
3,47,8.6,4.2,8,43,58.81
5,53,4.3,3.2,4,50,52.1
4,62,6.7,8.9,6,73,57.51
3,64,5,6.4,10,76,66.77
15,92,7.7,7.8,2,45,73.8
12,44,4.2,9.4,8,41,53.39
19,94,5.3,3,0,47,73.67
8,48,7.8,7.1,5,80,70.05
5,68,7.2,6.7,8,31,60.45
17,51,5.9,2.8,2,80,82.65
14,87,5.1,6.8,1,69,68.83
2,69,5.7,8.7,8,90,77.9
9,46,5.3,9.8,2,85,62.61
10,48,7,1.3,6,62,74.87
4,58,8.7,5.6,3,94,74
3,66,6.5,7.4,2,99,68.12
11,98,5.6,1.5,8,66,92.1
9,55,6.8,6.3,7,73,69.31
17,100,6.9,8.2,2,69,80.58
20,69,8.6,6,9,99,100
10,61,5.7,3.7,10,65,77.21
1,40,4.6,6.7,9,81,57.94
16,68,6.6,8.2,5,56,74.91
2,86,5.7,7.3,8,78,71.45
5,87,6.2,2.6,3,60,65.49
8,99,8.6,8.5,0,46,58.82
12,100,5,4,10,53,92.6
12,65,7.5,5.1,7,57,71.62
12,50,5.6,5.8,7,34,55.9
4,87,8.1,1.6,5,45,64.76
7,63,6.8,4.7,4,52,54.8
3,61,6.1,3.8,3,100,69.82
18,70,4.3,9.4,3,71,80.67
20,53,5.7,7.3,8,40,81.35
12,90,8.1,5.8,2,72,76.82
16,53,7.1,8.1,3,55,70.54
14,45,7.8,1,9,48,84.81
14,82,6.7,7.5,7,67,80.08
16,70,5.7,3.8,6,86,95.62
2,84,6.9,8.8,5,34,52
13,79,7,7.2,10,46,86.81
18,60,8.8,7.6,8,72,92.14
9,58,4.4,3.6,9,60,69.95
3,45,5.6,7.8,8,70,58.02
1,50,5.9,8.6,1,96,47.58
1,85,5.2,9.8,3,51,42.96
12,87,4.6,3.9,2,48,66.11
3,67,8.1,4.6,3,37,51.81
8,91,7.1,9.6,1,67,62.8
11,57,5.5,8.8,0,30,40.12
10,90,5.7,7.1,7,92,89.07
10,47,7.2,3.6,6,74,79
17,53,4.5,3.2,2,76,72.41
8,85,6.2,1.4,7,75,84.25
17,92,5.9,8.9,7,37,73.12
11,41,6.3,9.9,6,84,65.75
13,76,7.2,4.2,8,76,93.48
14,45,8.7,4.8,9,82,88.96
7,48,5.9,9.8,7,64,65.17
9,44,4.9,3.4,10,63,70.53
14,73,5.4,8.6,5,79,74.33
1,96,4.3,6.9,2,30,44.98
16,46,5.9,3,8,45,76.29
19,80,7.2,5.3,9,42,88.51
19,91,5.1,8.6,1,98,89.9
20,48,4.5,4,1,97,89.86
15,87,5.8,4.8,0,43,63.75
17,67,7.6,7.2,5,46,69.08
5,59,7,1.8,2,96,73.03
6,72,4.5,8.2,6,85,69.44
3,71,8.7,2.8,3,40,56.64
15,97,5.4,3.2,3,71,80.68
16,83,8.8,8.2,5,73,88.71
16,67,7.3,1.6,8,46,81.76
14,80,7.9,2,3,44,72.15
16,46,7.8,3.3,3,82,77.03
3,95,7.7,9.5,4,45,51.6
11,41,4.9,3.5,0,90,62.86
19,66,8.2,9.7,7,71,88.29
10,67,7.5,3.7,4,98,80.76
17,94,8.4,9.9,3,52,71.85
5,97,5.6,3.9,8,92,94.47
9,92,4.2,8,0,57,59.57
11,44,5,7.9,6,77,64.25
14,60,7.5,6.6,6,58,75.35
9,58,6.4,5.4,3,69,59.52
11,87,5.2,8.2,10,61,79.85
3,41,6.1,8,2,87,52.33
13,63,6.1,2.4,0,83,77.19
2,95,5.2,6.5,3,78,63.58
16,69,5.3,8.6,0,62,60.25
16,97,4.6,7.9,1,96,82.7
2,97,4.1,7,4,34,49.04
8,61,7.7,5.6,7,44,68.92
16,52,7.4,9.3,0,57,54.34
1,67,6,3.5,6,76,60.71
17,99,5.3,5.6,8,93,100
20,69,6.6,5.6,4,74,92.21
16,79,7.7,4.2,9,91,100
10,95,7,5.1,9,67,87.65
20,43,8.7,6.3,2,58,74.15
19,91,5.8,1.2,10,56,100
16,82,6.6,4.6,8,84,99.52
20,76,6.6,2.3,0,59,74.47
13,100,8.1,1.5,3,36,78.26
5,56,4.5,3.5,2,35,44.61
14,63,8.2,10,3,57,64.04
19,58,7,5.3,0,61,73.04
19,66,8.3,1.6,0,99,90.21
19,50,7.8,6.3,0,68,74.53
7,73,8.8,5.9,6,38,57.53
19,68,6.1,4.4,1,55,70.64
11,65,7.8,9.9,3,45,54.94
7,99,7.3,5.6,3,68,72.91
19,95,6.9,8.8,3,38,69.67
2,42,6.6,4,0,69,39.59
1,95,4.9,1.9,10,87,80.41
13,85,5.3,9,7,61,74.52
7,59,8.1,2.3,1,67,66.28
15,47,8,6.2,7,80,81
3,88,6.4,8.9,9,67,74.61
20,51,4.5,8.3,7,47,74
9,74,7.8,1.7,5,41,71.9
11,41,7.7,5.4,9,83,80.42
8,49,5.4,1.5,4,79,73.43
20,97,6.1,6.8,10,70,99.87
13,65,4.9,1.8,5,91,81.85
14,60,8.6,5.8,6,94,90.55
7,68,6.6,7.3,7,89,74.28
15,47,4.9,6.2,9,54,79.58
20,90,4.4,4.4,7,30,82.77
16,80,4.1,2.1,10,86,100
14,89,4.8,3.5,5,53,77.02
10,100,5,7.3,0,58,63.18
16,72,7.2,1.4,4,84,96.42
11,93,6.8,7.6,1,99,81.09
10,78,7.3,5.4,4,54,70.65
1,53,7.6,2.3,6,100,79.08
13,72,6.4,6.8,3,90,79.38
16,74,5.8,8.7,5,91,90.62
13,96,5.6,1,2,63,81.79
14,58,5,9.2,1,58,53.25
6,62,8.9,4.3,4,39,50.94
14,65,5.5,3.1,5,30,64.61
11,63,8.8,6.8,7,59,70.19
19,49,7.3,4.8,2,48,72.01
9,71,6.2,1,8,49,78.56
17,43,6.4,1.6,0,48,58.59
17,89,8.2,5.8,6,64,85.95
15,81,6.9,6.4,6,91,95.47
8,88,8,7.9,3,94,76.25
7,73,6.2,4.9,8,56,71.91
13,73,6.9,5.8,5,95,84.7
15,53,6.8,7.5,8,43,76.14
13,62,4.9,2.3,5,34,63.07
20,93,7.6,6.5,7,99,100
8,86,7.2,2.2,9,96,92.44
17,56,8.6,6.4,0,55,70.57
10,51,7,8.5,9,74,71.74
13,69,4.8,7.5,6,85,78.43
3,97,4.3,4.6,7,86,82.79
18,94,6.1,5,3,91,90.72
3,78,4.2,6.9,7,63,67.63
17,100,7.9,9.1,3,57,74.68
7,84,6.4,1.4,6,50,76.67
5,64,4.6,7.4,3,49,45.18
18,84,6.4,2.7,5,43,81.52
9,89,7,6.5,6,80,77.82
5,77,5.5,4.6,5,90,71.94
15,65,8.2,6.4,5,90,92.38
13,82,7.5,3.9,0,89,76.38
10,93,5.1,6.8,5,97,90.67
1,41,6.9,8.3,8,84,62.13
19,50,7.9,9.8,10,70,92.96
11,44,8.4,6.5,4,94,80.55
8,62,7.6,5.4,4,58,67.26
11,55,9,8.6,9,80,79.45
2,71,6.5,9.3,9,86,72.93
5,50,4.7,4.9,6,40,53.01
11,99,5.2,9.5,0,48,57.15
5,69,7.9,7.7,7,83,78.79
20,70,7.8,7.2,9,61,98.14
2,97,5.6,3.3,3,100,75.8
20,83,4,9.4,8,39,75.21
2,71,5.7,1.1,0,81,60.23
20,83,4.4,4.1,8,74,100
8,95,6.9,7,2,63,63.7
12,100,6.2,2.6,2,46,65.79
18,79,5.5,7.9,3,77,84.72
15,65,6.8,2.8,0,60,68.73
11,67,6.9,6.3,0,91,65.79
14,78,5.8,1.6,6,56,80.39
4,81,7.9,8.3,8,92,79.33
17,81,4.6,5.1,3,33,68.21
19,90,7,8.5,2,38,67.8
5,74,6.2,10,8,80,68.66
19,100,5.2,8,2,100,93.58
12,49,4.4,4.2,5,79,78.3
18,99,4.9,2,1,49,79.26
2,56,7.5,5.9,8,83,68.81
20,99,6.8,5.9,4,64,96.95
20,95,5.2,9.5,6,75,99.57
15,44,7.1,2.7,7,36,71.37
12,56,6.6,3.8,7,34,63.16
13,49,5.1,8.7,0,77,58.68
1,77,7.2,3.8,10,80,84.05
12,40,8.3,2.2,10,58,85.96
2,66,6,4.4,6,85,73.54
12,41,8.9,6.6,8,76,82.06
15,67,5.6,5.8,9,57,86.68
16,76,7.5,3.2,1,69,78.45
8,69,4.8,6.1,9,35,65.17
11,95,4.8,7.2,9,79,93.91
1,77,4.6,2.2,6,64,62.84
10,51,5.3,6.9,2,40,42.82
19,43,4.7,6.8,10,47,75.7
15,52,9,9.4,1,58,67.68
8,40,7.1,9.8,3,42,50.08
12,50,5.2,5.8,0,56,51.04
7,91,5,8.9,8,86,79.52
5,91,5.8,3.9,8,80,81.88
18,42,7.7,9.6,8,35,63.12
12,98,6.8,6.9,3,99,85.35
16,93,5.9,9,1,70,72.76
18,84,7.7,9.7,7,99,97.82
2,70,6.3,9.7,4,43,47.95
17,73,8.4,2,10,44,96.89
9,67,6,9,10,73,76.68
15,45,4.2,8.8,6,76,72.57
5,98,6,4.9,8,76,79.79
11,82,5.7,8,10,81,86.88
16,67,6.2,6.4,5,35,62.81
8,57,5.4,8,2,59,57.46
18,46,8.2,2.6,6,84,98.21
17,94,5.5,6.8,8,80,93.56
13,96,4.8,5.7,6,57,82.11
18,100,4.3,4.4,3,55,76.4
12,45,7.1,1.7,3,74,71.44
4,100,6.2,1,7,94,87.91
7,59,5.5,9.8,9,54,62.8
6,54,7.8,9,1,91,64.62
3,79,7.5,8.8,8,50,66.62
12,73,6.7,7,8,64,82.43
4,53,7.2,7.8,10,93,76.94
17,68,5.5,3.5,7,54,83.92
5,76,7.1,1.9,7,74,77.01
15,71,6.9,8.3,0,79,67.33
8,87,5.4,2.3,1,41,56.6
20,60,5.3,3.8,9,46,83.23
12,99,4.6,9.6,3,69,73.44
1,44,8.8,8.6,1,87,46.04
13,56,7,2.1,4,71,73.55
8,71,7.4,4.1,2,32,46.89
12,64,7.1,3.5,10,43,76.78
10,44,5.8,5.3,3,90,69.37
17,57,4,6.6,3,64,65.01
16,72,4.3,6.6,7,44,74.45
16,81,4.5,9.6,5,43,65.99
12,46,5.4,8.7,10,75,77.2
7,74,6.4,2.9,8,34,70.45
15,51,7,4.8,1,96,74.05
9,55,8.5,5.7,1,78,69.08
10,73,4.7,5.2,2,55,61.92
1,92,7,1.3,0,69,61.88
13,57,5.3,1,0,30,49.64
1,56,5.8,7.5,10,36,51.5
17,70,5.2,1.5,2,93,91
13,55,7.6,2.2,7,53,72.77
16,54,8.2,6.5,5,37,63.78
7,49,8.6,4.5,0,72,58.39
9,69,5.2,2.9,2,51,57.91
12,56,6.9,1.5,5,56,77.72
19,69,8.4,7.9,5,42,72.07
12,91,7.1,4.9,2,83,76.68
13,92,4.3,1.2,8,88,95.14
9,96,4.1,3.8,4,61,67.19
13,58,4.5,1.6,9,41,76.41
14,63,6.1,7.5,10,50,80.95
10,96,8.1,4.9,0,82,72.15
19,82,4.9,2.7,4,56,81.7
15,78,8.6,2.7,10,70,100
10,63,8.4,6.1,2,49,56.64
16,57,8.3,3.9,9,64,91.18
15,62,6,3.8,2,95,87.95
17,83,8.4,7,6,55,84.96
14,71,6,4.1,7,37,68.57
1,45,4.8,6.6,3,58,43.44
17,71,5.8,2.9,10,63,90.65
10,58,7.7,2.9,5,66,75.35
11,88,7.9,3.6,8,97,100
8,79,6.1,5.7,3,46,56.71
12,95,5.4,1.3,3,73,85
11,51,8.8,4.2,7,55,75.17
10,90,5.9,9.5,0,85,74.51
19,80,6.8,7.4,2,62,78.1
12,70,7.9,4.7,1,32,55.83
3,42,8,8.4,2,52,46.08
5,53,6.9,9.7,1,52,37.49
14,78,6.6,2.2,2,75,85.55
4,56,8.9,9.4,6,59,59.61
14,87,9,2.1,4,63,83.28
16,46,5.7,1.3,5,45,74.06
13,71,6.7,5,8,94,99.21
3,83,4.6,4.2,9,42,59.67
14,74,5.5,2.8,2,80,75.98
12,90,5.3,6.5,0,56,59.07
13,92,7.7,7.4,1,34,64.66
11,68,4.4,5.1,2,55,62.52
4,62,5.5,4,7,90,74.74
6,80,5.9,8.9,3,72,61.73
1,83,6.9,1.1,9,98,87.63
20,45,7,4.4,7,85,94.6
19,65,6.8,6.5,3,97,97.22
19,81,4.6,9.1,9,67,92.51
15,57,5.9,2.6,10,40,80.41
1,42,4.7,1.8,5,44,44.37
11,73,7.8,9.2,7,56,70.71
7,50,8.4,1.3,8,81,80.68
14,72,6.2,9,8,77,89.6
9,53,4.3,4.5,1,37,46.96
13,62,8.3,7.8,4,62,74.87
7,90,7.1,4.6,5,67,77.71
3,41,5.7,5,1,35,37.98
2,82,7.9,5.1,9,83,75.38
18,77,7.8,5.9,9,87,100
11,95,6.6,2.8,2,54,66.57
19,57,7.8,2.5,1,51,70.36
18,67,4.2,2.3,0,95,79.78
2,83,5.4,6.9,9,44,58.53
10,87,4.5,1,0,74,64.92
3,85,5.2,3.4,10,64,78.77
20,84,6,3,6,62,88.07
6,50,8,3.7,2,70,62.11
8,84,6.9,8.8,4,73,67.02
13,40,8.2,2.1,0,98,81.89
15,58,7.5,3.5,5,60,82.65
13,73,7.3,7.8,2,87,81.43
14,72,8.3,1.2,1,100,91.73
4,50,4.8,8.1,6,79,56.44
9,96,4.8,7.9,0,92,66.18
1,78,7.8,5.2,0,85,61.25
12,95,8.6,8.5,10,70,95.04
3,70,5.7,2.9,1,86,57.2
12,97,5,5.5,7,30,70.53
2,59,8.5,3.1,7,74,70.45
6,89,5.8,5.2,7,47,61.64
4,60,5.2,3,0,55,51.34
6,61,8.8,6.2,6,64,66.75
9,98,8.5,2.7,3,38,72.38
12,45,7,5.5,9,67,84.59
10,50,4.7,6.9,3,41,47.66
7,41,7,8.5,0,56,44.75
10,84,6.8,3.2,5,78,84.85
7,94,8.1,4.4,7,41,67.61
10,66,8.4,7.4,5,40,64.14
10,60,4.8,5.6,10,47,67.51
11,83,5.1,3.8,10,71,92.67
20,68,7.8,6.1,4,82,90.12
15,69,5.6,3.2,10,58,86.63
4,82,7,1,10,79,85.03
14,58,4.4,2.8,10,39,73.46
2,49,5.5,9.8,8,56,46.15
15,96,5.7,2,3,48,77.11
1,52,7.3,6.1,4,43,47.55
12,48,5.9,6.4,6,55,69.73
14,99,5.5,5.2,2,39,63.4
13,100,8.7,7.2,4,55,77.19
14,72,7.2,7.9,9,85,93.29
10,64,6.4,8.7,2,79,67.13
14,85,5,9,1,59,61.52
5,71,7.1,6,8,47,67.91
15,40,4.9,9.5,10,91,82.73
19,64,4.4,8.7,4,42,70.97
12,47,5.5,5.1,6,45,68.15
2,90,5,3.5,5,49,57.38
14,72,8.4,8.6,8,88,94.08
13,44,5.5,1.8,0,78,65.09
12,79,4.8,8.9,2,73,73.65
15,73,7,9.2,8,72,89.91
2,67,6.8,2.7,3,66,61.04
16,87,8.2,7.6,1,40,62.4
5,70,5.1,8.5,10,47,68.27
17,80,8.1,4.3,9,72,100
4,84,7.4,6.3,2,34,47.16
5,52,4.2,2.8,5,100,69.54
8,76,6.7,7.1,1,43,53.72
8,80,7.8,6.6,7,90,91.19
8,74,8.1,5.1,2,86,74.54
15,64,8.9,9.5,2,61,67.18
18,85,5.5,2.2,6,82,96.6
10,56,7.4,8.2,6,73,71.59
7,41,8.5,2.4,0,78,60.08
10,83,7.4,8.6,10,68,88.94
20,80,4.6,5.6,7,48,79.12
19,72,4.4,2.9,0,96,84.54
7,77,4.6,3.6,1,100,69.26
3,84,8.8,4.9,6,61,73.47
1,80,5.7,1,7,65,69.6
11,43,8.3,3.5,2,86,67.67
19,50,6.9,9,0,48,61.95
9,100,7.2,7.9,1,82,69.28
13,77,5.1,7.2,6,52,68.95
2,73,7.7,7.9,1,84,55.18
8,72,4.5,5.4,5,91,79.94
10,44,4.2,5.3,2,52,49.91
11,78,5.3,7.5,2,76,74.83
18,53,6.6,1.8,6,59,80.95
17,44,9,2.1,4,65,82.57
14,92,6.5,8.3,1,54,63.35
20,43,8,1.9,0,52,73.23
4,100,5.7,8,10,73,83.26
4,75,5.8,1.7,1,36,41.74
13,42,4.7,7.9,5,61,67.82
19,65,6.5,5.6,0,42,67.17
2,74,4.6,2.3,3,73,59.67
3,65,6.5,4.4,0,48,42.79
13,75,6.9,5.2,10,65,93.78
17,89,7.4,5.1,1,99,88.25
20,52,8.2,5.8,4,93,95.07
15,87,4.2,9.8,0,62,63.98
1,80,6.8,2.7,8,51,70.26
7,47,7.5,7.3,8,52,60.08
3,93,7.7,7.6,0,65,58.51
10,64,6.8,5.8,9,67,75.72
11,76,6.1,3.7,0,32,57.08
19,68,6.1,7.5,9,58,85.28
12,40,4.3,1.9,5,41,60.66
7,80,4.2,1.2,6,79,73.99
1,64,7.5,2,10,81,79.58
9,94,6.1,8.2,8,47,76.07
1,99,7,5.4,8,69,77.67
3,72,4.5,4.5,6,47,52.12
9,56,8.5,1.5,5,86,77.31
10,71,7.8,2.5,3,82,83.25
13,49,4.1,9.7,1,82,56.06
9,77,7.4,3.7,1,91,79.36
6,95,5,9,0,38,44.22
13,67,8.9,5.7,6,61,82.64
5,46,7.5,8.1,8,57,64.41
17,100,5.3,7.5,10,36,89.44
10,70,4.2,8.8,5,88,70
6,93,6.1,4.5,5,79,81.95
9,46,7.4,3.8,6,83,75.97
11,69,7.9,9.5,1,45,49.61
16,41,4.5,7.2,0,73,63.16
19,52,7.8,6.1,7,53,85.01
14,51,5.8,8.8,2,74,65.44
3,62,4.1,7.4,3,54,43.89
20,91,7.1,6.8,8,36,90.56
14,44,6.5,7.1,10,96,95.99
7,88,4.1,3.3,4,48,58.05
20,95,7.3,5.5,5,57,86.38
4,84,7.4,1.6,3,58,68.89
18,76,8.1,1.1,0,65,74.71
8,71,8.7,8.9,5,100,80
19,82,8.2,2,4,35,84.15
14,61,7.7,2.3,5,87,89.57
2,83,7.7,8.2,0,71,54.52
5,83,8.6,7.6,9,30,60.02
7,65,7,1.6,9,44,71.15
7,89,6.6,8.9,8,99,85.22
5,66,6.9,9.5,1,82,60.19
13,68,7.4,5.3,1,88,82.49
15,60,4.9,4.7,10,68,93.08
6,84,5.9,1.9,4,99,85.17
15,99,6.7,7.6,10,63,90.05
5,56,5.6,2.5,7,90,71.55
2,90,6.7,9.8,5,73,58.43
14,50,5.3,8.6,8,40,65.38
18,74,7.3,9.2,7,96,100
12,95,4.1,3,9,44,86.11
7,73,6.3,4.9,4,40,53.8
6,41,4.5,3.5,9,98,84.45
7,75,8.9,7.7,8,39,70.66
10,41,5.5,2.6,7,98,83.1
7,90,5.8,5,2,57,61.09
6,70,8.6,3.1,8,31,60.62
11,89,5.5,4.6,8,66,88.39
8,88,4.9,1.6,0,71,64.23
20,64,6.8,1.9,7,54,83.95
16,76,8.7,6.2,1,94,91.18
9,65,6.2,1.6,0,77,61.81
2,53,7.6,4.2,2,70,53.36
13,48,4.3,9.8,10,34,58.17
1,62,6.3,9.2,9,73,62.84
1,91,4.3,3.3,4,39,48.64
13,83,5.2,9.5,5,87,87.54
16,63,6.2,8.2,2,32,52.16
15,60,6.7,2.6,8,57,84.11
1,60,5,1.3,3,91,66.71
1,100,7.3,2.7,10,57,73.19
9,73,8.9,2.7,2,59,69.51
16,98,5.8,5.4,9,64,100
13,95,6.7,2.8,2,65,74.29
10,72,5.4,4.8,8,95,95.95
2,96,6.4,4.2,10,66,78.13
12,73,5.7,7.7,8,77,82.52
10,63,4.4,7.3,2,65,54.78
19,55,5.3,5.8,2,76,72.7
12,49,4.9,5.7,3,71,60.72
18,69,6.4,4.5,4,38,68.71
18,97,6.4,5.4,4,86,100
7,77,6.2,7.5,0,54,46.1
18,68,8.3,10,2,93,85.4
19,100,6.1,1.5,6,99,100
17,82,5.9,7,4,52,81.1
11,83,7.5,7,5,90,86.67
10,65,4.9,8.4,6,56,61.47
14,61,4.5,7.5,5,44,60.9
3,48,4.3,9,10,59,60.81
5,80,7.1,6.8,7,36,59.4
14,82,6.5,3.8,1,62,71.74
14,91,4.3,8.1,7,31,72.21
12,76,5.2,4.7,0,43,61.69
11,63,7.5,2.5,6,69,74.48
5,56,9,9.6,5,72,58.35
20,63,7.6,6.1,3,70,78.75
18,55,4.7,9.5,2,50,64.87
15,85,4.6,2.9,1,94,80.77
5,45,7.7,6.4,0,34,37.83
18,56,6.2,7.2,5,76,82
16,55,5.5,6.8,2,53,59.9
20,44,4.9,9.9,1,100,82.68
8,66,6,8.3,4,96,71.59
19,72,7.2,5.7,6,96,100
16,53,4.7,9.8,7,70,76.62
11,67,4.7,2,10,54,80.08
5,56,8.6,4.5,9,97,83.24
19,74,8.9,7.5,9,37,83.34
1,76,5.5,5.7,0,83,50.36
14,58,6,9.9,8,98,94.66
19,75,6.5,9.9,4,68,79.82
8,45,4.7,5.8,4,47,52.94
2,77,8.7,5.1,9,61,74.02
2,77,6.6,7.2,2,47,40.63
3,61,7.3,9.9,10,94,76.46
7,64,6.5,1.3,4,43,61.58
11,50,9,5.4,0,98,77.92
15,71,6.4,1.7,0,35,56.7
6,86,6.2,5.3,4,89,77.15
10,55,4.8,5.2,4,98,75.02
9,80,5.1,8,3,47,53.64
8,74,8.7,8.3,4,61,65.2
14,96,6.4,1.5,5,100,100
6,44,7.1,9,4,73,58.75
20,66,6.7,2.2,3,41,80.28
3,49,5.8,9.8,8,94,70.47
7,87,7.1,7.2,0,91,70.49
9,47,4.6,8,5,89,63.62
14,68,8.5,5.1,9,53,88.2
10,56,8.5,8.4,4,90,73.51
20,68,4.3,3.1,1,77,85.76
14,91,6.6,5.4,1,35,58.04
6,64,8,3.9,6,59,68.36
9,67,6.6,4.3,3,42,60.96
19,40,5,4.1,10,74,92.04
16,48,5.9,7.1,7,74,75.39
6,71,7.2,6.5,6,69,65.9
1,51,5.2,8,2,96,60.74
18,41,6.4,4.9,6,69,81.66
16,42,5.9,6.6,5,30,60.72
4,76,8.1,7,4,58,62.66
8,62,6.1,2.7,5,33,52.39
3,95,4.6,9.4,8,90,72.03
2,40,4.2,8.8,2,46,37.9
12,55,4.7,2.5,8,60,77.4
12,64,8.9,1.4,9,97,96.24
14,64,4.4,5,0,41,51.11
18,51,5.3,5.2,5,42,71.94
16,52,6.8,8.1,6,71,73.36
13,72,6.7,7.5,5,89,87.24
2,51,6.3,9.3,1,84,44.05
12,43,4.8,3.7,5,31,52.94
7,48,7.7,8.1,0,74,49.09
9,98,4.4,9.7,6,62,74.92
11,67,8.5,4.4,6,78,83.05
9,66,7.1,9.4,4,51,60.89
10,40,4.1,9.4,0,44,34.66
15,56,5,5.6,7,42,63.31
16,55,6.5,2.6,2,48,64.45
18,84,5.1,5.3,2,48,76.87
7,86,5.2,4,1,73,62.95
16,71,6,5.2,6,85,85.89
2,42,4.1,4.2,1,45,34.78
13,50,7.2,3.4,9,60,82.52
7,59,6.5,6.2,4,37,45.99
19,81,7.4,9.7,3,41,76.44
12,80,5.8,5.7,10,32,74.1
12,71,7.9,5.1,1,57,60.45
8,87,7.6,2.2,3,92,78.72
18,57,5.4,4.5,10,70,87.43
7,80,6.7,3.2,5,68,77.77
18,100,5.5,6.5,2,81,91.78
11,69,4.2,5.2,7,61,70.13
16,82,4.2,1.4,5,54,79.56
12,58,7.9,8.4,7,40,61.19
19,54,4.4,1.3,2,79,77.96
16,69,5.6,8.6,9,30,70.38
1,59,4.6,4.9,6,31,43.8
12,64,6,8.6,1,53,56.61
5,95,4.4,1.2,7,70,78.76
10,54,5.8,8.3,0,93,62.22
7,84,5.9,2,4,47,64.2
19,66,8.9,1.9,10,81,100
16,60,7.2,5.9,3,62,77.96
9,91,7,4.4,4,51,65.52
14,91,8.1,6.1,9,49,84.83
11,73,7.9,1.5,3,74,79.35
18,89,6.3,4.7,3,62,86.44
20,46,7.6,8.8,8,96,96
8,58,8.9,9.2,3,40,55.3
6,68,7.6,2.5,7,86,82.49
7,58,4.2,6.2,10,54,63.09
17,45,8.7,1.8,10,90,98.42
16,68,7.3,2.1,3,66,75.18
2,98,6.5,3,1,93,69.43
15,88,9,1.9,10,38,90.62
17,40,4.1,1.6,0,41,51.95
2,93,8.2,6.7,1,65,61.48
19,41,5.3,1.1,1,61,74.63
19,50,4.5,6.9,8,39,73.66
15,89,6.5,2.3,4,61,85.19
14,100,5.4,4.4,8,69,92.4
19,96,4.5,9.1,10,99,100
7,53,8.6,9.5,9,86,76.48
2,99,9,9.7,1,67,58.03
4,78,4.9,7.1,0,95,65.74
8,100,6.6,2.2,6,74,84.58
19,70,6.7,8.2,9,78,97.36
3,48,5.9,4.7,9,45,55.3
19,94,6.8,2.4,7,87,100
17,91,7.2,7.3,6,75,92.26
10,99,6.7,4.8,9,87,96.9
11,78,8.5,5.2,6,91,87.17
17,41,4.2,5.2,0,82,68.68
7,81,7.7,8,3,58,62.58
9,69,7.9,7.2,10,52,75.04
18,72,6,4,0,87,79.95
18,97,8.7,3.4,6,30,86.42
12,49,4.4,5.1,3,47,50.63
7,40,7.2,5.6,7,51,62.93
17,73,8.4,9.8,10,50,87.09
12,61,7.9,8.8,7,80,82.75
7,43,6.6,5.8,7,34,51.63
19,86,4.3,7.3,9,31,79.07
7,83,7.3,1.7,4,58,73.59
10,79,4.4,8.4,4,88,69.67
18,96,5.4,7.7,7,45,78.52
15,88,7.9,3.6,8,70,99.92
13,55,5.3,4.8,0,62,54.86
5,80,7.5,7.2,6,88,73.84
1,72,7,2.5,10,93,79.28
8,49,8.2,4.3,6,84,75.98
3,83,8.3,1.7,7,45,66.49
1,57,7.9,7.4,9,50,60.23
2,70,8,9.2,9,100,85.9
1,49,4.9,3.2,8,80,60.42
2,52,8.6,4.5,10,41,59.9
10,45,8.7,5.3,4,41,53.94
12,63,5.5,1.8,2,61,71.66
11,63,6.9,4.7,4,41,59.22
14,65,5,7.2,6,55,68.04
14,85,5.5,4.6,0,36,58.01
10,56,5,2.6,5,30,50.17
19,45,6.1,3.1,4,89,82.61
13,81,6.2,4.8,10,91,100
4,92,8.2,3.4,4,73,69.24
9,75,8.7,3.5,9,38,76.41
11,53,5.7,1.2,0,63,56.95
12,87,7.8,8.5,4,35,68.78
13,100,5,2.4,4,81,87.67
7,49,8.6,1.8,0,68,59.89
19,46,8.3,4.9,4,60,83.45
9,88,6.4,1.2,9,42,79.49
6,81,4.1,1.4,9,42,75.3
7,55,6.8,7.6,2,61,57.43
13,48,5.6,10,2,100,71.76
16,87,7.9,2,9,51,95.93
19,87,4.5,5.6,3,30,73.26
14,51,8.4,7.8,1,95,72.77
20,50,5.3,2,7,41,78.58
13,47,7.4,6.2,0,92,72.17
3,46,6.4,6.5,2,60,42.32
11,76,4.6,7.6,5,56,61.81
12,55,5.8,2.5,8,88,91.64
10,62,7.5,6.7,4,33,55.69
4,57,8,7,1,84,59.26
18,82,7,2.6,8,46,86.78
13,75,4.8,9.3,6,54,68.01
20,71,4,5.7,10,66,96.98
15,96,5.2,9.7,2,57,75.11
5,56,4.8,4.9,7,57,59.27
3,50,5.7,1.9,5,47,56.95
16,100,8.1,3.5,5,30,75.55
15,58,7.5,5,4,57,69.88
3,40,5.7,6.3,10,34,49.28
11,51,7.8,3,9,61,81.39
9,59,8.2,7,3,65,66.41
4,76,8.8,4.3,0,100,73.09
20,68,6.4,9.3,4,93,87.02
18,90,4.6,3.9,7,33,84.66
14,51,5.7,7.4,1,84,74.26
6,41,5.5,6.9,7,86,74.62
9,79,8.3,5.9,7,51,70.49
9,77,8.8,4.9,5,52,75.32
8,40,5.6,4.8,2,36,47.04
18,94,4.2,2.6,7,94,100
20,72,6.6,2.6,0,46,70
4,40,7.2,8.2,4,48,40.79
12,83,5.3,6.1,3,36,62.77
16,95,7.9,2.2,9,31,83.24
3,41,4.1,7.1,2,51,37.12
18,99,8,8.6,7,95,100
8,61,7.9,7.2,10,62,81.47
6,67,7.9,3.1,2,68,58.32
1,94,7.2,5.3,0,31,37.54
18,46,6.5,8.1,0,78,69.91
5,58,5.9,5.6,8,77,75.74
6,83,4.2,3.9,5,40,61.26
5,81,8.3,4.7,6,35,54.47
19,77,7.1,5.1,4,65,90.99
4,89,6.2,4.4,9,37,62.71
10,93,8.6,7.5,3,90,79.18
12,79,7.4,7,0,43,52.58
20,76,6.1,3.5,3,64,88.14
5,76,8.7,7.2,8,84,82.48
3,61,5.6,9.5,10,53,63.88
19,84,7.8,4.1,9,71,100
3,90,6.9,5,10,93,84.1
15,45,7,1.8,10,36,73.54
7,54,6,3,5,49,54.17
16,51,5,1.1,5,41,67.52
18,86,8.7,6.8,6,83,95.51
4,82,7.2,7,8,89,76.02
4,44,5.7,2.3,1,44,45.47
17,88,6.5,8.3,9,62,92.77
4,79,4.7,7.4,5,72,59.2
7,54,6,4.5,4,100,70.94
8,45,5.1,5.1,4,32,51.76
1,84,4.5,5.9,1,43,35.46
14,55,6.8,2.6,4,60,69.02
12,89,5.3,9.3,5,40,66.3
20,80,7.3,2.1,9,92,100
11,94,5.6,9.9,9,44,72.38
8,65,6.9,9.1,0,57,47.47
20,85,5.3,9.6,3,33,73.51
10,79,5.4,5.7,9,38,64.93
1,66,6.9,4.6,8,41,56.91
7,52,8.7,9.9,3,40,45.41
19,88,4.8,8.2,4,32,72.81
8,85,4.2,4.1,5,33,60.26
14,57,4.1,2,6,87,81.49
19,46,6.2,4.4,1,32,61.69
11,78,4.8,8.5,8,78,80
16,58,6.9,4.2,5,98,89.13
7,45,6.6,8.8,6,79,68.47
11,56,8.4,9.7,4,89,80.75
4,90,4.7,9.9,8,100,82.01
4,40,6.3,9.3,10,78,73.38
8,51,4.3,6.4,0,57,40.58
17,47,6.3,4.8,3,52,65.33
17,74,4.6,6.8,9,44,76.1
15,69,6.1,8.9,1,99,74.32
17,95,5.3,2.1,6,89,100
1,43,5.3,6.9,2,74,47.01
14,60,6.5,2.7,4,68,81.59
18,59,8,5,10,75,93.4
13,44,5.3,8.7,9,32,66.4
3,93,7.3,3.4,9,32,63.73
10,59,8.3,4.8,10,77,83.45
4,66,5.7,6,9,88,82.14
7,90,6.9,9,10,36,68.17
13,64,7.7,5.4,2,62,70.27
6,40,8.8,3.2,5,91,74.83
16,40,6,9.1,8,38,60.13
5,57,5.8,1.5,7,86,77.62
14,54,5.6,7.1,9,83,89.94
2,95,4.5,2.3,2,88,64.89
14,66,4.9,8.7,9,59,76.38
14,40,4.4,10,7,52,66.79
11,61,6.5,8.5,3,46,59.57
14,46,4.9,6.9,4,47,62.98
1,45,7.4,9.9,8,46,44.3
5,81,7.1,1.5,2,71,71.92
8,42,5.4,10,6,90,70.99
1,89,6.3,5.9,5,58,56.4
3,61,6,7.3,3,71,58.85
6,100,8.2,7.6,7,73,77.16
4,89,6.5,5.9,3,60,59.29
19,49,4.6,2.4,9,83,93.91
17,69,7.8,4.4,3,56,79.33
7,48,4.8,4.9,8,95,73.52
1,46,6.6,8.8,1,72,41.15
9,91,8.1,1.8,2,77,74.58
4,74,6.7,9.7,3,67,50.42
3,70,6.9,1.7,4,64,68.91
11,80,5.8,5.3,6,79,88.1
13,49,5.7,4.7,1,43,53.12
5,42,5.1,9.8,7,64,50.79
15,61,5.9,9.8,9,52,72.13
1,43,8.7,2.7,2,46,39.56
15,45,6,4.5,3,57,67.79
7,87,8,9.6,5,40,62.98
20,79,6.3,7.7,1,38,61.83
5,79,4.8,7.8,0,57,50.72
14,91,6.4,6.7,2,36,65.14
4,86,7.9,5.5,3,39,48.16
2,79,8.3,1.3,10,63,77.32
2,92,5.7,6.8,0,69,54.66
13,97,6.1,8.3,5,41,64.42
18,93,7,2.9,10,53,94.58
17,54,8.1,9.2,9,31,67.72
7,51,5.5,5.8,8,32,54.35
14,78,8.1,7.4,5,89,89.1
13,60,5.6,6.1,9,51,75.97
4,56,6.1,7.9,2,67,48.73
8,56,6.3,6.2,10,38,69.95
13,42,7.6,3.4,7,99,92.89
4,75,4.8,2.5,10,64,77.76
19,91,5.4,5.1,10,68,100
17,62,7.9,4.6,9,69,90.89
11,45,7.5,2.6,10,77,86.51
20,87,6.9,3.3,6,37,84.49
8,52,7.9,1.8,3,98,74.04
13,90,5.4,4.6,2,57,73.88
12,60,5.3,7.7,10,48,77.62
19,89,4.6,2.9,2,31,74.06
15,68,7.2,7,0,88,77.08
8,94,7.1,7.5,4,81,78.43
6,43,7.6,4.1,3,44,52.77
3,88,7.3,6.8,3,100,80.25
17,99,7.4,8.4,8,56,95.33
11,40,6.2,6.6,4,98,77
11,61,4.1,1.3,8,45,69.12
3,56,6.1,5.1,8,72,65.86
14,50,4.4,9.4,6,50,64.68
6,59,5.2,5.5,1,69,51.52
12,66,8.3,9.9,1,64,63.47
15,61,5,1.3,4,63,75.07
7,55,6.7,3.9,4,72,69.59
3,48,7.3,2.3,9,96,82.92
17,59,6.8,2.8,2,36,69.93
20,55,4.3,6.2,9,59,80.4
19,84,4.8,9.3,2,35,60.34
10,96,4.3,5.5,6,86,80.81
13,95,6.7,7.3,2,100,84.37
14,68,5.4,7.2,0,30,50.46
16,71,5.1,7.2,4,82,78.49
20,62,7,7.6,2,41,63.71
11,98,4.9,2.1,5,58,76.01
7,67,7.6,4.5,9,58,74.45
14,70,7.2,9.2,4,67,67.81
3,57,6.6,2.7,1,63,56.29
11,100,8.8,7.3,2,32,66.64
12,63,5.6,3,1,80,75.4
18,93,5.6,8.4,5,30,67.42
20,58,8,1.1,8,56,95.73
2,69,4.8,9.9,8,66,63.49
19,52,8.8,6.2,8,82,100
17,77,6.6,1.9,6,73,98.46
6,73,5.7,9.6,3,34,42.46
7,87,9,1.9,4,42,65.94
8,81,6.2,5.1,2,93,81.14
5,97,4.1,8.9,10,74,74.01
20,58,8,1,7,59,93.33
15,70,7.7,5.6,1,36,65.41
17,63,6.9,9.4,9,33,76.02
9,50,8.4,3.7,7,96,83.57
2,59,4.5,3.8,1,63,40.83
17,95,7.8,8.1,7,92,100
12,94,7.9,3.9,6,50,75.89
4,99,7.2,5.1,9,34,69.23
13,75,6.6,7.1,4,91,88.43
8,54,4.1,6.6,9,69,70.87
20,46,5.5,9.1,10,53,85.41
17,59,4.7,8.9,6,92,90.85
15,57,4.5,4,7,65,84.56
13,88,8.8,6,6,56,83.87
4,64,5.5,4.6,10,44,58.73
13,91,6.6,6.3,5,47,71.4
16,47,6.2,5.4,7,100,89.16
14,80,5.2,7.6,3,52,64.94
1,47,8.3,1.2,10,96,78.85
4,90,5.3,7,1,64,50.58
3,45,7.7,1.4,1,88,64.74
15,56,7.5,1.8,5,90,91.52
4,77,8.3,3.5,2,54,61.05
2,51,7.7,2.6,5,98,68.44
16,87,4,9.7,7,35,71.27
15,73,7.2,4.3,4,54,74.41
10,50,5.7,2.6,4,89,70.87
6,64,7.1,2,5,67,68.1
14,78,7.1,9.3,0,91,79.42
6,76,6.3,2.2,3,44,60.2
17,81,6.2,1.2,6,60,85.69
10,88,7.7,4.2,9,86,100
2,75,4.9,9,0,55,46.08
11,64,7.5,6.4,0,47,54.59
9,40,8.7,2.4,8,55,70.18
5,82,5.9,9.7,4,67,56.29
10,91,8.9,6.4,4,66,76.7
3,62,5.2,5.4,9,51,59.85
1,93,7.8,1.2,8,46,65.9
17,49,4.1,7.1,0,52,57.5
18,40,6.1,5.3,8,47,76.93
14,60,7.2,2.8,9,48,76.63
6,47,4.6,5.9,6,32,42.83
11,92,6.7,3,2,49,65.27
16,49,5.1,3.3,4,39,68.25
13,94,4.3,2.9,8,40,75.91
18,77,7.2,3.4,10,51,99.78
6,53,7.4,2.7,2,94,75.7
10,67,7.8,9.9,1,86,62.78
17,85,4.5,5.6,3,48,77.59
4,55,7.2,5,5,52,50.16
9,62,7.3,8.4,4,87,68.53
16,41,7.6,8.9,8,93,92.9
9,50,8.5,6.9,9,87,80.31
7,71,5.3,8.7,5,36,51.61
15,93,5.3,3,0,36,62.31
1,93,7.2,6,0,88,62.44
14,87,7.3,5.3,5,94,93.08
17,68,8.5,9.6,5,89,93.79
8,54,5.7,3,3,93,76.33
19,42,4.9,5.8,9,67,89.06
2,60,6.2,7.6,10,88,73.6
4,100,7.1,5.2,8,45,65.76
2,69,7,4.6,4,99,66.88
19,91,7.1,2.4,4,47,88.02
11,67,4.6,5,3,87,70.98
3,70,8.3,7.2,0,38,35.31
11,80,5.7,7.2,7,88,91.21
16,55,5.8,1.4,6,88,94.3
10,56,7.5,8.1,8,35,64.93
16,100,4.6,4.6,10,92,100
17,43,5.2,8.3,4,47,58.42
1,98,4,2.9,4,45,59.48
16,91,8.9,8,5,32,79.14
7,79,7.1,1.5,3,95,87.19
1,52,7.8,3.4,1,61,46.35
8,46,4.8,7.4,5,33,49.6
9,75,8.5,6.6,8,43,73.9
18,71,7.5,6.1,9,89,99.79
6,81,6.9,8.9,7,97,77.3
19,49,8.5,3.1,10,99,100
19,46,7.1,4.8,0,65,75.14
15,75,6.1,2.8,0,58,69.48
13,77,4.3,6.1,4,99,84.93
2,69,7.2,7.3,8,82,76.15
9,57,8.1,6.3,1,99,71.18
2,46,5.7,7,7,52,48.42
15,54,4.1,1.9,8,35,70.93
5,61,6.5,2.6,3,32,42.92
16,99,8.9,8.2,7,77,93.33
12,93,8.8,5.4,10,48,84.51
4,84,5.3,3.6,6,79,80.06
8,74,4.8,5.2,5,86,72.04
15,69,4.5,6.1,4,82,74.97
7,84,8.6,9.6,5,86,75.06
2,79,5.9,5.8,4,98,77.48
20,72,6.4,4.8,4,81,95.54
20,48,6.8,7.9,7,54,77.94
1,60,5.2,8.4,0,99,58.86
3,90,4.1,1.3,7,99,82.46
4,93,6.6,9.8,6,56,62.69
9,44,6.9,5.4,0,56,54.72
6,60,4.3,5.6,9,55,62.13
5,50,6.4,8.9,10,67,72.06
9,82,7.5,7.5,4,66,75.65
6,68,6.6,5.4,9,52,66.6
15,92,7.4,7.2,1,88,82.32
14,99,6,4.5,9,63,88.96
1,83,7.9,2.1,7,84,79.94
18,95,4.8,5.1,1,46,69.82
20,94,8.5,9.6,0,99,93.61
16,76,4.1,1.6,8,39,75.63
3,100,4.8,4.7,5,44,57.54
16,44,4.2,9.6,6,51,60.09
11,88,8.2,1.9,3,54,72.44
5,91,8.8,5.6,4,67,67.57
6,91,6.7,9,8,62,67.53
4,95,4.8,9,2,37,40.23
8,51,4.2,9.8,8,50,57.59
4,49,5.5,9.2,6,83,61.22
15,72,5,2.7,1,92,78.83
9,43,7.1,2.9,7,74,69.83
16,66,8.4,7.1,4,97,86.43
4,85,7,4.4,9,42,68.53
11,44,7.1,1,4,84,75.62
17,61,4.5,6.1,0,77,76.08
18,58,7.8,4.1,9,57,91.69
2,99,8.4,1.4,7,76,86.6
18,68,7.5,9.8,9,90,94.98
11,70,7.9,6.9,5,36,57.53
6,61,7.1,9,1,50,50.6
6,70,4.8,3.4,4,76,73.21
1,55,7.4,5.1,5,99,65.22
9,90,6.1,9.7,2,60,63.44
15,82,6.4,2.7,0,86,80.21
3,66,5,1,6,53,59.25
16,79,8.6,1.1,9,34,85.88
15,86,4.7,6.6,1,93,81.12
18,40,5.1,1.6,10,75,91.16
1,83,7.6,6.4,9,76,73.76
1,82,8.1,7.7,4,68,54.87
9,76,4.9,2.1,3,71,73.84
2,85,4.7,8.5,3,75,62.82
3,82,6.4,3.7,8,81,75.25
20,55,8.6,7.6,5,98,93.71
2,70,4,9.5,4,59,46.25
4,71,5.9,2.7,7,50,62.6
3,96,8.8,5.9,4,71,69.12
3,88,8.4,5,9,80,78.63
6,66,5.7,5.7,9,92,81.56
11,72,8.1,2.8,7,91,99.15
17,93,4.4,7.4,8,35,79.72
11,44,4.5,5.9,8,100,83.94
10,85,6.4,8.1,1,90,75.72
17,88,5.6,3.9,4,91,100
15,41,6,5.7,10,73,88.3
18,86,6.5,2.7,8,77,100
10,88,8.7,3.1,2,89,86.81
10,45,8.9,1.6,5,84,78.3
16,69,4.3,1.8,10,74,100
13,50,5.9,9,9,98,84.06
2,92,5.8,5.1,9,49,61.58
18,60,5.3,3.1,1,84,83.69
9,99,7.6,4.7,6,81,89.89
19,89,5,2.4,7,72,96.5
18,53,6.6,2.8,3,59,77.42
9,77,5.2,2.4,4,95,81.29
19,83,4.8,8.2,10,52,92.55
13,67,6.2,2.9,7,87,95.98
3,42,6.8,1.2,8,40,49.56
1,53,8.5,7.7,6,82,67.44
15,75,4.1,7.5,6,62,74.37
20,98,7.5,9,6,48,92.34
16,89,6.1,1,9,67,100
6,62,4.3,1.8,2,44,48.2
7,63,5,3.9,9,50,73.86
3,77,6.3,4.6,6,44,56.02
10,48,7,8.1,3,97,67
2,88,7.8,8.9,0,44,42.32
10,59,6,5.9,4,78,68.23
4,71,7.7,1.1,8,55,66.63
5,53,5.1,8.7,10,58,60.64
16,64,4.9,8.5,4,39,63.44
8,68,5.7,3.7,6,65,72.07
14,84,5.9,7.2,8,53,85.71
7,79,7.6,7.1,3,46,56.61
13,42,4.8,5.7,9,82,79.25
12,63,8.6,6.9,0,38,48.06
20,82,8,8.3,4,74,85.75
7,96,8.5,6.2,3,30,52.11
19,64,5.8,6.1,7,37,73.6
20,95,5.4,3.3,10,42,92.85
5,89,8.6,1,0,56,61.52
16,40,7.2,1.7,10,84,90.81
10,100,4.7,2.3,1,30,51.95
14,74,6.4,5.2,2,40,56.87
2,73,5.4,4.9,4,52,50.59
11,85,6.2,7.3,6,48,66.48
20,43,8.8,6.8,4,66,83.39
15,45,4.1,9.7,6,93,75.95
5,79,5.1,8.8,10,82,82.42
2,69,8.9,8.5,4,96,71.38
5,85,5.2,7.8,3,72,57.58
12,80,4.7,3.7,7,32,62.62
17,52,7.5,7.2,7,80,83.26
8,96,4.9,4.1,8,50,74.9
10,53,6.8,2.4,6,50,71.6
11,43,6.1,8.1,4,97,70.6
8,97,7.7,7.7,3,30,51.25
14,56,6.1,4.3,0,61,62.78
20,60,7.7,9.1,1,99,84.72
6,43,5.1,5.5,0,45,40.68
1,57,7.8,2.9,0,76,55.77
19,74,4.3,6.2,3,62,71.85
19,93,6,1.2,8,91,100
13,72,5.5,5.7,5,71,78.06
10,49,4.8,2.7,7,86,78.79
12,69,5.7,7.2,4,69,76.92
19,51,6.5,4.1,1,56,65.31
12,48,7.5,8.4,4,65,61.05
6,88,8.2,1.8,6,37,68.4
12,51,5,8.1,4,100,76.85
10,51,7.7,7.6,3,70,63.47
16,68,7.1,2.1,4,36,68.1
8,73,5.9,9.7,6,48,63.08
3,98,6.5,6.8,3,57,62.18
7,80,5.5,5.3,7,85,77.81
14,60,8.9,4.2,2,88,86.67
14,62,5.5,8.3,6,38,61.34
18,76,6.4,6.7,10,61,95.93
17,99,5.6,5.7,1,64,81.1
10,80,8.3,9.5,8,55,73.96
15,66,4.6,1.2,5,33,65.32
3,46,8.6,4.1,5,76,67.26
2,71,8.7,8.3,10,99,79.96
17,65,8,6.5,6,43,70.29
18,73,7,1.6,1,94,91.11
5,77,6.3,1.1,1,53,61.2
17,53,7.2,4.2,6,51,78.57
9,51,4.3,1.4,10,38,70.55
13,79,7.8,5.3,9,31,73.63
8,61,7.8,8.7,8,46,66.72
3,78,8.1,3.7,7,40,62.4
1,84,4.7,3.2,7,43,51.93
16,90,5.2,4.1,7,76,95.92
5,47,8.7,3.2,0,55,52.82
17,79,6.8,8.4,0,71,72.33
9,91,5,9.7,1,86,64.8
3,87,4.3,6.9,6,56,63.36
3,90,4.4,7.2,7,32,55.1
19,74,6.5,9.5,3,74,75.74
11,59,8.6,4.3,3,43,61.64
8,46,4.7,3.6,7,30,58.45
19,77,6.5,3.3,1,60,76.74
1,99,5.7,7.2,7,82,71.14
16,47,7.2,8.5,6,46,69.05
9,52,6,7.2,3,41,47.05
11,97,8.7,3.1,9,66,94.92
1,89,6.3,2.2,0,86,66.68
9,86,8.4,7,8,65,79.63
10,43,4.9,2.5,7,78,77.96
5,46,6.8,1.5,6,92,71.18
6,68,7,7.8,4,62,65.03
12,96,8.7,7.4,9,34,77.31
16,59,7.2,1.6,0,54,61.57
7,86,5.4,2.8,7,43,62.51
17,56,4.8,5,5,64,73.08
8,69,8.9,4,4,88,75.44
10,73,6.1,6.6,8,54,69.16
11,94,8.2,8,5,33,62.25
6,68,8.7,3.4,6,30,54.55
17,56,6.5,2,7,31,71.17
16,96,7.4,5.4,5,47,77.23
3,94,7.4,6.6,2,35,43.08
10,40,7.2,2.9,4,47,63.93
2,52,5.1,8.4,7,56,52.16
12,98,7.8,2.9,0,36,58.86
11,82,7.6,3.2,3,81,80.45
19,57,7.2,2.7,5,94,95.79
20,98,5.5,1.6,9,91,100
11,94,7.5,8.6,10,69,87.53
11,86,5.6,7.3,9,79,88.8
7,71,8.3,6.2,2,99,72.52
17,81,6.7,6.9,1,80,86.49
13,54,5.2,3.7,8,34,67.98
4,61,5.3,2,8,52,61.55
15,69,4,4.2,4,44,61.6
9,96,4.2,8.8,5,64,76.19
13,62,4.5,2.6,6,91,89.61
9,78,8.5,5.1,3,74,69.52
17,55,5.3,4.3,2,57,65.16
20,60,6.1,4,5,98,94.36
7,94,4.3,8.4,4,92,75.17
11,76,6.1,4.7,5,85,78.13
9,76,8.6,7.2,3,68,66.52
10,64,6.4,6.2,6,56,68.19
5,63,7.4,8.6,1,66,53.84
8,99,6.4,2.9,5,50,73.89
17,99,5.1,7.8,1,80,85.03
17,66,6.2,3.4,4,87,89.93
14,93,6.6,5.1,2,30,62.96
18,45,8.9,4.6,4,62,81.98
18,49,6,6.4,10,40,78.1
15,83,4.3,2,3,89,85.83
1,62,7.8,1.7,1,68,56.67
20,74,7.2,6.9,1,45,75.42
10,50,6,3.8,2,86,67.42
10,62,4.4,2.5,2,97,78.64
17,76,7.2,9.2,10,88,95.5
4,43,7.7,4.1,10,65,66.58
3,75,6.8,2,0,69,58.76
19,99,4.9,4.6,1,49,76.83
12,56,7.3,6.1,10,88,96.67
13,89,8.4,1.9,5,36,75.47
1,75,6.2,5,0,64,53.43
5,87,6.9,8.4,7,32,63
11,57,7.4,8.5,6,64,65.73
17,50,5.1,4.2,8,65,87.22
17,98,6.4,9.5,10,40,86.63
14,58,8.8,9.6,4,39,66.75
3,49,5.2,6.1,0,74,47.72
7,88,6.5,7.4,2,89,68.62
11,48,6,7.4,3,78,61.17
8,94,8.8,5.7,8,90,88.65
11,70,4.5,8.6,2,94,70.16
12,98,5.5,5.4,0,36,58.92
9,66,4.6,4.4,9,65,77.09
17,95,8.5,4.2,0,45,72.47
14,72,5.7,9.3,6,88,90.69
15,73,7,3.1,2,69,79.47
11,91,5.1,2.9,3,80,86.26
20,76,6.8,2.1,0,61,82.88
13,47,7.2,7.5,10,66,86.6
7,95,6,2.8,8,31,70.74
15,45,6.3,5.9,5,98,90.17
1,69,5.4,4.6,1,48,36.5
14,61,5.5,4.4,6,79,79.9
13,87,7.8,4.5,8,44,77.82
20,49,8,8.3,2,56,74.68
10,88,4.9,1.5,7,100,100
1,59,7.2,5,3,93,66.37
3,51,5.2,4,7,57,60.57
16,85,7.7,6.4,1,52,72.29
19,93,7.4,2.2,2,33,70.85
7,68,4.1,3.6,7,64,72.38
18,96,5.6,9.3,7,67,91.84
3,99,8.8,9.8,9,49,69.87
7,95,8.9,6.2,4,60,72.08
5,89,6.2,3,3,100,74.96
1,85,7.4,9.5,8,55,65.7
14,87,6.3,7.9,3,81,76.25
2,58,6.5,4.7,9,66,71.42
14,45,8.5,7.5,8,43,69.81
3,40,6,9.6,9,66,60.24
5,91,8.8,8.1,2,51,62.68
3,87,7.1,7.7,9,73,78.64
17,77,5.1,6.8,0,38,64.15
2,83,6.8,8.1,1,30,37.78
8,49,7.6,2.3,10,93,87.87
15,73,5.2,1.3,9,69,90.3
1,72,8.7,2.8,4,62,56.56
8,71,5.5,3.4,4,41,61.84
17,61,6.7,5.3,7,35,68.75
19,48,6.5,6.8,1,37,59.74
12,68,8.6,6.4,1,31,51.03
8,87,7,7.9,2,60,68.28
3,41,7.3,8.8,4,48,40.89
11,78,7.4,2.8,0,78,76.43
14,93,6.8,3.5,1,100,90.73
15,90,6.2,7.1,8,83,91.19
16,99,6.1,5.8,2,83,83.37
1,59,4.9,6.3,5,99,67.97
2,100,4.5,9.7,4,38,42.26
1,73,7.6,2.4,9,52,63.61
13,62,4.5,5.3,8,50,76.84
11,97,4.6,9,8,95,87.18
2,59,7,4.7,0,76,49.14
19,41,5.9,1.4,4,72,83.93
3,70,7.7,1.1,4,46,61.03
10,70,5.1,1.2,8,86,90.13
15,61,8.6,4.5,2,51,72.83
17,95,5.3,2,3,54,79.67
2,95,4.9,9.3,0,57,45.89
16,40,4.1,3.1,3,70,70.93
7,61,8,8.7,6,52,60.27
3,87,8.1,8.1,7,36,62.4
17,52,4.8,10,0,63,54.61
4,59,5.1,8.6,3,68,53.09
4,85,7.8,7.3,9,49,72.8
12,82,5.6,7.6,10,83,94.33
8,52,8.9,1.5,0,57,61.78
2,82,7.3,9.3,5,100,77.29
17,47,5.8,5.6,5,60,71.73
14,48,7,4.2,8,34,71.2
20,91,7,6.5,9,62,100
15,99,5,2.9,2,56,79.52
13,87,8.3,4.2,6,100,98.3
2,94,4.8,2.2,10,98,85.48
7,74,7.5,7.8,10,49,71.2
12,44,5.1,2.7,4,80,71.12
18,52,7.4,8.9,9,42,73.64
4,80,4.8,2,4,35,55.31
19,97,6.5,3,0,30,68.95
15,90,4.4,7.2,6,37,66.28
1,75,7.6,7.6,1,86,62.03
10,93,7,6.1,3,52,63.09
12,54,7.3,3.2,9,89,96.82
11,52,4.5,9.8,2,99,67.61
6,99,7.3,3.3,0,36,48
11,76,5,8.6,5,99,78.5
8,61,4.2,1.4,2,90,76.73
9,40,8.9,5.8,7,77,80.35
16,85,6.6,3.4,2,59,75.93
18,99,7.4,7.4,2,85,89.36
4,80,5.5,2.3,8,95,83.46
13,86,5.2,9,4,66,73.33
19,99,4.9,6.8,6,55,88.94
5,40,5.7,8.5,5,89,56.51
9,92,5.8,7.4,3,31,52.53
9,79,5.4,2,9,95,99.49
13,73,6.4,3.6,3,93,90.51
7,47,8.9,6.7,0,48,46.74
8,41,4.3,2,10,30,56.07
3,44,4.6,3.7,7,74,60.8
19,69,6.7,4.9,1,83,89.17
9,72,5.5,7.6,4,59,68.17
11,53,5.5,3.3,10,91,97.12
12,41,8,2.3,3,100,77.9
18,75,4.5,4.5,3,88,90.29
19,96,5.6,5.6,0,92,87.13
5,98,6.4,3.8,3,74,70.2
5,74,5.5,8.3,6,57,63.43
18,68,4.9,2.9,2,55,73.68
5,88,4.6,1.5,9,63,75.39
5,70,8.8,3.6,2,78,65.79
18,60,7.1,3.4,8,36,75.11
8,47,4.1,1.9,5,65,66.42
1,92,5.6,7.1,1,62,47.95
17,73,7.6,5.3,7,64,93.41
2,77,6.9,6.9,7,41,55.84
3,86,5,8.8,4,34,44.48
3,86,5.4,4.7,3,57,55.39
15,52,8,3.2,0,51,66.65
11,60,5.7,8.4,6,54,62.23
18,47,8.5,2,10,75,98.51
15,82,4.6,6,7,62,83.49
5,88,7.3,9.4,3,84,68.03
5,74,7.2,7.3,10,63,69.82
1,72,7.8,9.3,7,65,58.77
15,57,5.9,4.1,9,49,85.08
1,71,6.1,2.7,3,90,70.45
8,66,5.4,8,5,59,61.53
6,46,5.5,3.2,7,37,55.89
2,78,8.9,5.8,0,62,48.24
18,99,8.4,3,3,38,75.23
13,62,7.4,9.5,7,66,75.9
10,78,5,4.5,3,71,76.35
4,65,4.1,3.2,0,51,49.31
17,77,6.3,3.5,0,57,74.79
19,53,5.3,9.5,6,65,77.52
20,99,5,3,5,79,96.32
4,87,5.6,2.3,6,47,68.14
15,94,4.4,5.7,9,50,90.54
16,43,4.4,4.9,9,41,70.28
15,54,4.9,2.3,10,88,98.57
15,62,6.9,8.3,4,63,71.82
6,41,7.8,4.1,3,86,68.29
13,77,7.9,5.1,1,85,74.98
13,49,8,3.5,9,82,92.35
2,88,6,1.3,7,97,90.48
6,53,7.5,6.8,8,39,57.34
16,88,5,6.6,6,58,83.27
3,46,6.5,5.1,1,79,48.2
19,73,6.4,3,10,44,96.17
12,94,7.4,8.3,9,89,94.03
10,89,8.5,5.7,0,34,56.79
15,79,7.4,5.1,10,50,89.05
13,89,9,8.6,1,79,82.01
5,98,7.7,9.7,0,99,70.48
5,76,6,9.9,6,59,62.37
14,86,7.7,5.1,6,59,84.92
13,54,8.3,2.2,3,81,73.9
15,63,5.8,3.3,10,65,85.28
7,72,5.2,5.5,0,42,40.84
11,98,4.7,5.9,2,30,60.87
16,78,4.1,5.5,10,94,100
18,83,6,9.3,2,77,79.82
3,66,6.1,1.4,2,100,73.01
5,96,8.6,1.2,2,52,67.97
10,93,5.9,1.8,6,71,80.24
12,75,6.2,4.7,2,81,74.55
16,92,4.3,9.2,8,97,95.77
19,51,5,9.7,8,63,74.65
19,85,4.6,8,9,39,82.13
9,76,6.8,5,4,51,64.19
11,76,6.8,3.4,0,88,69.77
11,59,6.3,1.4,9,47,75.21
13,84,5.6,2.3,6,88,95.92
9,97,6.4,5.5,1,84,74.65
2,71,5.2,7.4,0,33,37.89
15,76,6.4,4.6,10,35,75.21
6,40,4.1,9.3,6,69,58.7
7,72,4.8,3.2,5,53,58.95
20,59,4.5,9.9,5,81,79.88
4,49,7.7,9,2,76,50.38
1,76,5.3,1.7,3,81,62.16
12,50,5.6,3.8,7,79,78.25
20,75,5.1,3.7,9,71,93.68
20,81,8.4,4.7,8,91,100
16,49,4.3,7.6,3,42,54.65
7,94,4.1,1.9,3,52,64.54
12,100,6.6,6.6,7,35,74.92
19,92,9,4.7,9,100,100
19,48,5.1,8.6,1,37,52.11
19,43,6.5,6.9,3,84,77.4
18,79,4.3,9.6,8,97,98.31
11,74,8.6,2.7,1,48,65.75
15,90,8.2,6.6,0,73,73.73
18,87,6.5,1.7,8,73,98.2
9,51,8.9,6.2,10,36,63.89
15,86,7.8,5.4,3,95,86.6
1,56,8.5,3.3,3,51,51.24
14,86,7.4,9.5,4,68,73.36
1,92,5.3,2.2,3,48,59.64
2,97,8.8,8.8,8,79,76.58
13,51,7.5,7.2,3,63,66.59
17,44,7.1,3.7,2,41,56.88
10,68,7.2,4.6,5,92,80.47
11,45,7.5,3.3,5,83,72.49
7,95,4.4,3.5,2,44,60.78
15,76,8.8,3.3,7,81,100
15,57,4.2,3.9,3,34,52.56
11,98,5.9,9.9,1,87,71.05
7,57,4.3,6.1,7,72,65.16
8,89,4.9,2.7,0,43,58.28
11,99,4.3,9.9,10,46,72.49
17,52,4.2,2.4,1,58,63.02
15,41,5.3,3.9,0,57,59.79
17,66,8.9,5.5,9,68,90.51
14,48,6.5,2.7,4,72,71.18
19,63,8.1,6.5,10,48,89.11
11,61,6.7,5.5,3,45,57.44
2,81,8.7,5.3,6,55,69.23
10,74,8.6,8.3,5,80,84.24
4,48,6.6,1.5,6,74,72.38
6,96,4.6,1.3,9,72,82.36
13,94,4.5,4.4,6,90,95.81
11,79,6.2,1.9,4,39,61.55
5,78,4.7,5.8,8,38,53.74
6,94,5.1,6.7,5,53,61.16
20,65,5.6,8.5,4,75,77.79
17,60,5.6,5.9,5,95,94.59
2,64,6.9,3.8,9,100,82.98
17,74,8.8,6.2,4,99,100
10,89,5.4,1,0,48,65.39
19,88,8.7,6.1,5,69,88.02
5,46,8.9,5.7,9,32,52.83
1,90,7.9,5.2,3,36,49.68
17,96,4.5,3.1,2,58,75.88
13,91,8.5,5,5,48,78.42
19,48,5.8,5.9,1,48,68.2
15,77,7.2,8.1,2,77,74.13
8,48,7.5,5.7,8,95,86.28
1,59,7.8,4.8,7,65,58.34
4,48,7.4,2,5,68,64.9
10,81,8.6,7.8,0,48,59.1
14,84,4.4,7.1,1,79,77.96
3,96,4,1.9,7,92,85.74
16,54,4.1,6.6,10,72,91.9
10,80,8.7,4.5,7,54,82.32
6,43,5.5,3.2,2,68,48.86
10,99,4.1,2.4,7,73,92.33
7,97,7.3,3.8,6,38,65.4
12,92,4.2,2.4,0,62,65.31
6,73,8.9,5.8,6,84,78.42
12,64,5.5,9.1,8,55,69.69
7,88,9,1.3,4,96,92.13
14,72,8.2,2.7,9,30,80.19
16,100,8.9,1.3,4,78,93.74
17,70,8.4,1.5,10,50,93.3
8,96,7.1,3.4,6,89,90.38
8,45,5.5,7.2,6,65,57.74
1,72,8,7.6,3,48,50.59
7,79,6.1,6.1,10,69,86.76
15,83,8.1,2.9,2,61,78.77
9,95,8.4,7.4,2,51,66.52
8,54,4.7,9.5,6,39,50.64
20,81,5.4,1.2,6,49,93.27
9,99,5.9,9.3,6,75,81.23
6,64,4.4,8.7,6,42,47.98
8,80,7.8,7.1,1,49,59.24
18,99,4.2,3.9,6,51,81.49
15,57,6.4,1.4,4,37,64.2
9,46,5.4,7.2,6,70,63.98
14,44,8.4,1.5,6,68,77.94
1,68,4.8,5.2,6,79,69.52
1,98,5.8,7.5,1,57,51.86
16,88,6.6,5.2,7,78,93.88
20,90,5.1,5.3,7,53,87.58
6,97,5.3,5.3,4,39,54.82
18,82,6.5,4.7,1,47,74.65
17,49,6.1,2,4,100,91.41
20,76,7,3.6,8,39,87.99
2,66,7.5,2.1,7,74,70.22
3,86,4.1,9.2,8,84,72.59
7,49,5.6,5.7,6,94,80.11
17,44,4.2,8.7,4,88,71.73
13,62,8.6,6.5,10,98,100
11,44,8.6,1.2,4,44,61.28
5,72,4.1,5.4,6,68,64.99
16,40,4.6,9.5,6,47,67.05
5,82,5.2,4.4,7,33,57.24
8,83,6.8,2.9,7,99,94.12
13,84,4.7,2.8,4,58,73.73
3,50,6.9,1.2,5,99,78.28
14,54,7.5,4.2,9,76,85.16
2,61,8.2,1.5,5,41,56.95
1,86,6,4.4,6,31,49.88
17,42,6.9,6.1,10,63,81.91
17,45,5.7,5.7,8,61,75.85
12,92,6.4,2.5,1,82,81.69
13,65,8.9,8.4,2,98,82.94
6,73,8.4,1.8,9,94,94.2
12,96,6.2,6.9,10,42,85.26
16,75,4.6,7.9,5,63,78.68
18,84,4.9,4.5,1,38,64.57
18,54,5.1,4.4,10,69,89.24
7,58,6.3,3.5,0,59,50.19
5,67,8.7,5.2,4,73,71.11
14,86,8.8,1.6,5,74,90.85
3,97,6,1,6,69,77.81
12,68,6.6,8.6,6,33,63.87
3,70,8.7,2.4,9,78,85.28
10,87,7.1,3,7,67,89.52
1,49,6.3,5.5,2,93,53.84
4,92,6.9,6.5,9,69,76.92
12,90,7.9,2.4,7,67,94.28
13,60,6.8,9.2,8,98,87.46
18,67,6.8,8.4,3,32,64.92
17,57,4.5,3.7,7,75,92.83
15,52,6.8,1.6,10,84,100
19,100,7,5.2,2,97,94.86
14,45,4.9,1.2,10,59,86.81
16,95,8.8,2.9,1,80,92.14
20,58,7.9,5.5,9,87,100
15,83,7.5,4.3,6,67,93.77
16,46,6.7,8.6,10,91,91.62
8,57,4.2,4.9,10,86,86.06
12,47,4.4,5.4,6,57,69.49
10,92,5.4,4.7,2,45,56.6
4,96,5.9,8.1,2,85,68.76
20,66,8.6,2.5,7,94,100
8,53,4.9,8.3,6,56,64.13
7,44,6.8,8.2,2,68,49.38
19,72,8.7,7.8,0,35,62.31
18,84,7.1,2.4,7,45,93.41
14,77,4.4,3.7,7,31,64.5
20,92,8.7,2.9,10,62,100
10,45,8.4,4.4,6,33,58.18
4,62,4.2,4.9,10,80,73.81
6,75,5.7,2.8,0,63,54.92
16,84,7.3,9,8,72,92.58
5,49,8.3,8.8,0,32,36.94
12,86,7.4,9.1,10,87,93.75
4,59,5.4,6.7,1,94,62.23
1,53,8.6,9.5,0,78,52.76
18,69,8.2,2.6,7,33,77.46
14,66,6.6,5.3,0,45,61.71
20,64,4.7,1.7,6,91,94.84
8,42,5.3,7.3,8,58,68.12
13,91,5.8,6.5,0,42,58.39
14,62,6.7,7.2,3,84,81.12
6,50,7.8,2.4,0,99,66.57
3,83,4.1,1.9,0,76,52.96
19,99,5.9,3.1,9,63,100
7,97,5.5,5.9,4,80,70.33
18,49,5.3,5,0,89,77.01
10,99,5,3.8,1,89,83.62
13,67,8.2,1.8,9,80,92.32
8,50,8.9,3.1,2,77,61.4
19,70,8,1.7,3,47,82.94
13,61,8.3,5.5,0,88,70.21
16,83,4.2,7.3,10,39,82.84
20,54,8.2,5.8,10,37,85.57
9,61,7.1,1.8,10,90,97.52
20,95,4.4,9.5,0,64,70.68
2,45,8.8,4.3,0,74,46.03
8,47,4.4,5.9,6,74,70.36
16,99,4.9,3.5,2,95,92.2
11,86,4.1,3.2,8,69,80.42
4,100,7.4,4.2,9,53,72.6
9,77,4.9,8.9,4,63,58.06
13,67,8.6,9.1,5,52,71.59
5,43,8.4,5.4,6,65,65.96
13,44,6.8,7.7,8,51,67.14
11,84,6.9,3.7,2,39,65.62
16,50,5.4,4.4,0,74,63.1
6,43,6.6,1.3,6,44,60.86
15,100,6.6,5.7,1,55,72
17,85,5.5,8.8,2,63,70.01
2,96,8.5,9.9,7,37,60.46
14,63,6.8,4.4,2,70,72.65
16,86,4.9,9,10,50,85.6
9,85,6.2,6.2,9,98,98.07
3,97,8.4,8.5,7,48,69.9
8,70,4.3,7.3,1,79,61.03
13,98,7.5,2.6,7,36,76.01
10,45,4.2,2.5,2,42,44.19
7,40,6.7,8.5,0,41,34.09
8,80,4.6,6.2,8,62,77.84
11,91,8.2,9.9,10,38,78.87
17,78,4.8,1.5,3,40,68.62
15,49,6.8,5.7,2,97,79.82
15,44,5.1,9.5,0,68,53.01
8,72,6.3,4.6,0,30,39.13
16,92,7.4,5.1,6,66,86.27
15,96,6.3,1.3,7,97,100
5,63,5.2,9.7,9,38,51.05
17,60,8.3,9.5,3,45,69.9
15,80,7.2,3.3,10,72,100
4,90,6.9,3.3,2,58,57.54
9,42,4.9,7.5,10,94,87.43
11,98,4.3,5.7,9,49,81.46
4,68,4.5,1,8,87,77.08
11,55,4.4,6.4,10,85,82.58
13,84,4.1,7.7,10,47,82.41
11,56,6.5,5.5,7,72,73.83
17,88,8.9,2.1,7,85,100
12,52,4.6,5.2,1,44,45.26
4,90,6.1,2,9,96,92.85
16,56,7.9,3.6,9,55,80.76
18,84,4.4,9.7,5,39,68.84
20,47,7.6,1.2,0,64,80.12
11,47,7,4.4,9,53,70.11
1,64,7.5,4.8,9,31,49.28
9,90,6.6,9.7,4,50,68.66
6,57,8.3,8.6,7,45,59.2
2,64,7.6,9.7,4,92,68.97
19,41,7.9,5.3,3,73,79.13
19,75,5,7.5,3,72,83.15
12,98,8.7,9.8,3,54,68.06
14,87,7,9.2,3,47,64.29
9,66,6.8,4.2,1,83,70.77
18,73,8,6.9,7,90,99.13
6,88,4.3,3.1,9,93,94.33
17,72,6.7,3.5,7,44,83.89
20,67,5.6,3.5,5,76,94.18
20,94,9,5.7,0,56,86.33
16,67,8.7,4.6,5,64,88.35
10,40,6.1,5.7,9,68,69.41
7,50,6.6,4.6,3,30,49.34
18,41,4.4,6.8,8,92,86.23
7,76,6.7,2.7,0,51,49.67
1,91,5.8,4.9,10,73,76.88
6,82,5,4.9,1,82,68.4
3,74,8.1,1.6,1,61,63.03
14,83,5.4,1.5,6,72,94.08
2,90,8.8,7.7,1,95,72.39
2,58,7.2,9.2,3,75,47.97
4,72,7.9,3.7,7,67,66.75
8,51,4.8,5.7,5,82,72.9
8,92,8.8,4.8,10,30,80.21
6,54,5.7,8.8,1,93,61.51
5,96,4.5,8.7,2,98,72.69
8,41,8.1,3.9,0,49,47.11
20,41,5.8,6.8,1,63,67.33
19,66,7.3,7.4,6,47,75.28
7,42,7,5.1,7,81,77.49
17,61,7.6,2.8,10,79,100
9,60,6.5,6.5,4,81,75.07
16,53,5.2,9.4,0,58,60.03
9,69,4.5,7,2,60,54.96
6,63,5.2,6.8,0,45,47.1
17,91,7.1,1.8,4,31,79.19
4,45,4.7,4.1,0,92,57.56
17,46,6.7,7.6,4,42,60.68
12,66,8.1,6.9,7,35,66.64
9,89,7.5,6.8,7,54,78.14
15,85,5.8,3.3,5,60,86.73
12,87,5.3,7.7,2,49,64.58
10,69,7.8,4.6,0,37,53.15
10,90,8.5,8,0,41,57.86
13,46,7,4.4,1,77,63.21
4,74,7.9,4.3,4,37,47.97
17,78,8,4,0,100,87.6
19,63,5.4,3.4,5,78,92.46
19,92,6.3,5.2,5,84,100
3,50,5.2,1.2,1,71,48.24
20,41,8.4,1.2,1,75,75.64
14,50,7,8.3,2,32,45.98
4,69,4.7,2.7,9,68,69.86
6,51,4.1,9.3,4,40,44.25
18,81,5.8,5.1,8,90,99.24
4,82,7.6,9.6,2,56,47.29
15,54,5.6,1.9,3,79,81.85
17,68,6.3,6.2,8,76,88.37
12,98,8.6,3.9,5,61,88.02
11,80,7.7,6.1,1,70,67.08
10,55,6.1,1.5,3,100,81.09
10,55,4,5.9,4,81,71.62
14,94,5.3,2.1,4,68,87.62
12,87,8,7.2,9,78,94.1
8,89,6.5,7.3,9,36,64.16
12,41,6.6,1,6,55,71.24
17,58,5.7,4.1,10,71,97.9
6,98,7,4.1,7,35,71.36
9,70,6.1,5.5,0,100,71.07
13,75,5.2,3.8,5,42,72.38
8,57,5.5,1.3,7,76,75.7
16,83,4.3,9.2,2,73,68.56
7,67,6.9,4.4,3,68,59.36
4,47,4.1,4.1,9,96,71.26
10,64,4.1,4.2,4,57,57.57
14,66,8.3,9.2,3,69,73.7
14,64,8.3,4.4,5,93,90.16
7,94,7.6,1.4,5,73,83.57
7,66,9,8.2,3,40,53.41
7,44,7.5,7.2,0,45,36.71
2,53,6.7,5.2,8,33,54.55
15,87,6.5,9.6,9,96,95.78
19,84,6,8,7,31,78.82
14,95,5.9,4.9,10,94,100
7,92,5,1.8,5,34,63.47
7,54,8.5,1.6,2,92,69.48
10,78,7.7,2,4,36,63.26
7,78,5.2,4.4,9,96,91.26
9,70,7.3,5.6,4,61,68.47
7,94,6.4,9.8,8,31,56.96
11,89,5.2,9.4,8,66,80.44
5,95,4.1,2.8,3,34,49.52
4,98,7.6,2.2,10,98,100
13,43,8.2,5.4,8,75,80.17
12,63,5.8,4.1,10,99,93.31
15,94,7.4,4.4,1,68,75.79
14,48,5.5,3,7,91,91.55
1,92,5.3,7.9,1,41,35.75
2,43,7.2,2.6,6,65,60.41
7,99,5.6,6.3,4,97,84.38
13,57,4.7,2.4,5,57,65.87
16,88,6.9,1.6,5,59,86.58
12,66,5.7,3,3,93,78.51
9,52,8.2,5.9,9,39,67.25
1,88,8.2,7.8,0,51,42.95
1,98,8,8.2,7,89,76.91
1,64,8.8,9.9,2,77,55.4
12,88,6.4,5.3,4,44,63.95
17,59,6.5,2.6,7,52,87.6
16,56,7.8,10,2,39,63.14
20,56,4.3,7.7,4,90,86.94
19,94,8.8,1.8,6,91,100
3,80,6.1,9.8,9,94,80.96
19,78,7.2,6.7,6,60,89.42
5,68,8.4,3.8,4,74,70.92
12,40,7,3.2,3,55,66.5
20,99,6.6,1.4,8,50,100
6,98,7,4.2,2,93,74.01
20,68,7.1,3.1,4,69,94.15
13,96,5,6.9,6,63,80.77
19,67,8.3,6.1,3,42,67.51
3,100,7.9,2.1,2,39,62.62
17,45,5.8,7.8,5,99,86.9
6,52,6.1,9.8,8,97,74.86
2,72,7.3,9.8,3,48,42.61
12,46,4.4,6.9,5,51,55.35
9,76,7.4,3.6,7,32,62.49
16,65,6.7,1.9,1,57,75.36
9,70,4.3,5.3,0,95,64.05
3,57,4.9,3,5,86,72.43
11,83,5.4,8.5,5,45,70.22
15,88,8.7,7.8,3,30,60.55
11,84,8.9,8.6,7,80,85.41
17,45,8.8,4.3,9,39,77.46
12,61,7.2,9.4,7,48,70.49
13,56,4.8,7.9,6,36,63.65
16,95,4.5,9.4,2,52,72.74
5,78,8.8,8.2,4,72,63.37
4,76,6,8.3,1,79,55.08
10,96,8.1,5.9,0,72,68.84
1,41,6.6,7.5,8,31,44.15
20,57,7.8,1.2,7,80,100
20,77,4.2,6.7,7,99,100
14,61,7.7,7.3,3,42,56.85
16,41,8.9,7,8,88,90.96
3,61,6.2,3.3,9,45,60.76
16,44,6.1,3.9,7,36,70.33
17,97,6.2,5.4,8,98,100
14,75,4.9,2.8,8,77,86.98
17,63,6.3,3.7,0,38,64.75
11,100,8.6,9.4,1,77,80.7
13,72,7.9,6,1,43,60.9
3,45,5.9,8.1,7,98,69.21
9,72,8.9,6,5,44,67.15
20,97,6,4.7,5,88,100
13,76,5.6,1.2,3,42,73.27
7,88,7.7,9.7,10,79,86.36
20,81,7.9,4.4,9,74,100
8,92,8.5,6.7,5,89,79.36
4,67,6.7,3.6,1,48,44.61
9,96,7.2,1.6,3,96,92.66
18,79,7.4,2.7,3,98,94.11
10,86,6.3,9.5,0,65,54.59
13,95,7.5,2.7,6,48,86.8
6,49,5.7,9.5,5,55,50.9
6,47,8.3,7.5,8,76,67.6
15,48,6.2,2.2,0,85,72.5
12,57,8.4,6.8,5,93,80.3
1,55,6.3,7,7,62,54.5
2,100,6.5,7.3,3,30,49.72
18,92,4.7,3.3,1,86,94.02
2,57,8.7,7.2,7,49,56.5
5,68,7.6,7.9,9,38,59.87
7,68,7.5,5.7,0,34,41.63
15,49,4,7.2,8,98,89.83
6,53,6.9,6.1,7,30,55.03
15,70,4.2,1.6,10,51,90.56
10,83,4.9,3.4,3,41,55.76
5,79,6.9,8.3,1,32,46.97
13,70,7.3,3.4,0,34,57.02
11,92,7.9,7.6,2,93,77.27
19,72,5.1,7.2,8,45,86.35
2,55,7.9,2.7,7,43,53.75
18,90,6.8,3,0,72,86.42
10,62,4.1,8.8,8,46,67.71
12,83,8.4,5.9,6,96,92.96
18,46,7,5.4,8,100,100
10,66,7.3,3.3,2,51,58.04
18,65,8.9,3.3,5,31,71.66
9,69,4.5,7.3,7,67,66.71
12,92,8.1,5.9,4,36,73.63
14,67,8,9.2,4,74,70.86
3,67,7.3,8.3,2,64,54.16
4,93,6.8,1.9,6,36,62.59
6,87,4.5,6.3,6,50,61.95
6,45,5.9,3.4,2,32,37.01
13,52,4.3,3.8,0,46,49.63
7,51,6.9,7.7,4,30,46.6
14,94,6.7,4.5,2,80,87.38
16,51,7.8,8.1,7,47,75.86
7,44,6.6,6,7,34,51.63
2,59,5.3,2.3,3,86,60.19
10,86,5.8,1.7,9,39,79.16
16,52,5.4,2.3,10,39,75.83
3,46,5.4,5.2,8,39,54.84
14,82,5.9,3.8,2,31,61.52
7,73,8.1,8.6,4,52,59.02
8,86,5.3,3.7,0,83,71.37
10,82,7.3,2.2,2,70,76.8
4,66,7.6,3.6,0,65,58.22
19,63,8.1,3.4,4,58,84.22
12,67,5.5,9.2,3,91,70.1
17,42,8.2,2.3,0,79,71.63
12,99,8.7,4.2,9,91,100
20,69,5.6,4.6,5,83,90.93
14,71,5.9,9.4,4,41,58.27
17,46,6,6.3,4,31,55.65
10,89,4.7,2,4,75,76.09
5,95,7.4,7.5,4,47,55.67
13,46,4.1,3.6,8,54,69.3
20,42,8.2,4,8,42,83.91
18,52,6.1,1.7,4,81,87.8
11,78,7.3,5.8,3,91,80.91
7,79,6.3,7.8,0,71,57.92
18,53,7.8,1.8,8,36,79.79
2,97,7,1.5,3,71,66.42
12,47,5,4.9,4,34,48.76
20,96,5.5,9.7,2,35,71.28
18,61,6.9,1,3,42,68.67
4,63,5.7,6.2,9,77,73.84
6,98,5.3,6.5,7,44,65.56
11,60,8.5,3,0,45,57.25
4,81,6.4,1,2,100,71.86
8,49,7.5,2.8,3,80,63.9
10,57,8.9,7.3,9,45,70.07
5,92,4.4,4.8,1,69,64.79
18,47,8.4,1.9,4,82,89.17
6,64,4.6,5.4,7,31,49
12,53,6.7,7.9,4,74,64.29
7,63,5.6,6.3,6,89,72.15
7,82,4.5,2.1,1,53,55.42
9,85,7.3,4.4,6,46,74.65
4,52,8.6,8.2,2,40,39.54
19,57,8.8,3.3,6,30,70.13
10,66,7.6,7.3,0,73,65.14
18,57,7,3.5,7,77,88.99
7,67,8.5,1.3,4,96,78.66
7,94,7.4,4.3,3,61,75.01
20,57,4.3,5,1,94,78.56
1,68,7.3,4.5,8,48,57.59
11,56,6.6,3.1,6,78,74.78
7,97,9,4.1,8,92,97.17
11,40,6.4,2.9,9,37,65.65
5,76,5.3,7.1,8,70,70
8,64,6.1,5,1,57,58.4
13,87,4.9,5.7,3,56,70.97
15,61,5.5,1.2,10,40,77.33
10,52,8.2,4.2,3,59,64.68
6,97,6.2,2.5,2,98,86.43
4,89,5.8,4.8,9,78,75.57
2,51,6.8,5.2,4,88,62.29
1,64,5.4,1.7,3,73,58.07
6,79,8.2,8.1,4,66,70.85
8,96,5.6,1.4,8,96,95.07
19,55,7,3,9,79,93.37
5,95,6.1,5.9,2,59,62.11
20,48,6.9,5.2,8,90,96.02
9,91,5.8,7.4,0,54,59.38
18,66,6.5,8.4,5,53,74.8
20,96,5.6,5.6,10,52,99.19
14,58,5.6,9.2,8,46,68.55
4,76,7.7,4.1,1,45,51.82
19,56,4.6,7.5,6,68,78.64
15,70,4.8,1.9,8,94,100
10,42,7.7,2,4,87,79.69
1,75,4.9,2.8,10,78,71.85
5,62,6.6,5.9,10,96,82.52
9,98,7.7,9.6,1,94,81.59
9,63,5.6,9.4,2,99,74.97
20,76,5.9,2.5,10,91,100
10,91,6.2,4.4,6,59,76.29
4,94,6.5,8.1,7,33,55.44
2,85,4.8,8.8,1,50,41.76
13,90,6.5,2,2,30,69.33
8,94,8.9,5.6,3,86,87.42
20,82,5.7,6.6,10,85,100
9,63,4.7,1.3,5,94,82.99
6,54,8.1,4.3,1,95,71.76
11,89,8.7,2.4,2,49,72.13
16,90,4.2,4.3,9,100,100
18,91,5.6,3.8,4,47,76.16
2,60,5.5,9.8,7,52,55.08
19,47,4.9,5.5,10,81,94.41
8,81,5.8,8.8,3,88,66.55
14,87,5.1,2.9,0,39,60.86
20,95,7.7,9.7,5,91,100
7,48,7,4.4,1,80,64.94
5,44,8.4,7.2,10,90,76.62
18,87,5.9,5.5,7,36,76.97
1,53,6.1,3.2,8,84,72.08
2,48,5.9,5.6,1,88,51.88
17,56,8.5,1.2,3,38,70.68
18,66,5.7,3.9,2,94,88.61
16,64,7.7,5,7,64,89.88
2,40,5.2,3.6,0,77,50.83
18,51,8,5.1,3,77,76.71
3,77,6.9,7,9,86,76.33
1,94,8.8,1.2,7,36,63.29
9,43,8,7.2,10,39,65.93
11,54,8,9.7,1,42,46.8
11,80,5.7,8.5,4,33,60.33
15,75,8,7.5,0,44,59.29
3,47,5.1,1.3,8,59,63.4
7,47,4.4,4.9,9,71,72.46
4,62,8,2.3,3,63,58.53
2,93,8.1,6.1,0,91,69.69
7,71,8.3,7.9,6,89,73.26
18,96,4.3,7.9,6,36,81.01
2,85,6.1,1.3,1,41,49.35
6,75,7.7,1.2,1,67,67.49
2,69,7.1,3.5,8,54,62.33
4,69,5,2.3,4,85,65.06
12,50,4.8,6.9,1,38,43.74
9,45,5.5,6,1,47,45.33
18,76,4.7,8.4,5,99,96.19
11,100,7.2,5.2,8,56,89.13
20,66,7.9,5.9,6,33,79.07
14,98,9,3.4,6,95,100
9,68,4.3,6.5,3,40,53.19
16,76,7.3,4.9,9,43,80.03
8,78,7.7,8.8,10,62,80.14
1,69,7.3,6,5,88,72
17,56,5.3,6.9,0,51,63.07
8,43,6.4,8.9,1,69,53.2
11,98,7.4,6.9,10,49,85.25
1,93,4.4,1.7,3,86,68.23
20,44,4.2,1.7,8,99,96.71
8,70,6.6,2,0,66,61.33
17,81,7.2,3.5,4,62,82.28
8,89,9,7.1,5,81,80.99
3,92,8.6,1.6,10,72,81.93
3,40,6.8,4.3,10,46,57.58
17,80,8.7,1.6,5,75,90.4
14,51,7.4,8.8,0,30,46.23
17,74,7.7,6.9,7,83,92.52
4,59,5.2,9.1,2,50,38.44
12,60,8.7,4.9,9,54,74.88
9,76,5.2,3.6,8,39,71.01
16,52,4.7,4.7,1,35,50.98
16,68,5.2,1.9,2,70,80.02
7,90,6.3,6.9,9,58,73.16
18,60,4.6,9.9,10,38,76.33
19,57,4.2,1.2,4,85,93.84
16,48,5.1,5.1,9,96,95.66
3,46,6.6,5.5,1,36,34.29
2,60,7.3,7.9,5,70,58.28
15,89,4.2,2.3,3,86,93.4
14,77,7.6,4.7,3,46,73.75
9,77,6,1.3,7,30,62.16
16,53,8.8,8.2,2,56,67.01
12,69,4.6,2.4,6,85,81.73
13,83,8.5,5.7,2,91,82.3
6,73,6.8,1.5,4,51,61.87
11,87,7.4,3.6,0,81,81.9
17,76,5.7,5.6,9,60,95.35
3,79,4.4,8.5,3,54,52.04
9,59,4.6,5.3,5,56,59.47
18,89,5.7,3.3,5,31,73.59
14,50,5.3,8.7,4,67,72.72
4,65,8.7,1.8,10,79,87.71
10,93,4.5,1.5,0,58,61.98
19,41,5.3,8.5,7,64,81.18
4,48,7.7,1.4,10,80,74.1
17,41,7.5,5.8,5,83,84.27
1,88,4.7,6,9,42,61.27
2,72,8.4,5.5,7,48,57.49
2,70,5.6,1.2,8,86,82.48
5,49,5.9,6.4,6,86,64.74
20,60,8.4,5.7,6,37,72.45
11,85,4.2,5.8,8,71,86.1
19,44,7.6,7.2,5,38,66.86
16,90,8.2,2.5,1,48,74.53
20,94,5.6,4.7,7,45,89.08
16,43,7.3,4.9,3,90,76.89
1,44,7.9,3.3,10,70,73.97
15,45,5.2,2.2,5,100,83.89
19,85,6,3.3,1,59,73.67
2,59,7.4,9.6,6,48,55.17
13,76,4.6,4,10,60,80.11
18,90,8.8,9.4,7,78,93.24
10,40,5.4,4.9,1,33,46.05
2,67,8.8,9.2,1,74,55.83
3,90,5.9,5.8,3,49,55.37
18,67,5.6,10,6,44,68.86
1,82,4.4,1.6,7,76,75.98
8,92,6.3,7.8,3,79,74.71
6,61,4.3,2.5,10,79,85.01
17,78,7.4,2.2,1,71,86.05
6,44,4.8,8.1,10,60,67.14
7,74,6.3,1.2,10,79,83.43
8,81,4.8,9.4,8,86,81.83
12,100,6.3,5.2,7,77,90.79
10,81,4.5,6,4,77,69.9
16,48,8.8,4,4,30,59.68
13,56,6.9,7.2,3,60,70.47
19,72,8.3,9.8,5,76,83.93
5,92,5.9,3.6,9,62,82.29
6,72,5.7,8.8,1,63,47.53
8,88,6,2.8,5,70,77.73
14,94,4.5,2.9,3,57,70.53
14,46,8,6.7,3,43,54.13
8,71,4.7,2.9,6,90,84.29
20,43,6.6,7.7,1,57,68.87
12,86,7.2,7.7,2,39,64.2
3,46,6.6,1.3,9,100,79.01
2,72,6.4,6.1,3,56,46.14
3,52,6.6,6.8,1,84,58.28
1,50,4.1,7.8,8,49,49.06
14,82,8.6,7.6,10,45,84.77
9,55,5,3.9,10,96,88.81
18,55,8.4,4.3,8,31,74.88
18,73,9,5.1,10,85,100
15,66,6.8,6.1,2,65,68.86
9,57,4.8,2.8,5,97,83.18
13,57,6.6,1.3,9,53,83.61
16,41,8.4,6.2,7,77,81.4
5,90,8.1,2.4,10,63,85.17
18,42,4.5,5.2,8,100,98.61
7,92,6,6.8,9,43,68.93
20,65,5.8,5.6,6,97,100
4,57,4.3,3.2,4,98,74.41
11,57,5.6,4.8,9,54,75.89
6,98,6.1,3,5,86,77.92
3,44,8.6,4.2,9,78,71.52
3,100,7.5,3.8,6,79,77.98
9,99,6.9,5.7,9,74,89.88
2,70,4.2,2,4,31,50.01
6,82,5.1,6.8,9,83,75.96
12,73,5.7,4.2,2,76,67.96
10,58,5.1,1.2,4,98,82.59
10,74,7.3,7.4,6,38,63.66
16,58,5.6,7.7,7,81,85.6
5,67,7.3,8.2,9,31,58.63
17,77,7.3,9.5,3,36,61.66
12,79,7.5,7.9,7,89,87.15
15,91,8.8,2.9,4,30,74.51
15,43,5.6,4,0,44,55.91
7,53,5,9.8,4,59,55.31
16,86,4.7,7.2,4,84,88.69
4,72,8.9,4.2,4,32,55.24
13,97,4.6,7.1,1,72,76.11
11,95,4.8,2.9,2,56,74.95
2,68,7.5,8.1,10,73,71.74
17,84,6.7,4.8,0,77,84.61
5,41,7.7,1.8,8,83,74.7
17,51,6.3,4.6,4,35,58.96
17,74,4.5,6.1,7,62,78.8
3,92,6.5,8.8,7,40,59.66
4,89,5,2,4,97,75.88
18,75,7.8,5.2,3,64,78.63
20,56,6.2,4.3,1,98,92.11
17,65,7.2,7.8,5,65,79.26
8,93,6.3,4,1,69,72.62
15,51,6.2,9.5,7,55,66.08
20,74,4.1,1.7,3,54,79.01
17,46,7.4,7.5,5,75,76.62
6,93,5.1,3.2,10,87,91.4
1,57,7.4,3.3,5,99,72.33
14,45,5.1,3.4,2,61,62.18
2,65,5.2,9,7,87,64.54
11,100,5.3,9.9,4,34,64.47
10,49,4.3,1,10,92,91.3
17,73,5.7,4.7,0,38,63.24
13,85,6.1,6.9,6,86,89.64
19,76,7.7,5.4,8,54,89.2
2,95,7.9,8.7,7,96,82.5
19,71,7.7,9.4,9,53,90.85
16,82,8.5,6.2,3,61,79.74
1,46,8.5,2.7,2,65,44.97
7,45,7,8.1,2,78,54.78
13,70,5.4,3.3,5,82,86.27
7,86,7.6,2.6,10,72,83.59
10,81,5.9,7.6,8,66,78.74
18,93,8.2,1.1,5,72,95.93
10,51,4,2.1,9,49,66.54
8,82,6.3,9.8,4,52,64.07
10,52,7.4,6.9,0,45,44.93
15,95,8.6,6.9,9,50,89.9
10,92,4.2,7.6,9,81,88.92
14,60,6.5,5.8,5,59,74.13
11,93,8.7,2.6,2,31,64.21
3,92,8.3,8.2,10,99,92.46
2,61,5.9,2.6,2,49,43.96
2,54,4.8,9.3,1,60,42.54
